id,status_group
3851,functional
23411,non functional
3418,non functional
42352,non functional
16447,functional
74066,functional
7833,non functional
24879,non functional
32737,non functional
14402,functional
60260,non functional
3879,non functional
19419,non functional
17724,functional
35907,functional
45546,functional
64025,functional
72978,non functional
18239,functional
45468,functional
34777,non functional
36091,functional
66667,functional
33762,non functional
65587,non functional
54822,non functional
69668,functional
17450,functional needs repair
7871,functional
22879,functional
20281,functional
67882,non functional
7901,functional
34487,non functional
22013,functional
33299,functional
21607,functional
42733,non functional
53093,functional needs repair
38017,functional
15526,non functional
67829,non functional
66473,functional
64483,functional needs repair
48301,non functional
63835,functional
61526,non functional
32712,functional
35198,functional
43166,non functional
1659,functional
4288,non functional
54898,functional
9152,functional
49993,non functional
33258,functional
22531,non functional
43605,non functional
4259,functional
10000,non functional
40523,functional
8444,functional
51918,functional
47252,non functional
47927,non functional
68451,functional
34230,non functional
66768,functional
52740,functional needs repair
25374,functional
22724,functional
70290,non functional
42954,functional
67443,functional needs repair
12714,non functional
59101,non functional
3436,non functional
1091,non functional
61595,functional
37200,functional
55634,functional
7076,functional
58463,functional
54812,non functional
28291,non functional
12942,functional
4368,functional
22281,functional
3902,functional needs repair
11699,functional
58801,functional
62390,functional needs repair
60434,functional needs repair
18814,non functional
21421,functional
70860,non functional
50625,functional
34030,functional
18331,functional needs repair
31069,non functional
61477,functional
73898,functional needs repair
48825,non functional
33828,non functional
540,non functional
40508,functional needs repair
11683,functional
37886,non functional
32915,functional
31800,functional
29723,functional
32888,functional
51009,non functional
34657,non functional
48722,functional needs repair
22560,functional
879,non functional
2417,functional
53942,functional needs repair
68592,functional
29263,non functional
3228,functional
9874,functional
38751,non functional
20216,functional
9286,non functional
73372,functional needs repair
38479,functional
40014,functional
10264,functional
41140,functional
14123,functional needs repair
16772,non functional
73769,functional needs repair
61093,functional
9006,functional
903,non functional
12354,non functional
30550,functional
71163,functional
26626,functional
55814,non functional
4795,non functional
55101,functional
36776,non functional
4720,non functional
2592,functional
14139,non functional
46703,non functional
40846,functional
18,functional
25510,functional needs repair
33522,non functional
72036,non functional
5049,functional needs repair
41187,non functional
31907,functional
27521,functional
61019,functional
72954,functional
46714,non functional
36519,functional needs repair
8457,functional
1229,functional
33999,functional needs repair
72404,non functional
54299,functional
66305,functional
20426,non functional
5342,non functional
39095,non functional
5233,functional
3437,non functional
8967,non functional
7168,functional
51066,functional
61288,functional
73814,non functional
46678,non functional
49534,non functional
66638,non functional
11802,functional
32622,functional needs repair
38536,functional
13050,non functional
9804,functional needs repair
19281,functional
9193,functional
58858,functional
27312,non functional
45940,non functional
47064,functional
27325,functional
13034,non functional
44987,non functional
19212,functional
39642,non functional
43227,non functional
45714,non functional
56299,non functional
40767,functional
17730,functional
2350,functional
68702,functional needs repair
8522,functional needs repair
16668,non functional
73115,non functional
33682,non functional
62416,non functional
17599,functional
12299,functional
72468,functional
18432,functional
38813,functional
11490,non functional
20843,functional
8674,functional
4647,functional
10336,functional
63854,non functional
43288,functional
16995,non functional
26420,functional
29387,non functional
17530,functional
38873,functional
24018,non functional
5100,functional
18452,non functional
36379,non functional
51622,functional
63860,functional
42534,functional
27590,functional
18072,non functional
15873,functional
24520,functional
1848,functional
51669,functional
41274,non functional
59829,functional
27891,functional
20903,functional
456,functional
68646,non functional
67010,functional
21344,non functional
9226,functional
1107,functional
12389,functional
55902,functional
68828,non functional
65282,functional needs repair
18086,functional needs repair
52741,non functional
44058,functional
12004,non functional
30897,non functional
51740,non functional
310,non functional
23115,functional
32870,functional needs repair
68220,non functional
60879,functional needs repair
10690,functional
37708,non functional
26989,functional needs repair
51851,non functional
52305,non functional
3445,non functional
48615,non functional
22870,non functional
43125,functional
12134,functional
40946,non functional
52553,non functional
38387,non functional
15254,non functional
41209,functional
32494,functional
55990,non functional
71026,non functional
3159,functional
13605,functional
42469,functional
43233,functional
16669,functional
56442,functional
9072,functional
2678,functional
42039,functional
27450,functional
8469,functional
71296,functional needs repair
48011,functional
40139,functional needs repair
56325,functional
5556,functional
71855,non functional
1442,functional
39511,non functional
8757,functional
9401,functional
34191,non functional
70223,functional
45913,functional
48232,functional
2293,non functional
57409,functional
70603,functional
8130,non functional
39825,non functional
34520,functional
8097,functional
56327,functional
30899,functional needs repair
35880,functional
41050,non functional
56087,non functional
33480,functional needs repair
10456,non functional
16042,functional
55960,non functional
9778,functional
36931,functional
36394,non functional
54178,non functional
12593,functional
31366,non functional
34167,functional
70207,non functional
41741,non functional
49477,non functional
59068,functional
22813,functional
19957,non functional
44956,functional
66179,non functional
65584,functional
27516,non functional
54827,non functional
34270,non functional
52782,functional
33966,non functional
18709,non functional
24270,functional
3101,functional
19646,functional
6425,functional
51792,functional
40877,non functional
43868,non functional
67808,functional
44861,functional
32251,functional
2061,non functional
46475,functional
14075,functional
55502,functional
6741,non functional
39623,non functional
11236,functional
42428,non functional
8855,functional
14429,functional
26691,non functional
36427,functional
6818,non functional
4273,functional
37247,non functional
34173,non functional
71839,non functional
52549,non functional
30200,functional
25277,functional needs repair
33292,non functional
7071,functional
31442,functional needs repair
59669,non functional
72546,non functional
5781,non functional
30499,functional
3725,functional
24861,functional
40025,non functional
38070,non functional
20759,functional
21539,functional
63921,functional
51426,non functional
56288,functional
15223,non functional
49496,functional
39717,functional
13821,functional
335,non functional
14904,functional
72618,functional
55610,functional
62126,functional
60626,functional
5761,functional
32526,non functional
32060,functional
73334,non functional
52541,functional
55432,functional needs repair
13023,functional
30605,non functional
55864,non functional
36557,functional needs repair
6354,functional
68522,functional
56486,functional
22060,non functional
43889,functional
41443,functional needs repair
1311,non functional
28804,non functional
50222,functional
50207,functional
61960,non functional
11689,functional
23429,functional
45404,functional
74177,functional
64792,functional
16896,non functional
73992,functional needs repair
60464,functional
59360,functional
52605,functional needs repair
2776,non functional
58972,non functional
36114,non functional
48769,functional
34715,non functional
22690,functional
52234,non functional
72324,non functional
58174,functional
43874,non functional
7618,functional
37764,functional
39938,functional
33297,functional
65917,functional
391,functional
41733,functional
70355,functional
73974,functional
7847,non functional
5146,non functional
31504,non functional
7754,non functional
52482,non functional
19416,functional needs repair
14461,non functional
16830,non functional
13581,non functional
37860,functional
36794,functional
63268,functional
8311,non functional
47178,functional
25882,functional
16947,functional
40704,non functional
69922,non functional
9000,functional
25857,functional
16388,functional
58707,non functional
29196,non functional
29183,functional
38165,functional
43433,functional
56847,non functional
37686,non functional
63782,non functional
26040,functional
46777,functional
60421,functional
12922,functional
6381,non functional
68803,non functional
71521,functional
18693,non functional
4651,non functional
44323,functional needs repair
46802,non functional
66865,non functional
11875,non functional
29721,non functional
21221,functional
41542,non functional
71539,non functional
52326,non functional
72442,non functional
14231,non functional
20367,non functional
3136,functional
22735,non functional
13068,functional
57104,non functional
21582,functional
70800,functional
2980,functional needs repair
43770,functional
43389,non functional
27635,functional
44587,non functional
41937,non functional
58844,functional
67800,functional
34027,non functional
61601,functional
60007,non functional
23360,functional
65779,functional
43258,non functional
3248,functional
25197,functional
71070,non functional
30008,non functional
3097,non functional
44896,functional
62412,functional
54083,functional
57406,non functional
21289,functional
65896,functional
48159,functional
14045,functional
6892,functional
72691,non functional
3844,non functional
62538,non functional
55089,functional needs repair
33889,functional
55481,functional
37046,functional
23121,non functional
57138,functional
53134,functional
61342,functional
34458,functional
53587,functional needs repair
22256,functional
21048,non functional
33252,non functional
17451,functional
17205,functional
9279,non functional
58586,functional needs repair
7517,functional
72577,functional needs repair
44677,non functional
38967,functional
11881,non functional
28719,non functional
46141,non functional
70075,non functional
45851,functional
30393,functional needs repair
21104,non functional
1631,non functional
51684,non functional
51789,non functional
29243,non functional
25282,functional
65450,non functional
61566,functional
40181,functional
17482,non functional
11288,functional
5363,functional
24389,non functional
19,functional
67261,non functional
28173,non functional
55919,functional
1415,non functional
15091,non functional
4897,functional
11160,functional
36278,non functional
20582,functional needs repair
46448,non functional
61453,functional
70486,non functional
17552,functional
20638,non functional
48300,functional
51493,non functional
33557,non functional
17024,non functional
58082,functional
56286,non functional
36808,functional needs repair
2315,functional
57435,functional
38374,functional
54741,non functional
23639,non functional
10380,functional
13407,functional needs repair
16201,functional
11643,functional
67089,functional
31895,non functional
32878,functional
2136,functional
8099,functional needs repair
8501,non functional
7431,functional
49946,non functional
49516,non functional
35366,non functional
19135,non functional
1157,non functional
56887,non functional
4854,functional
2712,non functional
905,functional
67619,functional
57805,functional
60786,functional
29139,non functional
38266,functional
34047,functional
39988,functional
3739,functional
23723,non functional
62452,non functional
66435,non functional
15336,functional needs repair
43119,non functional
13421,functional
9029,functional
27622,non functional
41968,functional
68148,functional
16335,functional
57144,non functional
65848,non functional
47002,non functional
36396,functional
69147,functional
13662,non functional
41670,functional
25222,functional
32429,functional
65523,functional
49757,non functional
67422,functional needs repair
10942,non functional
60338,functional
23953,functional
74115,non functional
32143,non functional
9274,functional needs repair
64951,functional
38707,non functional
58750,functional
58009,functional
43986,non functional
49226,non functional
36974,functional
40889,functional
10274,functional
71862,non functional
6017,non functional
60833,functional
55300,non functional
41664,functional
30751,functional
44446,functional
66905,functional
63799,non functional
60892,functional
72169,non functional
64246,functional
70816,non functional
48805,non functional
31561,functional
48964,functional
50964,non functional
3707,functional
9780,functional needs repair
68936,non functional
42972,non functional
2545,non functional
67000,functional
43922,non functional
69544,non functional
13501,non functional
57159,functional
61733,functional needs repair
19968,functional
62733,functional
17330,non functional
53173,functional
25743,functional
36229,non functional
39964,non functional
14306,non functional
25268,non functional
45724,non functional
68887,functional needs repair
26916,functional
2415,functional needs repair
27063,non functional
18926,functional
59273,non functional
32726,non functional
3031,functional
17226,non functional
11606,functional
45837,non functional
72642,functional
8488,functional
62739,functional
18923,functional
53316,functional needs repair
29247,functional
42984,non functional
55383,non functional
71739,functional
20516,non functional
24084,non functional
67298,functional needs repair
37091,non functional
23044,functional
25346,functional
37634,functional
61398,non functional
6939,functional
17363,functional
34805,functional
70025,non functional
32287,non functional
43218,functional
71132,functional
2302,functional
186,functional
184,functional
43224,functional
306,non functional
36392,non functional
3960,functional
37027,functional
19764,functional
70900,functional
62615,functional
5298,non functional
38495,functional
35276,non functional
68386,non functional
17707,functional
13370,functional
37889,functional
51007,non functional
7663,non functional
73760,functional
2074,non functional
45155,non functional
28836,functional needs repair
51793,functional
11804,functional
71917,functional
60692,non functional
67429,functional needs repair
7854,functional
64460,functional
69314,functional
16576,non functional
609,non functional
54049,functional
57224,functional
72082,non functional
62243,functional
20618,functional
63821,non functional
53239,functional
21043,functional
59650,non functional
44089,functional
13979,functional
12815,functional needs repair
44729,non functional
45688,non functional
12306,functional
65432,functional
42793,functional needs repair
28454,non functional
49219,functional
60135,functional
58366,non functional
8927,non functional
23038,functional
30827,non functional
40358,functional
35621,functional
45886,non functional
33433,functional
36424,functional
28713,non functional
11299,non functional
25267,non functional
13827,functional
5963,functional
55764,functional
18387,non functional
3676,non functional
4287,functional
13593,functional
36016,non functional
61083,functional
44028,functional
66495,non functional
10749,functional
17815,functional
37365,functional
51420,functional
8473,functional
27471,functional
24636,functional needs repair
46277,functional
58615,functional
52678,non functional
49967,functional
44703,functional
11010,functional
45907,functional needs repair
69391,non functional
33736,non functional
33649,functional
51675,non functional
15228,functional
36633,functional
45566,non functional
6422,functional
69478,non functional
37334,non functional
47973,non functional
26900,functional
35162,functional
19251,functional
39680,functional
73696,functional
23030,functional
54005,functional
40728,non functional
47401,functional
62553,non functional
39587,non functional
25911,non functional
13608,functional
4098,non functional
17508,functional
9245,non functional
60340,functional
32810,non functional
66928,non functional
26242,functional
71709,functional
65304,functional
70234,functional
43935,non functional
58552,functional
36069,non functional
12345,functional needs repair
46199,non functional
28658,functional
4145,functional
2274,functional
19014,non functional
52322,functional
8005,functional
9375,functional
41835,non functional
20100,non functional
18889,functional
47865,non functional
54515,functional
54273,non functional
65179,non functional
38758,functional
49274,functional
469,functional
9496,non functional
25721,functional
69793,non functional
59289,non functional
28868,non functional
72080,non functional
49618,functional
26233,functional
43836,functional
10229,functional
64716,non functional
73552,non functional
33758,functional
59006,non functional
60372,non functional
37164,non functional
62711,functional
18635,non functional
63832,non functional
73584,non functional
43028,non functional
40586,functional
52183,non functional
1571,functional
42822,non functional
4514,functional
40650,functional needs repair
39361,non functional
8356,functional
41406,functional
29466,non functional
44928,functional
65639,non functional
56233,non functional
9454,functional
46778,functional
60689,functional
3508,functional needs repair
30645,non functional
7809,functional needs repair
26235,non functional
65138,functional
46251,functional
54400,non functional
62476,functional
69612,functional
58000,functional
65783,functional
68380,non functional
47456,non functional
55162,functional
43531,non functional
9049,functional
56789,non functional
50550,functional
33420,functional
37381,non functional
45103,functional
22570,non functional
50985,functional
4592,non functional
22222,functional needs repair
10485,functional
30062,functional
29899,functional
73717,non functional
4842,functional
1780,functional
28881,functional
19482,non functional
28018,non functional
56868,functional
65849,non functional
43036,non functional
25506,non functional
50566,non functional
13568,functional
12174,non functional
58227,functional needs repair
73130,functional needs repair
15791,non functional
63655,non functional
54864,non functional
60344,functional needs repair
30273,functional
3963,functional
5955,functional
57763,functional
989,functional needs repair
24889,non functional
73827,non functional
67231,non functional
35858,functional
32229,non functional
10318,non functional
34706,non functional
18012,functional
57089,non functional
54568,functional
57976,functional
22846,non functional
44552,functional
7341,functional
59405,functional
3874,functional
51532,non functional
68717,non functional
41244,functional
61183,functional
39034,functional
3533,functional
58999,functional
73928,functional
57903,functional
37523,non functional
69512,functional needs repair
40296,non functional
24664,functional
44030,non functional
2348,non functional
53130,functional
30500,functional
13223,functional
13626,functional
10629,functional
1303,functional
55160,functional
23620,functional
64930,non functional
25258,functional
35241,functional
48362,non functional
37945,functional
6344,non functional
34251,non functional
27672,functional
31399,non functional
67386,functional
27338,functional
44829,functional
63011,functional
11870,functional
19231,non functional
5860,non functional
60581,non functional
45018,non functional
26937,non functional
70700,non functional
39803,functional
45556,functional
48313,functional
60004,functional
61617,functional
72601,non functional
60710,non functional
26417,functional
2343,functional needs repair
61816,non functional
21026,non functional
236,functional
30914,non functional
68143,non functional
40558,functional
38051,functional needs repair
62241,functional needs repair
13792,functional
38319,non functional
1269,non functional
32917,functional
49621,non functional
8435,non functional
59475,functional
5295,non functional
38321,functional
30310,functional
68084,non functional
12037,functional
44824,non functional
25987,functional
63932,non functional
45560,non functional
70046,non functional
43309,functional
72368,functional
74055,functional needs repair
37666,non functional
22186,non functional
64260,non functional
24060,functional
55043,functional
25619,functional
56641,functional
69243,functional
45119,functional
33145,non functional
56908,non functional
57517,functional
69028,non functional
58236,non functional
68932,non functional
72074,functional
8018,functional
46650,non functional
65383,non functional
19730,non functional
54686,non functional
60485,functional
15976,functional needs repair
25290,functional
23334,functional
67621,functional
22374,functional
36669,functional
17999,functional
11458,functional
39375,functional
23803,functional needs repair
12491,non functional
43796,non functional
14767,functional
42216,non functional
35855,functional
11448,functional
2861,functional
11665,non functional
10057,non functional
60062,non functional
50049,functional
20880,functional
66518,functional
1475,non functional
19919,functional
9306,non functional
4774,functional
47177,functional
11808,functional
55398,functional
9076,non functional
26288,functional
41772,functional
45966,functional
74022,functional
53437,functional
8536,functional
17,functional
33049,functional
45290,non functional
56089,functional needs repair
43632,non functional
22959,functional
41709,functional
7977,non functional
48819,non functional
40804,functional
33559,functional
33331,functional
23961,non functional
68033,functional
32964,functional
51004,non functional
28973,non functional
64112,non functional
45571,non functional
49117,functional
32883,functional
67905,non functional
27847,functional needs repair
34919,functional
25319,functional
46562,non functional
52567,non functional
63819,non functional
45835,functional
73421,non functional
19469,non functional
45937,functional
27080,functional
35312,functional
48796,functional
34974,functional
60845,functional needs repair
72820,non functional
63154,functional
10985,functional
63933,functional
12031,functional
42626,non functional
28353,functional
30070,non functional
31228,functional
8720,functional
73143,functional
42971,functional
11309,functional
16750,functional needs repair
18776,non functional
12973,functional
62659,functional
71009,functional needs repair
18980,non functional
3843,functional
38983,functional needs repair
73816,functional
64337,non functional
25525,functional
70777,functional
35053,non functional
49616,functional
41073,non functional
502,non functional
14311,functional needs repair
22695,functional
28082,non functional
60371,non functional
5507,non functional
25651,non functional
60589,non functional
39273,non functional
51179,non functional
3164,non functional
27015,non functional
69032,non functional
20650,non functional
14350,non functional
41410,non functional
26768,non functional
18519,functional
30424,non functional
36739,functional
57632,non functional
1068,functional
9313,functional
51830,functional needs repair
29697,non functional
42933,non functional
48069,functional
34015,non functional
54343,functional
50187,non functional
30880,non functional
56475,functional needs repair
42119,non functional
20937,functional
56497,non functional
36590,functional
28746,functional
63058,functional
65134,functional
39799,functional
43033,non functional
63479,non functional
46989,non functional
26310,functional
52287,functional
28790,functional needs repair
29277,non functional
181,non functional
63554,functional
28062,functional
53812,non functional
49544,non functional
53905,functional
22591,functional
26910,non functional
33676,functional
67185,functional
30170,non functional
63660,non functional
7185,non functional
29155,functional
27173,functional
28598,functional
31955,non functional
45367,non functional
34667,functional
69354,functional
73100,functional
30784,functional
45901,functional
26538,non functional
37470,functional
70161,non functional
61203,non functional
25518,functional
14980,functional
42650,functional
70350,functional
23969,functional
34306,non functional
72087,functional
50434,functional
47617,non functional
66292,functional
65909,non functional
35501,functional needs repair
55203,non functional
58263,non functional
34295,functional
46761,functional
38756,non functional
2114,non functional
65747,non functional
45833,non functional
46940,functional
12428,non functional
62248,non functional
53064,non functional
59928,functional
70878,functional
1259,non functional
10211,functional
73929,non functional
34349,functional
56010,functional
13966,functional
70030,functional
57309,functional
2461,functional
51852,functional
52065,non functional
69320,functional
22890,functional
38022,non functional
56603,functional
65549,functional
20923,functional
65706,non functional
25870,functional
18958,functional
16101,non functional
27685,functional
27717,functional
10819,functional
20741,functional
28542,non functional
66389,functional
66827,functional
12398,functional
11527,non functional
43232,functional
25543,non functional
21424,non functional
59321,non functional
5010,non functional
5315,functional
29903,non functional
7523,functional needs repair
59886,functional
58287,functional needs repair
43324,functional needs repair
17793,non functional
20480,functional needs repair
37261,functional
71607,non functional
1779,functional
31099,functional needs repair
50282,functional
28372,functional
30807,non functional
37754,non functional
64040,non functional
52942,functional
68858,functional
25234,functional
55290,non functional
33555,functional
61810,functional
31832,non functional
66121,non functional
54955,functional
37694,functional
8643,functional
22682,non functional
60067,non functional
19601,non functional
29151,functional
33070,non functional
4987,functional
25777,functional
27592,functional
63020,functional needs repair
52941,functional
67876,functional needs repair
68446,functional
67282,non functional
3273,non functional
23643,non functional
46568,non functional
38154,functional needs repair
63172,functional
26501,functional
61864,functional
68483,non functional
72506,functional
10258,functional
34968,non functional
48303,non functional
54256,non functional
70821,non functional
59962,functional
10095,functional
46913,functional
38566,functional
42109,non functional
55840,non functional
58778,functional
14110,functional
72176,functional
11627,non functional
70307,non functional
36323,non functional
56400,non functional
56304,functional
31264,functional
41767,non functional
65051,functional needs repair
43688,functional
35092,functional
68006,functional
8848,non functional
46729,functional needs repair
11508,functional
9790,non functional
66356,functional needs repair
11603,non functional
70135,non functional
2153,functional
54753,non functional
48342,functional
57719,non functional
41436,non functional
69449,non functional
28851,functional
16515,functional
69065,functional
32165,functional
18221,functional
65172,non functional
31546,functional
33154,functional
21614,non functional
18085,functional
37901,functional
20193,functional
37037,functional
32844,non functional
63982,functional
15082,non functional
13573,non functional
56862,non functional
52269,functional
16984,non functional
35220,functional
25414,functional
4763,functional
24108,functional
34203,functional
55707,non functional
52094,functional
33089,functional
30319,non functional
13313,functional
51210,functional
15782,functional
30929,functional
13005,non functional
46559,non functional
58312,non functional
14806,functional
20484,functional
26539,non functional
43248,functional
60030,functional
71367,non functional
67256,functional
63594,functional
8694,functional
67872,functional
31803,non functional
70606,functional
35412,functional
13769,functional
20189,functional
58144,functional needs repair
3366,functional
47346,non functional
57259,functional
65047,functional
72748,functional
66522,non functional
29190,functional
58653,non functional
46745,non functional
26354,functional
72322,functional needs repair
30700,non functional
72489,functional
25280,functional
34301,functional
60259,functional
50917,non functional
15663,non functional
33064,functional
36660,non functional
69550,non functional
45486,non functional
25657,functional
4113,functional needs repair
26226,non functional
12736,non functional
35191,non functional
3929,functional
22610,functional
50211,non functional
36027,non functional
17751,non functional
71540,functional
38376,functional
45365,non functional
41905,functional
50158,functional needs repair
9012,functional
13006,non functional
59014,functional
64937,non functional
16323,functional
4214,functional
55224,functional
49490,functional
57657,functional
52192,functional
67608,functional
30019,functional
35524,non functional
22649,non functional
59779,functional
50779,non functional
48481,functional
65412,functional
68676,non functional
33942,non functional
51983,non functional
58468,functional
33929,functional
1089,functional
34253,functional
71745,functional
22670,functional
34626,non functional
56722,non functional
11660,non functional
43161,functional
57456,non functional
51220,functional
70477,functional
61111,non functional
61046,functional
3692,functional
72897,functional
3639,functional
55566,functional
18858,functional
63794,functional
14702,functional
17145,functional
21951,non functional
17775,non functional
36494,non functional
17692,non functional
34991,functional needs repair
23853,functional needs repair
18835,non functional
66023,functional
35151,functional
30438,functional needs repair
44527,functional
33994,functional
71619,functional
24028,functional
17744,functional
54478,non functional
12511,non functional
12393,non functional
34106,functional
17426,functional
14973,non functional
10292,non functional
25459,functional
24831,functional
53526,functional
53164,functional
8791,functional
1388,non functional
55551,non functional
16913,functional
19220,functional needs repair
62929,non functional
30296,non functional
56006,non functional
58513,functional
3454,functional
70334,functional
73189,non functional
17689,functional
36995,functional
10518,functional
66539,functional needs repair
29591,non functional
23992,functional
5635,functional
48188,non functional
37190,functional
4330,functional
53076,functional
61994,functional
34462,non functional
19473,functional
10543,functional
50061,functional needs repair
24818,functional
23892,non functional
2560,non functional
69417,non functional
47051,functional
58997,functional
58178,functional needs repair
73423,non functional
12081,functional
5283,functional
6503,non functional
64964,functional
51559,functional
18189,functional
3104,non functional
13670,functional needs repair
23608,non functional
52509,functional
9309,non functional
39977,functional
14302,non functional
34610,functional
24478,functional needs repair
6859,non functional
3514,functional
67124,non functional
55371,functional needs repair
61495,non functional
14830,functional
32568,functional
32662,non functional
32956,functional
57921,functional
17608,functional
9470,functional
67740,non functional
51438,functional
42005,functional
62716,non functional
14381,functional
57234,non functional
31997,functional
54746,non functional
32299,functional
26570,non functional
58918,functional
23399,functional
42639,non functional
67849,non functional
15269,non functional
60628,functional
68253,non functional
3827,functional
8284,functional needs repair
27867,functional
16829,functional
13985,functional needs repair
53314,non functional
23469,functional
23311,functional
45895,non functional
72958,functional needs repair
14964,functional
72123,non functional
50156,functional
7993,non functional
53986,functional
44533,non functional
21154,non functional
42953,non functional
64179,functional
7067,functional
5438,non functional
6370,functional
39994,functional
53500,functional
18076,functional
14961,functional
52402,non functional
815,functional
11192,functional
60889,functional
18555,functional
33737,non functional
5952,non functional
8889,non functional
14571,functional
71120,functional
43327,functional
46286,non functional
3886,functional
52507,functional
25523,functional
7568,non functional
21413,non functional
42691,non functional
14796,functional
61739,non functional
25644,non functional
68935,functional
3736,non functional
13558,functional
6980,functional
7944,functional
7245,functional
50538,non functional
4331,functional
42400,functional
50747,functional
10665,non functional
55304,functional
64247,functional
46408,functional needs repair
34979,functional
74082,non functional
47787,functional
41134,functional
47671,functional
48051,non functional
73034,functional
18998,non functional
42949,non functional
48941,non functional
6339,non functional
33321,functional
44258,non functional
64924,functional
49060,non functional
38420,non functional
38821,non functional
59860,functional
67736,functional
18419,functional
9979,functional
53930,non functional
21441,functional
4296,functional
7654,non functional
38398,non functional
63147,non functional
73023,functional
18831,functional
55262,non functional
48272,functional
39734,non functional
42786,functional needs repair
35441,functional
71421,non functional
63787,non functional
6337,functional
26231,non functional
70596,non functional
3561,functional
66937,non functional
23070,functional needs repair
65088,functional
63621,non functional
13322,functional
27229,non functional
4525,non functional
22696,functional
40279,functional
59775,non functional
10685,non functional
58064,functional
43699,functional needs repair
17821,non functional
65025,non functional
34479,non functional
30055,functional
10836,non functional
48111,functional
7285,functional needs repair
72046,functional
28968,functional
30631,functional
58950,non functional
71376,functional needs repair
4561,functional needs repair
48247,functional
8766,functional needs repair
63459,functional needs repair
73456,functional
9561,functional
35887,non functional
6766,non functional
49323,non functional
68894,functional
57476,functional
60398,non functional
17191,non functional
60612,functional
38080,non functional
33405,non functional
26534,non functional
4071,functional
64537,functional
19888,non functional
35729,non functional
67144,functional
22884,non functional
5835,functional
1783,functional needs repair
42495,non functional
4447,functional
41478,non functional
63931,non functional
61133,non functional
8979,functional
41154,non functional
4408,functional needs repair
60662,functional
73927,functional
51157,functional
47088,non functional
50299,functional
12971,functional needs repair
40081,functional
61408,non functional
66372,non functional
50214,functional
1596,functional
66699,functional needs repair
41142,functional
65534,non functional
46545,functional
42708,functional
11449,functional
16513,non functional
59838,functional
31585,non functional
12033,non functional
51185,non functional
24948,functional
39373,functional
10787,functional
28883,functional
33995,functional
30718,non functional
1330,functional
50887,functional
34539,functional
71200,functional needs repair
62395,functional
56860,functional
43634,functional
68731,non functional
42946,non functional
41205,non functional
68396,functional
37582,functional needs repair
35538,functional
64442,functional
51605,non functional
4857,functional
54348,functional
3063,non functional
424,non functional
68277,non functional
73524,non functional
28097,non functional
4355,non functional
22165,functional
28317,non functional
68524,non functional
70699,functional
9142,functional needs repair
1490,functional
808,functional
7534,functional
40041,functional
33485,functional
37117,non functional
13119,non functional
15401,functional
29399,functional
49825,functional
70361,non functional
59774,non functional
3385,functional needs repair
72278,functional
48717,non functional
34412,functional
693,functional
30633,functional
61210,non functional
18872,non functional
44592,non functional
43622,non functional
47733,functional
54023,functional
4260,functional
34538,functional
65842,non functional
69537,functional
39464,non functional
49839,functional
6744,non functional
63735,functional
31211,non functional
31613,functional
3634,functional
41070,functional
6520,non functional
5493,non functional
13813,functional
4131,functional
50637,non functional
7115,functional
18435,functional
73786,functional
25475,functional
28919,functional
62176,non functional
39243,non functional
22932,functional
9374,functional
12462,functional
4712,functional
71426,non functional
68656,functional
20091,functional
11396,functional
19850,functional
58275,functional
50312,non functional
59012,functional
58353,functional
65385,non functional
51281,non functional
53808,functional
59927,non functional
9223,non functional
1127,functional
50633,non functional
63119,non functional
48801,functional
22301,functional
13592,functional
56185,functional
32498,functional
12939,non functional
52805,functional needs repair
8448,non functional
49923,non functional
60462,non functional
37396,functional
35437,functional needs repair
61171,functional
53691,non functional
2410,functional
61901,non functional
7022,functional
15594,functional
65974,functional
2110,functional
19216,functional
43696,non functional
12350,functional
42140,functional
72927,non functional
50729,functional
5076,functional
17107,functional
38394,functional
20709,non functional
4302,non functional
38890,non functional
27692,non functional
5207,functional
16219,non functional
28969,non functional
42446,non functional
50707,functional
73349,non functional
49583,functional
23128,functional
33465,functional
65068,functional
41678,non functional
3363,non functional
49751,functional
68841,functional
55837,non functional
72714,non functional
22680,functional
24593,functional
42027,functional
62770,functional
34298,functional
24682,functional needs repair
32329,functional
8942,functional
47966,non functional
68165,functional
10399,functional
68634,functional
58658,non functional
19336,non functional
17898,non functional
31965,non functional
7929,non functional
1524,functional needs repair
66284,functional
44317,non functional
32077,functional
13863,functional
53001,functional
34310,functional
20574,non functional
11943,functional
45828,functional
22163,functional
61144,functional
55108,non functional
34436,non functional
6871,functional needs repair
61018,functional
52724,functional
29303,functional
71857,functional
51134,functional
43361,non functional
29361,non functional
47668,functional
26060,non functional
27094,functional
10868,functional
46395,non functional
49819,functional
62375,functional
6784,functional
38109,non functional
70905,non functional
18977,functional
53154,functional
44974,functional
29255,functional
44051,non functional
13732,non functional
26537,functional
60022,functional
27665,functional
65553,functional
10918,non functional
72168,functional
52124,functional
26314,functional
69650,functional
71799,non functional
56476,non functional
51616,functional
41669,non functional
42594,functional
43920,functional
68840,non functional
52218,functional
65377,functional
39641,functional
14201,functional needs repair
46829,functional
66453,functional
20034,functional
11612,functional
24204,non functional
9634,functional
6448,functional
59948,non functional
42610,non functional
69528,functional
44815,functional
9716,functional
2173,functional needs repair
36763,functional
4715,functional
25283,functional
50721,functional
29741,functional
60651,functional
57428,functional
49144,functional
22546,functional
64398,functional
30547,functional
47423,functional needs repair
8524,non functional
41480,functional
54633,functional
20088,functional
40506,functional
1715,functional needs repair
34093,non functional
25832,non functional
4734,functional
60282,non functional
36132,functional needs repair
60360,functional
10739,functional
5192,functional
22948,functional
7941,functional
73232,non functional
65822,functional needs repair
26097,non functional
67375,functional
67917,functional
46949,non functional
22515,functional
21292,functional
20129,non functional
45152,non functional
58166,non functional
4374,functional
61910,functional
71349,functional needs repair
15105,functional
35712,functional
1909,functional needs repair
37110,functional
15977,functional
13898,non functional
53811,functional
51972,functional
25455,non functional
57675,functional needs repair
52093,functional
20173,functional
22782,functional
31626,non functional
66053,non functional
28028,functional
28196,functional
9485,functional
25877,non functional
64864,functional
65721,functional
37916,functional
27578,functional
36484,functional
42247,functional
39281,functional
26342,functional
61181,functional
6007,functional
51435,non functional
73745,functional
24757,functional needs repair
72045,non functional
62287,functional needs repair
49517,non functional
51941,non functional
12707,functional
52447,non functional
13282,non functional
3462,functional
27147,functional
5519,functional
2081,functional
19728,functional
38469,functional
16664,non functional
45732,functional
6332,functional needs repair
35964,functional
11157,non functional
48834,functional
50453,functional
30802,functional
30732,non functional
71000,non functional
67249,functional
68055,functional needs repair
60060,functional
48946,functional
37590,non functional
25603,non functional
16945,functional
3991,functional
10747,functional needs repair
49915,functional
62423,non functional
43126,functional
10814,non functional
8376,functional
42999,non functional
68060,non functional
28048,functional needs repair
69309,functional
37874,non functional
3142,functional
23604,non functional
53528,functional
36422,functional
14742,non functional
50333,non functional
26819,non functional
11647,non functional
67045,functional
20857,functional
37028,non functional
6356,non functional
20326,functional
71154,functional
13746,non functional
56096,functional needs repair
6334,non functional
71609,non functional
44414,functional
28787,functional
39127,non functional
58650,non functional
65192,functional
55645,non functional
12254,functional
69336,non functional
2341,functional
62666,functional
6742,functional
34721,functional
10396,non functional
1903,functional
55866,non functional
9082,functional
43374,non functional
61456,functional
37150,functional
63989,non functional
57393,functional
47116,functional
31370,non functional
46364,functional
53422,functional
58018,functional needs repair
27813,functional
69101,functional needs repair
48986,non functional
2594,non functional
20671,functional needs repair
4322,non functional
64829,functional
1652,functional needs repair
8567,non functional
51013,functional
7842,non functional
67901,functional
42354,functional
49211,functional
32106,non functional
62352,functional
4493,non functional
17792,non functional
54577,functional
35306,non functional
46119,non functional
22606,non functional
55141,non functional
67292,functional
39992,functional needs repair
40527,non functional
44704,non functional
2351,non functional
13537,non functional
53610,non functional
46599,functional
65261,non functional
841,functional
25165,functional needs repair
22601,non functional
54307,functional
10993,non functional
20352,non functional
53393,non functional
51122,non functional
13782,functional
21266,functional
60385,functional
30404,non functional
9611,functional
29214,non functional
49833,functional
29252,functional
27348,functional
5528,non functional
66232,functional needs repair
52570,functional
14393,non functional
30429,functional
17947,functional
69913,non functional
59248,functional needs repair
3923,functional
52285,functional
14061,functional
3015,functional
49672,non functional
40955,functional
47156,non functional
35882,functional
46505,functional needs repair
62189,functional
43831,non functional
67941,functional
2020,functional
4222,functional
72811,non functional
5805,non functional
38250,functional
5370,non functional
64619,functional
37698,functional
45649,non functional
48196,non functional
19243,non functional
23394,non functional
21037,non functional
33866,non functional
2133,non functional
49027,non functional
48143,functional
67603,functional
69814,non functional
2646,functional needs repair
32937,functional
7953,non functional
68618,non functional
1200,functional
4973,functional needs repair
59052,functional
8467,functional
54999,non functional
15711,functional
34788,non functional
28223,functional
38253,non functional
42076,non functional
10519,functional
16289,non functional
74033,functional needs repair
66186,functional
50210,functional
9622,functional
52733,functional
26772,functional
36342,non functional
59338,functional
6614,functional
43741,non functional
32990,non functional
7481,functional
31553,functional
35275,functional
53118,functional
72343,functional
60611,non functional
67070,functional
5317,non functional
63824,functional
16893,functional
48124,functional
22252,functional
53278,functional
2661,non functional
26803,non functional
73297,functional
17945,functional
37006,non functional
28216,non functional
10377,non functional
43716,functional
41459,functional
3250,non functional
22785,non functional
45423,functional
7841,non functional
9341,non functional
45882,functional
53367,non functional
67988,functional
38496,functional
17643,functional
13047,functional
18588,functional
42367,non functional
16905,non functional
68097,functional
65815,functional
9345,functional
59883,non functional
55403,non functional
66255,non functional
45137,non functional
24400,functional
19991,functional
40156,functional
71585,non functional
66584,functional
26705,non functional
28390,functional
62889,functional
6427,non functional
34279,functional
28543,functional
74027,non functional
29289,functional
15836,non functional
63878,functional
63186,non functional
44733,non functional
72874,functional
1310,functional
42894,non functional
50002,functional
18812,functional
41200,functional
48343,functional
38995,non functional
59350,functional
49718,functional
52372,functional
69128,functional
27218,functional
39646,functional
62057,functional
25112,functional
27905,non functional
27897,functional needs repair
66831,functional
23688,non functional
60274,non functional
29707,non functional
63120,non functional
41023,non functional
23588,functional
15159,functional
57581,functional
17882,functional
9637,functional
55455,functional
26402,non functional
42103,functional
50717,functional
44301,functional
6928,non functional
32148,non functional
39571,non functional
4833,functional
46000,functional
69519,functional
15474,non functional
51369,non functional
18406,functional
12882,functional
11047,functional
21887,functional
49504,functional
8004,functional
42049,functional
50922,non functional
42799,non functional
14565,functional
5676,non functional
36419,functional
45273,non functional
27539,non functional
6795,functional
58748,functional
39052,non functional
36989,functional needs repair
72470,non functional
29010,non functional
53023,functional
13906,functional
12906,functional
18546,functional
58592,functional
30338,functional
60635,functional
44572,non functional
62548,non functional
25986,functional
29088,non functional
2820,functional
60908,functional
50478,functional
56784,non functional
48670,non functional
14491,non functional
11593,functional
8215,functional
66739,functional
59783,non functional
58112,functional
29452,functional
18560,non functional
29432,functional
28877,functional needs repair
49896,functional
42836,functional
49698,functional
30284,functional
24704,non functional
35417,non functional
68441,non functional
45751,non functional
16156,functional
26684,non functional
16863,non functional
58169,functional
28890,non functional
65320,functional
12684,non functional
16924,non functional
16765,non functional
14997,functional
54824,non functional
34603,functional
50902,non functional
56046,functional
58462,functional
16571,non functional
29829,non functional
68104,non functional
50270,functional
8742,functional needs repair
16430,functional
42268,functional
12554,functional
52788,functional
4868,functional
7910,functional needs repair
8938,non functional
630,non functional
32440,functional
8893,functional
36009,functional
29225,non functional
1863,non functional
72280,functional
71217,functional
54421,non functional
49832,functional
2677,functional
4292,non functional
4067,non functional
15554,functional
7490,non functional
71389,non functional
42801,non functional
68113,functional
73553,functional
16406,non functional
25737,functional
15913,functional
30029,non functional
26352,functional
2244,non functional
14298,non functional
25714,non functional
7296,functional
49979,non functional
57540,functional
7414,non functional
71711,functional
14589,functional
18220,functional needs repair
29241,non functional
49968,non functional
34291,functional
1285,functional
19895,functional
53863,non functional
13002,functional
55985,non functional
39513,non functional
14051,functional
34220,functional
65313,non functional
28403,functional
57812,functional
24717,non functional
49081,non functional
3035,functional
53820,functional
59383,non functional
14752,non functional
34941,functional
17251,functional
27599,non functional
38424,functional
73985,functional needs repair
56900,functional
59554,functional needs repair
47264,functional
35137,non functional
26246,non functional
41445,functional
25827,non functional
56050,functional
5235,non functional
9673,non functional
888,functional
64767,non functional
62240,non functional
40044,non functional
6108,functional
62653,non functional
44396,non functional
41642,non functional
36226,non functional
25642,non functional
24419,functional
45009,functional
19703,non functional
20832,functional
22074,functional
31798,functional
43401,functional
62239,functional
23780,functional
33197,non functional
26951,non functional
71125,functional needs repair
571,functional
36521,non functional
72675,functional needs repair
53128,functional
67660,functional needs repair
26095,non functional
2392,functional
57659,non functional
32645,functional needs repair
52478,non functional
1572,functional
4965,non functional
40179,non functional
64584,functional
10587,functional
64258,functional
43471,non functional
70728,functional needs repair
48433,functional needs repair
28825,non functional
67769,functional
19615,non functional
5067,functional needs repair
38195,non functional
40414,functional
38095,functional
26681,functional
34011,functional
72419,functional
57750,functional
73839,functional
12760,functional
18705,non functional
22370,functional
16732,non functional
22162,functional
49479,non functional
34922,non functional
32434,functional
37063,functional
38921,non functional
31916,functional
32236,functional
28237,functional
30959,non functional
32913,functional
69084,non functional
29782,functional
6899,functional
50097,functional
63577,functional needs repair
50511,functional
20565,functional
3788,functional
42951,non functional
16383,functional
350,non functional
27740,functional
15731,non functional
24613,functional
24310,non functional
65729,functional
13447,functional
26106,functional
42615,functional needs repair
49902,functional
33181,non functional
69899,functional
34683,functional
8426,functional needs repair
18957,functional
22904,functional
36886,functional
35324,functional
32638,functional
27651,non functional
61891,functional
16820,functional
35015,functional
50798,functional
17738,non functional
10549,non functional
19967,functional
51689,non functional
12234,functional
61561,functional needs repair
11538,non functional
37977,non functional
53285,functional needs repair
41769,functional
56797,non functional
69595,functional
66238,non functional
23425,functional
31401,non functional
42220,non functional
10608,non functional
24382,functional
10184,functional
40454,functional
51666,functional needs repair
5187,functional
32117,functional
40733,functional
32848,functional
13689,functional
32818,functional
69648,functional
73982,functional
73532,functional
2901,non functional
23304,functional
37524,functional
21904,non functional
57967,non functional
1217,functional
20653,non functional
29232,non functional
32672,functional
52439,functional
66633,functional
15919,functional
73764,functional
26296,functional
19604,functional
56130,non functional
8566,non functional
366,non functional
18912,functional
73323,functional
5637,functional
11332,functional
65124,non functional
18186,functional
64065,functional
55035,functional
58416,non functional
17344,non functional
39568,functional
18367,functional
59931,functional
54856,non functional
20578,non functional
53583,functional
54679,functional needs repair
48818,non functional
447,functional
14049,non functional
37291,non functional
31840,non functional
48786,non functional
42669,functional
8709,functional
43110,non functional
69830,functional
21343,functional
45975,non functional
13841,non functional
8712,functional
3825,non functional
17572,functional
21340,non functional
46187,non functional
34630,non functional
53984,non functional
22814,functional needs repair
71992,functional
35292,non functional
15076,non functional
42116,non functional
32118,non functional
43698,non functional
22795,functional
33606,functional
43007,functional needs repair
46066,non functional
42510,non functional
62535,functional
47619,functional
65123,non functional
40765,functional
62140,functional
61738,functional
42129,functional
49545,non functional
42932,non functional
43780,functional
367,functional
57628,non functional
65118,functional
6511,functional
14030,functional
11004,functional
62179,non functional
7915,functional
59599,functional
52245,functional
71928,non functional
70910,non functional
50853,non functional
38564,functional
15171,functional
22749,functional
47776,non functional
19697,functional
59288,non functional
53269,functional
56714,non functional
6658,functional
13149,non functional
64362,non functional
44063,functional
68467,functional
32603,functional
68093,non functional
25441,functional
14886,non functional
72583,functional
33504,functional
4060,non functional
18347,functional
33067,non functional
71667,functional
71430,functional
13473,functional
22841,non functional
6123,non functional
32393,functional
17754,non functional
15548,non functional
69184,functional needs repair
68504,functional
73625,non functional
22553,non functional
41983,functional
5742,functional
68295,non functional
16345,functional
66873,non functional
39535,functional
26915,functional
37778,functional
9814,functional
71364,non functional
5423,non functional
56516,non functional
41864,functional
8900,functional
72835,non functional
12584,non functional
30921,functional
19084,non functional
12101,non functional
31188,non functional
4548,non functional
40337,functional
60405,functional
18382,functional
62695,functional
42021,functional
40530,functional
73211,non functional
22926,functional
54942,non functional
1401,functional
69292,non functional
70698,functional
62661,functional
55119,non functional
46072,functional
55145,functional
53084,non functional
43974,non functional
36228,functional
28917,non functional
32232,non functional
19452,non functional
45769,non functional
53017,non functional
70989,functional needs repair
57251,non functional
60917,functional needs repair
61981,non functional
48136,functional
15888,non functional
19713,functional
30815,non functional
66635,functional
5606,functional
35110,functional
69254,functional
48310,functional
27196,non functional
21162,functional
33804,functional
56404,non functional
32932,functional
9553,functional
44348,functional
3319,functional
10182,functional
64353,functional
23417,non functional
30708,non functional
2602,functional
11633,functional
52323,non functional
52112,functional
33601,functional
73137,functional needs repair
30667,functional
7957,functional
21478,functional
37964,non functional
47727,functional
12237,functional
54006,functional
32927,functional
8423,functional
16946,non functional
14762,functional
37578,non functional
67078,functional
23491,functional
1058,functional
69840,functional
67341,functional
70277,functional
39382,non functional
25551,functional
42384,non functional
41766,functional
29564,non functional
56009,non functional
73594,functional needs repair
62731,non functional
18722,non functional
32880,non functional
68139,non functional
58539,functional
42304,functional needs repair
53794,functional
44283,non functional
19692,non functional
28533,non functional
26759,functional
30223,functional
23970,functional
24846,functional needs repair
72461,non functional
14502,non functional
34918,non functional
24092,functional
58610,functional
47995,non functional
14549,functional
73407,functional
52834,functional
66135,non functional
52343,non functional
72211,functional
11255,functional
52108,non functional
72761,functional
19846,non functional
6195,non functional
4716,non functional
41890,non functional
26954,functional
61539,non functional
9760,non functional
72705,non functional
28998,functional
70912,functional
32933,functional
6791,non functional
24632,functional
11389,functional needs repair
24568,non functional
50886,functional
24248,functional
21750,functional
3567,non functional
1072,functional
73784,non functional
18518,non functional
50741,non functional
1587,non functional
63121,functional
28247,non functional
7811,functional
32086,functional
47575,functional
62252,functional
8481,non functional
21531,non functional
72674,functional needs repair
14929,functional
20704,non functional
30839,non functional
5598,functional
18227,non functional
20233,non functional
9868,non functional
60024,non functional
49630,functional
61114,functional
7261,non functional
50440,non functional
46540,functional
55046,non functional
47799,non functional
29079,non functional
25765,non functional
68604,functional
58197,functional
20081,non functional
11695,non functional
22021,non functional
68509,non functional
29320,functional
17391,functional
1581,functional needs repair
3352,non functional
47950,functional
38926,non functional
72645,non functional
6457,functional
14548,functional
29375,non functional
26531,functional
8738,functional
4907,functional needs repair
10649,non functional
71138,functional
42265,non functional
47341,functional
68128,non functional
55341,non functional
61084,functional
20383,functional
17902,functional
73882,functional
7769,functional
67414,non functional
67520,functional
42980,functional
38623,functional
23641,functional
54962,functional
23005,functional
35344,non functional
16922,functional
22435,functional
55400,functional
39286,non functional
32766,functional needs repair
17648,functional
51833,functional
59852,functional
66592,non functional
67472,functional
41832,functional
68296,non functional
41668,functional
41315,functional
14481,non functional
34637,functional
58769,functional
23236,non functional
9567,functional
44204,functional
2306,functional
61985,functional
56224,non functional
27373,non functional
8995,functional
32096,functional
54687,functional
10115,non functional
71451,functional
72202,non functional
52026,non functional
41738,non functional
35953,functional
33438,functional
31136,functional
23527,non functional
8031,functional
8,non functional
60380,non functional
36790,functional needs repair
6360,functional
35139,functional
26979,functional
34708,functional needs repair
31954,non functional
73960,non functional
73345,non functional
48437,functional
63742,non functional
65039,functional
5816,functional
28901,non functional
70058,functional
39153,non functional
45801,non functional
50069,non functional
36325,functional
565,non functional
57383,functional
65761,functional
26773,non functional
5735,functional
26967,functional needs repair
51568,functional
49437,functional needs repair
73853,functional
27289,functional
45839,non functional
55746,functional
9348,functional
26985,non functional
1052,functional
5006,non functional
32527,non functional
17960,functional
20918,functional
16496,functional
34891,functional
66791,functional needs repair
9514,functional
50561,non functional
23212,non functional
20357,functional
41686,functional
67498,functional
15953,functional
33498,functional
24198,non functional
56771,functional
16771,non functional
61824,functional
15047,functional
38670,functional needs repair
27591,non functional
18389,non functional
26522,functional
24602,functional
27027,non functional
1685,non functional
173,functional
45870,non functional
47502,non functional
50571,non functional
74041,functional
55790,functional
72327,non functional
41503,non functional
13136,non functional
53185,non functional
31227,functional
70019,non functional
26063,non functional
5262,functional
58413,functional
29981,functional
43616,functional
2330,non functional
13715,functional
47732,non functional
3314,non functional
16648,functional
71075,non functional
65127,functional needs repair
52499,functional
21745,functional
65953,functional
61377,functional
25300,non functional
32752,functional
8902,non functional
58452,non functional
19371,functional
61613,non functional
37024,non functional
51510,functional
35347,non functional
19938,functional
33447,functional
54639,non functional
4373,functional
73867,functional
14052,non functional
58817,functional
44883,functional
10546,non functional
55725,functional
14693,functional
52680,functional
34935,functional
12612,functional
17858,functional
1592,non functional
11106,functional
30471,functional
68362,non functional
45004,functional
16520,functional
32131,functional
66221,non functional
57078,non functional
4590,functional
29222,non functional
47831,functional
6872,functional
17876,functional
24114,non functional
61378,functional
21541,functional
39851,non functional
73787,functional
59199,functional
57858,functional
14469,functional
50800,functional
25348,non functional
71069,non functional
64203,non functional
69729,non functional
66949,non functional
50646,non functional
3480,non functional
12610,functional
10944,functional
20723,functional needs repair
66900,functional
69429,functional
36718,functional
11618,non functional
45268,non functional
16461,functional
25227,functional
59967,functional
41742,non functional
7306,non functional
27892,functional
69866,non functional
52357,non functional
66224,non functional
56413,functional
39230,functional
62927,non functional
62266,non functional
18711,non functional
6737,functional
2479,functional
64611,functional
3688,functional
27697,functional
43937,non functional
73059,functional
70274,non functional
70179,functional
39152,non functional
34181,functional
52453,non functional
632,functional
49079,functional
67490,functional
62905,functional
42190,functional needs repair
6033,non functional
55252,non functional
23221,functional
16733,functional
5883,functional
37941,functional
37351,functional
63272,non functional
68400,functional
8483,functional
26477,non functional
49114,functional
58290,functional
67693,non functional
62972,functional needs repair
50590,functional
45888,non functional
48244,functional
73986,functional
55519,functional
48034,functional
54642,functional
22472,functional
5581,non functional
48296,functional
8036,functional
35206,functional
49449,functional
10564,functional needs repair
13368,non functional
19275,non functional
63375,functional
47521,non functional
25247,functional
1728,functional
28093,functional
4327,functional
5977,non functional
72864,functional
63107,functional
54003,functional
2805,functional
37359,functional
31032,functional
48407,non functional
30963,functional
26607,functional
29862,non functional
43734,non functional
51760,functional
46423,non functional
64192,non functional
59147,functional
1437,functional
67158,functional
53678,non functional
28947,non functional
28478,functional
25041,non functional
35386,functional
9751,functional needs repair
35947,functional
57347,non functional
7633,functional
71742,non functional
2785,functional
30571,non functional
19821,functional
33137,functional
29859,functional
805,functional
61298,functional needs repair
33743,functional
32814,non functional
30716,non functional
26330,non functional
22736,functional
45312,non functional
39853,non functional
11076,functional
4183,functional
21337,functional
49569,non functional
4053,functional
26447,functional
69628,functional
67383,non functional
37750,non functional
72437,functional
56073,non functional
42778,functional
63573,functional
56770,non functional
8554,functional
38493,functional
16855,functional
66874,functional
68067,functional
2264,non functional
29743,non functional
42705,non functional
65834,functional
5625,functional needs repair
20670,functional
70136,non functional
9525,non functional
20196,functional
3690,non functional
73930,functional
72228,functional
17207,functional
61971,non functional
45265,functional
2031,functional
62484,non functional
58661,non functional
53938,functional
36821,functional
55007,functional
63027,non functional
55745,non functional
15448,functional
64180,non functional
45539,functional
22305,functional
70579,functional
37904,non functional
482,functional
65053,functional
41214,functional
1019,functional
11123,non functional
2696,non functional
55447,non functional
67640,functional
18668,non functional
34287,functional
34853,non functional
70691,functional
19069,functional
43980,functional
15250,non functional
70530,functional
71202,non functional
61904,non functional
36919,functional
17686,functional
63633,functional
42588,functional
34673,functional
51713,non functional
32652,functional
70949,functional
35011,functional
5183,non functional
45965,non functional
37277,functional needs repair
73290,functional needs repair
2409,non functional
7037,functional needs repair
41724,non functional
18236,non functional
14882,functional
74174,functional
7916,functional needs repair
7014,non functional
36630,non functional
28099,functional
43691,functional
23837,functional
2405,functional
37120,functional
68154,functional
10488,functional
535,functional
63226,functional
6704,functional
44151,functional
52543,functional
11243,functional
66193,non functional
53990,functional
652,non functional
11089,functional needs repair
64465,functional needs repair
12024,functional
46011,functional
49005,functional needs repair
54482,functional
65765,non functional
6984,functional
13400,functional
32145,functional
68169,non functional
40109,non functional
48967,functional
25579,functional
16395,non functional
46133,functional
19605,functional needs repair
14157,functional
178,functional
42920,functional
26110,non functional
42393,functional
15290,functional
39508,functional
48836,non functional
9307,non functional
71405,non functional
2565,functional needs repair
24455,functional
28776,non functional
59516,functional
9289,functional
14811,non functional
33384,functional
61075,functional
71785,non functional
46050,functional
35279,non functional
35176,functional needs repair
61243,non functional
32306,functional
63704,functional
46903,non functional
37229,functional needs repair
68854,non functional
55677,functional
36842,functional
18541,non functional
58753,non functional
25088,non functional
45362,functional
26628,functional
54618,non functional
32983,functional
29709,functional
52443,functional
34331,functional needs repair
2628,functional
54289,functional
12712,functional
59531,functional
16330,non functional
5813,functional needs repair
17779,functional needs repair
18524,functional
27404,non functional
3032,functional
31383,non functional
37127,functional
70573,functional
17094,functional
29413,non functional
29728,functional
16797,non functional
60558,non functional
18211,non functional
19808,functional
49766,functional
48890,non functional
67793,functional
64395,functional needs repair
39833,non functional
47160,non functional
64463,non functional
42553,non functional
16362,functional
11896,functional needs repair
10364,functional
71834,functional
60242,functional
17706,functional
33820,functional
32068,functional
5725,non functional
30402,functional
9010,non functional
53671,functional
30371,non functional
36154,non functional
11526,functional
71012,functional
14454,non functional
70298,functional
52969,functional
48741,non functional
2563,functional
19555,functional needs repair
60123,non functional
52691,non functional
11486,functional
73707,non functional
8172,non functional
32506,functional
4465,non functional
13925,functional
13477,non functional
2380,functional
38703,functional
10461,functional
695,functional
20609,non functional
36371,functional
43919,functional needs repair
55220,non functional
14452,non functional
27732,functional needs repair
48767,non functional
3012,functional
46145,functional
20053,non functional
63485,non functional
18681,functional
15728,non functional
23996,functional
7797,functional
37773,functional needs repair
2744,functional
50901,functional
20600,non functional
63856,non functional
25773,functional
49720,non functional
35212,non functional
58362,functional needs repair
68985,non functional
35927,functional
42877,functional
7443,functional
51896,non functional
22569,functional needs repair
34260,functional
19173,functional
49148,functional
28613,non functional
50413,functional
10624,functional needs repair
73013,functional
7804,functional
67311,non functional
18474,functional
51405,functional
18031,functional
72377,non functional
18049,functional needs repair
46135,functional
42945,non functional
19464,non functional
9742,functional
56625,non functional
12980,non functional
27974,functional
68681,functional
19708,non functional
95,non functional
44981,non functional
33375,functional
63223,functional
6365,non functional
3044,functional
15145,non functional
29348,non functional
50610,functional
50687,functional
41067,functional
2198,functional
62516,non functional
23153,functional
27417,non functional
24385,functional needs repair
29049,non functional
46523,non functional
2935,functional needs repair
58393,non functional
19299,functional
65774,functional
70790,non functional
31452,non functional
2573,functional
40070,functional
41403,functional
5755,functional needs repair
21945,functional
70832,non functional
15618,non functional
52390,non functional
15104,non functional
67183,non functional
25373,functional
3964,functional
49068,non functional
50074,functional
8485,functional
55968,functional
25820,functional
64102,functional
44713,non functional
37338,functional
67439,non functional
38294,functional
67948,non functional
23077,non functional
60787,functional
45874,functional needs repair
56550,non functional
70756,non functional
37883,functional needs repair
66520,functional
45008,functional needs repair
31605,non functional
57023,non functional
31229,functional
32353,functional
63239,non functional
9511,functional
55605,non functional
1726,non functional
38909,functional
30098,functional
66590,non functional
34880,functional
27812,non functional
54550,non functional
32595,functional needs repair
53839,functional
38961,functional
122,non functional
56831,non functional
11511,functional
30707,functional
10887,functional
68042,functional needs repair
28232,non functional
14130,non functional
1044,functional needs repair
24350,non functional
40632,non functional
35368,functional
1987,functional
23719,functional
51538,functional
27674,non functional
38734,non functional
38702,functional
44983,functional
58225,non functional
32420,non functional
20097,non functional
51980,functional
10581,functional needs repair
29403,functional
27994,non functional
33495,functional
66971,non functional
9900,functional
68049,functional
27679,functional needs repair
33867,functional
73728,functional
71227,functional
33008,functional
27124,functional
23108,functional
14218,non functional
7878,non functional
20429,functional
73291,non functional
43513,functional
34074,non functional
60586,functional
51383,functional
22213,non functional
34290,non functional
60098,functional
39669,functional
34678,functional
62592,non functional
69596,non functional
11091,functional
25130,non functional
57648,functional
30251,functional
25561,functional
47710,non functional
1138,non functional
8573,functional
5159,functional
47878,non functional
32879,non functional
35829,functional
60989,functional
31226,non functional
67196,functional
669,functional
32307,functional
1503,non functional
53092,functional
9210,functional
38987,functional
4658,functional
3747,non functional
34512,functional needs repair
59657,non functional
19049,non functional
11334,functional
1151,non functional
50263,non functional
50714,functional
37049,functional
29016,functional
40644,non functional
34599,functional
57026,non functional
33523,non functional
71311,functional
36951,non functional
23740,functional
4100,functional
59564,non functional
56134,functional
6450,functional
38461,non functional
600,non functional
54778,functional
14790,functional
51938,non functional
19085,functional
53873,non functional
58172,non functional
7292,functional
43609,functional
15252,functional
54359,functional
72865,functional
48634,functional
28167,functional
12177,non functional
66310,functional
22632,non functional
70506,functional
67043,functional
56984,functional
44627,functional
10406,functional
47573,non functional
12590,functional
2261,non functional
58898,functional
16762,functional
57582,functional
59501,functional
60678,non functional
1912,non functional
70602,functional
71176,functional
51304,functional
1702,functional
68156,functional
12587,functional needs repair
4471,functional
57158,non functional
5543,functional
59950,non functional
65718,functional
64186,functional
46484,non functional
20353,non functional
37363,functional
24496,functional
52462,functional
70467,non functional
5569,functional
43623,functional
2996,functional
964,functional
36888,functional
51183,non functional
17051,non functional
3443,non functional
60755,non functional
44950,functional
162,non functional
4586,functional
44819,non functional
40074,functional
49134,functional needs repair
23529,functional
70283,functional
44632,non functional
51869,functional
62384,functional
66820,non functional
36200,functional
37940,functional
68335,non functional
63405,functional
63662,functional
64066,functional
22068,functional needs repair
8620,functional needs repair
3959,non functional
16187,functional
880,functional
47374,functional needs repair
73382,non functional
70243,functional needs repair
23994,non functional
45347,functional
47500,functional
33964,functional
2490,functional
13997,non functional
9869,functional
69380,functional
16454,functional
10965,functional
61766,functional needs repair
31921,non functional
43196,functional needs repair
46724,functional
15012,functional
47331,functional needs repair
41041,functional
23533,non functional
61506,functional
13205,non functional
53352,non functional
46028,functional
6052,functional
49213,functional
58510,functional
51883,non functional
69086,functional needs repair
62173,functional
48321,functional
64935,functional
48178,non functional
30236,functional
74170,functional needs repair
61352,functional
64690,non functional
25054,functional
64103,non functional
58059,functional needs repair
22823,functional
19318,functional
51339,non functional
36548,non functional
23640,functional
72857,non functional
20165,functional
11539,functional
6701,functional
74242,functional
26714,functional
48771,non functional
57057,non functional
59185,functional
58205,non functional
70318,functional
28221,non functional
17743,non functional
4290,non functional
7307,functional
17458,non functional
4892,functional
27718,functional
51262,functional
10049,non functional
28774,functional
32996,functional
3327,non functional
3794,functional
42465,functional
17973,functional
50405,functional
22590,functional
67477,functional
19244,functional
6487,functional
56345,non functional
70748,functional
16747,non functional
19860,non functional
6968,non functional
49741,non functional
38200,functional
12531,functional
54044,functional
18440,non functional
39364,functional needs repair
72012,functional
23861,functional
40571,functional
9662,functional
28144,non functional
16974,functional
47309,non functional
4756,functional needs repair
68756,functional
17802,functional
47112,functional needs repair
48185,non functional
9325,functional
24178,functional
8494,functional
65743,non functional
41594,non functional
62697,functional
25365,non functional
70379,functional
62782,functional
35420,non functional
25485,functional
58802,functional
30798,functional
10552,functional
2687,non functional
58149,functional needs repair
16499,functional
61690,non functional
23796,non functional
64645,functional
4359,functional needs repair
54569,functional
30583,functional
14152,functional
66357,functional
64206,functional
20329,functional
15528,non functional
61313,non functional
55460,non functional
41850,functional
42156,non functional
48358,functional
74018,non functional
31575,functional
6286,non functional
62691,functional needs repair
22816,functional
45019,non functional
31182,functional needs repair
32949,functional
27794,functional
60406,functional needs repair
12186,functional
21825,non functional
20248,non functional
28417,functional
33262,non functional
63410,functional
56058,non functional
64157,functional
39774,functional
6207,non functional
70427,non functional
9723,non functional
41030,functional
72013,non functional
3891,functional
11629,functional
35382,functional
41548,functional
14748,functional
43582,non functional
9056,functional
43422,functional
67392,functional
42425,functional
15332,non functional
42815,non functional
14847,non functional
23773,functional
43201,functional
6732,non functional
16426,functional needs repair
29888,functional
34294,non functional
67157,functional
16962,non functional
24900,functional
57205,functional
42783,non functional
1399,functional needs repair
23836,functional
64467,non functional
20031,non functional
52569,functional
14616,non functional
57147,non functional
20119,functional
68151,functional
69902,non functional
13075,functional
51256,functional
46572,functional
18571,functional
36972,functional
27569,non functional
32150,non functional
35332,non functional
53882,functional
18753,non functional
72434,functional
37915,non functional
48329,functional
63072,functional needs repair
1180,functional
49295,non functional
37975,non functional
58085,non functional
57570,functional
1657,functional needs repair
3208,functional
3513,functional
69916,functional
58432,functional
60701,non functional
35684,non functional
53762,functional
38646,functional
34272,functional
39262,functional
13541,non functional
65906,functional
56232,non functional
72599,functional
24627,non functional
12715,functional
39119,functional
63098,non functional
22159,non functional
4423,functional
42648,functional
44198,functional
42350,non functional
37759,functional
71369,functional
58640,functional
3301,non functional
49620,functional
40894,functional
5329,functional
21133,functional
44224,functional
31621,functional
64372,non functional
22903,functional
41957,functional
50075,functional needs repair
8518,functional needs repair
44094,non functional
67064,functional
26735,functional
41121,functional
71208,non functional
35384,functional
4912,functional
29722,functional
20912,functional
3865,non functional
17404,non functional
2321,functional
37951,functional
36878,functional needs repair
9144,non functional
30186,non functional
16287,functional
8961,non functional
23964,functional
69806,functional
35352,non functional
26462,functional
38230,functional
58068,non functional
14557,functional
52769,functional
70615,non functional
51431,non functional
10703,functional
48349,non functional
10449,functional
15084,functional
28462,non functional
52244,functional
70715,functional
52618,non functional
26277,non functional
72801,non functional
26496,non functional
28621,functional
21151,functional
57214,non functional
32780,non functional
29556,non functional
36012,functional
64802,non functional
61010,functional
40907,non functional
32931,non functional
33459,functional
42871,functional needs repair
39161,functional
38781,functional
56780,non functional
38697,non functional
39997,non functional
67772,functional
41178,functional
10062,functional
42251,non functional
739,functional
30710,functional
23476,non functional
11064,non functional
16816,functional
43705,functional
33227,functional
17068,functional needs repair
27096,non functional
46372,non functional
48817,functional needs repair
1527,functional
38118,non functional
31157,functional
42746,functional needs repair
4192,functional
6659,functional
24450,functional
48661,functional
39599,functional
66462,non functional
18728,functional
14477,non functional
16870,non functional
45988,functional
67857,non functional
70250,functional
64137,non functional
3146,functional
38946,non functional
63987,non functional
52561,functional
29791,non functional
61161,functional
8409,non functional
51096,non functional
61000,non functional
48675,functional
53681,functional
55530,functional needs repair
10883,functional
19659,functional
68300,non functional
26249,functional
46314,non functional
53533,non functional
8186,functional
12830,functional
45978,non functional
32852,functional
48005,functional
59533,functional
2222,functional
63127,functional
65540,non functional
73036,functional
70531,non functional
2658,functional
46308,functional
68495,functional
26190,non functional
43512,non functional
31164,functional
57155,functional
20938,non functional
72146,functional
35979,functional
69472,functional needs repair
63114,non functional
2759,non functional
18255,non functional
32004,non functional
29162,functional
19395,functional needs repair
9104,non functional
11567,non functional
47080,non functional
20797,functional
19965,functional
42424,functional
33617,functional
21081,functional
56643,non functional
46781,functional
18363,functional
38418,non functional
35543,functional
55034,functional
15495,non functional
55233,non functional
37826,functional
73469,functional
68881,functional
48788,non functional
25846,non functional
69583,functional needs repair
48815,functional
22660,functional needs repair
14891,functional
2674,functional
58899,functional
47230,functional
47425,functional
17354,functional
66387,functional needs repair
51990,functional
7189,functional
345,non functional
36128,functional
27415,non functional
34831,functional needs repair
25503,non functional
47182,functional
4938,functional
49292,non functional
37466,non functional
13772,functional
51111,functional
10547,functional
10572,non functional
28178,functional
23015,functional needs repair
72507,non functional
5381,functional
20586,functional
20864,functional
15466,functional
55639,non functional
10579,functional
32422,non functional
35951,functional
63965,non functional
8819,functional
59048,functional
71618,functional
59459,non functional
31174,non functional
52851,functional
45690,non functional
4021,non functional
8741,functional
9114,functional
57602,functional
16505,functional
9678,functional
27266,non functional
34140,functional
7282,functional
29843,non functional
51148,functional
30111,functional
33501,functional
53850,non functional
942,functional
40925,functional
41820,non functional
28401,functional
65963,functional
70296,non functional
73426,functional
4563,functional
24491,functional
61151,non functional
27889,non functional
7777,non functional
16351,functional
5402,functional
50147,functional
25127,functional
33900,functional
51988,functional
26699,functional
46061,functional
19424,non functional
50224,functional needs repair
45609,functional
19157,functional
27149,functional
59500,non functional
28504,non functional
8302,functional
54229,non functional
17135,functional needs repair
40607,non functional
29195,non functional
46027,functional needs repair
49275,functional
24426,non functional
5746,functional
2334,functional
5943,functional
61258,non functional
51105,functional
67570,functional
7281,non functional
50463,functional
48568,non functional
53103,functional
61273,functional
45318,functional
32196,functional
53555,non functional
1395,functional
37559,non functional
28885,non functional
70761,non functional
68506,functional
5720,functional
42844,functional
72241,non functional
54431,functional
23576,functional
1145,functional
73031,non functional
6588,non functional
52158,non functional
12312,non functional
11834,functional
48237,functional
21508,functional
11065,functional
9272,non functional
26506,functional needs repair
36178,functional
59729,functional
10588,functional
21643,non functional
34166,functional
68434,functional
39035,functional
29708,functional
2526,non functional
52722,non functional
71590,non functional
45260,non functional
53861,functional
73742,functional
39590,functional
27733,functional
9990,functional needs repair
45303,non functional
30518,functional
11007,functional
8502,functional needs repair
51786,non functional
42727,functional
28549,non functional
22507,functional
48359,functional
33782,functional
64950,functional
47411,functional
21710,functional
48906,non functional
20230,functional
14903,functional
35707,functional
32664,functional needs repair
60874,functional
68076,non functional
41949,functional
6336,functional
32651,functional
54798,functional
17292,functional
33824,functional
15306,functional
32342,functional
33531,functional
46607,functional
4491,functional
71958,non functional
52576,functional needs repair
53306,functional needs repair
10244,functional
59246,non functional
65090,non functional
2552,non functional
5042,functional
71923,functional
14235,non functional
8737,functional
25606,non functional
16379,functional
11958,non functional
64862,functional
17029,non functional
1604,functional needs repair
14773,non functional
11051,non functional
8266,non functional
24298,functional
15713,functional
70086,functional
2442,non functional
10756,functional
39299,functional
22304,functional
61882,non functional
70319,functional
56704,non functional
53662,functional
17785,functional
50084,functional
55147,functional
32285,functional
71901,non functional
10886,non functional
62865,functional
62325,non functional
33723,functional
19521,non functional
53382,functional
47324,functional
58350,functional
9535,functional
37576,functional
26842,non functional
33961,functional
28306,non functional
35728,functional
58677,functional
25562,non functional
17286,functional
34255,functional
3539,functional
72236,functional
5176,functional
54908,functional
32302,functional
31628,functional
14600,functional
63483,functional
29950,non functional
28397,functional
6182,functional
45763,functional
21437,functional
53507,functional
12352,functional needs repair
23086,non functional
73706,functional
71131,functional
37189,functional
22270,non functional
62340,functional
52858,non functional
74188,non functional
60217,functional
11483,functional
38096,functional
49928,functional
39491,non functional
52003,functional
65089,functional
45912,non functional
30846,functional
72606,functional
35851,non functional
21121,functional
54635,functional
73139,functional
48083,functional
23287,non functional
72568,functional needs repair
13391,functional
68565,functional
50677,non functional
39904,functional needs repair
57009,non functional
2663,non functional
71067,functional
54084,functional
53238,non functional
1553,functional
18054,functional
4013,non functional
59561,functional
50449,functional
35396,functional
15800,functional
54316,functional
2997,functional
51756,functional
45417,functional
12501,non functional
57868,functional
62288,non functional
64165,functional
65560,functional needs repair
61805,non functional
7347,non functional
6093,non functional
55015,functional
58217,functional
47153,functional needs repair
37038,functional
72695,functional
70962,non functional
47810,non functional
46088,functional
44808,functional needs repair
20821,non functional
61998,functional
5219,functional
37439,functional
55912,functional
23184,functional
46039,functional
45834,functional
1428,functional
57013,functional
1462,functional
64038,non functional
43692,non functional
45001,functional
68609,functional
14361,non functional
67197,functional
74070,functional
63145,functional
45646,non functional
9339,functional
34250,functional
3581,functional
1892,non functional
35338,functional
67822,functional
71554,non functional
54657,functional
50969,functional
38917,functional
50429,non functional
35726,functional
53327,non functional
61691,functional
8834,non functional
46537,functional
64210,functional
35383,non functional
33242,functional
69681,functional
70338,functional
35477,functional
462,functional needs repair
66967,functional
2847,functional
10425,functional
57105,non functional
51577,functional
10677,non functional
50095,functional
62618,functional
2770,functional
17275,functional
68586,non functional
46255,functional
55731,non functional
48423,functional
30126,non functional
5546,non functional
44230,functional needs repair
22101,non functional
42466,non functional
7793,functional
25830,non functional
8723,non functional
14343,non functional
246,non functional
52010,functional needs repair
59889,functional
25138,non functional
72763,non functional
48821,non functional
28546,non functional
12662,functional
49815,functional
3779,functional needs repair
53333,functional
779,functional
29618,functional
43373,functional
43047,functional
29632,non functional
41447,functional
58798,functional needs repair
15692,non functional
18754,non functional
23119,functional
34467,functional
40370,functional
65581,non functional
44057,non functional
54613,non functional
60871,functional
18868,non functional
2550,functional
1861,functional needs repair
25984,functional
27783,functional
35084,functional
71515,functional
28210,functional
21336,functional
65866,functional
38770,functional
1077,functional
43489,functional
25476,functional
64143,non functional
60474,functional
18908,functional needs repair
7401,functional
57954,non functional
19387,functional
28376,functional needs repair
16609,functional
67902,functional
48911,functional
34435,non functional
46996,functional
49397,non functional
38732,non functional
67092,functional
11487,functional
48597,functional
16062,functional
61843,functional
45947,functional
55036,non functional
1507,functional
73609,functional needs repair
21403,functional
44267,non functional
68942,functional
28961,non functional
43776,functional
7933,functional
50377,non functional
62818,functional
3156,non functional
63790,non functional
3893,functional
31664,non functional
9217,functional needs repair
44373,non functional
46948,non functional
37349,non functional
41037,functional
59168,functional
58816,functional needs repair
62496,functional
68899,functional
16419,functional
25252,functional
5724,non functional
64914,functional
23299,functional
71587,non functional
7864,non functional
19219,non functional
9391,non functional
19535,functional
15057,functional
1,functional
39880,non functional
72684,functional
32789,functional
60488,non functional
30566,functional needs repair
49786,functional
11121,functional
50121,non functional
18346,functional needs repair
64943,functional
58722,non functional
35585,functional
68161,functional needs repair
16130,functional
62457,non functional
51754,functional needs repair
70694,functional
30878,non functional
20649,functional
53857,non functional
28863,functional
49643,non functional
8614,functional
50795,functional
12903,non functional
50443,non functional
61094,functional
48556,functional
41768,non functional
35132,functional
43639,functional
58652,functional
33006,functional
41151,non functional
50150,non functional
40235,non functional
52295,functional
61953,functional
45354,non functional
63327,non functional
60693,functional
62178,non functional
9876,non functional
73834,non functional
47442,non functional
10340,non functional
36164,non functional
37671,functional
27796,functional
64592,functional
57005,functional
31979,functional
68293,functional
17280,non functional
56194,functional
1671,functional
29756,non functional
50065,functional
56553,functional
17589,non functional
52909,functional
23863,functional
22990,functional
13533,functional needs repair
20991,functional
25196,non functional
37635,non functional
27453,non functional
23253,functional needs repair
56646,functional needs repair
41840,non functional
53328,non functional
27854,non functional
411,functional
51732,non functional
4306,non functional
45389,non functional
23548,functional needs repair
25029,functional
67199,functional
17918,non functional
68904,functional
30340,non functional
1654,non functional
31016,non functional
6026,functional
27582,non functional
63347,functional
27209,functional
6455,non functional
45237,functional
54137,functional
9285,non functional
35267,functional
23869,non functional
74156,functional
26395,non functional
21094,functional
7667,functional
51881,functional needs repair
38867,non functional
459,non functional
36601,non functional
20112,functional
64446,non functional
62891,non functional
56207,functional needs repair
44302,functional
12334,functional needs repair
57566,functional
39929,functional
39112,functional
9074,functional
22489,functional
64642,non functional
44312,functional
26780,functional
67450,functional
30749,non functional
6229,non functional
26837,functional
30036,functional
45993,functional
14116,non functional
35788,non functional
14889,non functional
22627,non functional
14795,functional
59134,functional
12129,functional
15382,non functional
67744,functional needs repair
24518,functional
15852,non functional
2605,functional
22303,functional
41266,non functional
15328,functional
9912,non functional
52594,non functional
1234,non functional
17308,functional
39076,functional
29365,functional
44475,functional
12924,functional needs repair
62480,functional
26221,functional
55254,non functional
22648,functional
72345,non functional
57182,non functional
29996,functional
61424,functional
53497,functional
68193,non functional
48102,functional needs repair
73393,non functional
62242,non functional
2312,functional
52259,functional
73300,functional
74125,functional needs repair
2192,functional
20763,non functional
67900,non functional
6959,functional
62213,functional
1241,functional needs repair
30250,functional
22672,functional needs repair
36566,non functional
28866,non functional
52044,functional
48110,non functional
30854,functional
5340,functional
55815,functional
262,functional
10392,functional
30291,functional
20487,functional
11957,functional needs repair
22452,functional
63886,functional
61159,non functional
15846,functional
42631,non functional
44008,functional
40150,functional
19530,functional
52783,non functional
2555,functional
18684,non functional
42335,functional
52434,non functional
57732,functional
11799,functional
63945,functional
39576,non functional
484,functional
65989,functional
39228,functional
70917,functional
45989,functional
28218,non functional
33792,functional
25735,non functional
12367,non functional
48703,functional
70444,non functional
65472,non functional
34130,non functional
64806,non functional
33041,non functional
37926,functional
20297,non functional
68753,non functional
7789,functional needs repair
68213,functional needs repair
46024,functional
28412,functional
52808,non functional
38549,non functional
73510,functional
5640,non functional
68225,non functional
23787,non functional
31928,functional
5701,non functional
45333,non functional
37262,functional needs repair
30484,functional
19822,functional
44470,functional
34248,non functional
23321,functional
70927,non functional
64475,functional
28643,functional
64473,functional
33595,functional
73012,non functional
3087,functional
29817,functional
32252,functional
58180,functional
51160,functional
20561,functional
19660,functional
60663,functional
15217,functional
24262,functional
19711,non functional
48085,non functional
47325,functional
35511,non functional
38965,non functional
36661,non functional
17481,functional
9004,functional
14916,functional
9792,non functional
40784,non functional
45348,functional
44919,functional
56094,functional
29572,non functional
39258,functional
40187,non functional
13681,functional
50832,functional needs repair
21797,functional
32799,non functional
42366,functional needs repair
17638,non functional
17471,functional
9923,functional
6903,non functional
56294,non functional
57864,functional
46978,functional needs repair
59357,functional
40368,functional
70515,functional
49184,functional
71319,functional
3021,functional
51218,functional
11122,non functional
3904,non functional
43175,functional
42935,functional needs repair
25425,functional
9849,functional
66777,non functional
11787,functional
40494,functional
15918,non functional
35759,non functional
144,non functional
12461,functional
57973,functional
61433,non functional
28679,non functional
52416,functional
72527,functional
33922,functional
6640,functional
43308,functional
48248,functional
4733,functional
3038,non functional
31280,non functional
43128,non functional
24766,functional
39100,functional
14364,non functional
65574,functional
25967,non functional
13713,functional
8093,functional
19645,functional
30289,non functional
29786,non functional
34056,functional
55136,functional
42944,functional
63255,non functional
70828,functional
70502,functional
8078,non functional
10355,non functional
32657,non functional
66028,non functional
45118,functional
21897,functional
25249,functional
36982,functional
55585,non functional
5032,functional
22850,non functional
33794,non functional
51425,functional
25519,non functional
48429,non functional
43282,non functional
32863,non functional
42873,functional needs repair
30617,non functional
27121,non functional
14225,functional
57834,functional
28986,functional
56742,functional
39061,non functional
38518,non functional
11759,functional needs repair
44045,non functional
23057,functional
51536,functional
57165,functional
39970,non functional
38423,functional
51129,functional
41004,non functional
68655,non functional
45753,non functional
70929,functional
7664,functional
15586,non functional
70483,non functional
21732,functional needs repair
56825,non functional
56323,non functional
8280,functional
43312,non functional
40320,functional
41530,functional
49566,functional
69036,functional
218,functional
22942,functional
7126,non functional
34978,non functional
46803,non functional
7137,functional
44155,non functional
51299,functional
32500,non functional
41788,non functional
60019,functional
57916,non functional
22139,functional needs repair
63686,non functional
19600,functional
53016,functional
24236,functional
32011,functional
58813,non functional
54803,functional needs repair
4991,non functional
17283,functional
13403,non functional
13430,non functional
25142,functional
63802,functional
71534,non functional
28914,non functional
50568,functional
15395,functional
73458,functional
62586,non functional
20444,non functional
49904,non functional
52876,non functional
37405,functional
67531,functional
20134,functional
70494,functional
12508,functional
61952,functional needs repair
29373,non functional
42517,functional
73716,non functional
30661,functional
28751,functional
5269,functional
46693,non functional
71888,functional
44868,non functional
72213,functional
63386,functional
62164,functional
30293,non functional
30271,non functional
61413,functional
28662,functional
51125,non functional
773,functional
8287,functional
2463,functional
5436,functional needs repair
38286,non functional
36809,non functional
69712,functional
4010,non functional
70301,functional
39957,functional
38201,functional
70956,functional
68994,functional
40775,functional
14892,functional
63778,non functional
12382,non functional
15745,functional
64425,functional
33143,functional
61808,functional
44242,functional
59718,non functional
67357,functional
25073,non functional
46624,non functional
63489,non functional
53168,non functional
68401,non functional
69874,functional
46915,non functional
47175,functional
52590,non functional
53580,non functional
53752,functional
61459,functional
71833,functional
27168,non functional
28041,non functional
64777,functional
15440,functional
25039,non functional
35645,functional
67838,functional needs repair
69535,non functional
66021,non functional
64282,non functional
21622,non functional
47823,functional
72132,functional
1479,non functional
226,functional
25738,non functional
28630,functional
45016,functional
21944,functional
69041,functional
72872,non functional
3545,non functional
65576,functional
41615,functional
44129,functional
29123,functional
37851,non functional
71942,functional
63944,non functional
46002,functional
25778,functional
51495,functional needs repair
19258,functional
46038,non functional
12959,functional
36717,functional needs repair
30604,functional
6484,functional
71111,non functional
57609,functional
44480,functional
65315,non functional
73154,functional
46746,functional
25890,functional
67255,non functional
25553,functional
39036,functional needs repair
28203,non functional
49791,non functional
72951,functional
17932,non functional
33591,functional needs repair
19970,non functional
10522,functional
17116,functional
399,functional
4621,functional
63895,non functional
65033,non functional
54472,functional
34403,functional
11374,functional
45399,functional
23449,functional
42622,functional
35911,non functional
66502,non functional
34371,functional
6355,functional
9308,functional
40532,non functional
68166,non functional
56305,non functional
27021,functional
71267,non functional
34802,non functional
17304,non functional
58425,functional
1247,non functional
30769,functional
9351,functional needs repair
59334,functional
39975,functional
12925,functional
21124,non functional
2265,functional
64170,functional
5045,functional
64402,non functional
19495,functional
71951,functional
21864,functional
8277,functional
71271,functional
21186,functional
62461,functional needs repair
58189,non functional
12568,functional
40117,functional
13455,functional
34664,functional
59270,non functional
47220,non functional
2968,functional
65911,non functional
2355,functional
41084,functional
9311,functional
47287,non functional
32038,functional
62736,functional
73131,functional
15641,non functional
47753,non functional
59382,functional needs repair
26319,functional
42036,non functional
2851,non functional
21334,non functional
65918,functional
42427,functional
24319,non functional
7223,non functional
22470,functional
25470,functional
28579,non functional
36664,functional needs repair
68359,non functional
21203,non functional
31414,functional
20045,functional
56628,non functional
2714,non functional
51271,non functional
12896,functional needs repair
7209,non functional
59862,functional
19855,functional
51309,non functional
46081,functional
28399,functional
12235,non functional
1948,non functional
6522,non functional
69525,non functional
22912,non functional
66137,non functional
65852,functional
73709,functional
48486,non functional
29761,functional
31680,non functional
20328,non functional
5321,functional
43263,functional
43206,non functional
19813,non functional
17621,functional
50695,non functional
73022,functional
49283,non functional
32819,functional
28629,functional
25679,non functional
23296,functional
25499,functional
9698,functional
25966,functional
53042,non functional
42289,non functional
39254,non functional
58806,functional
60660,non functional
25419,non functional
38433,non functional
25102,non functional
67216,non functional
25811,non functional
17922,non functional
6841,functional
72097,non functional
64221,functional
4047,functional needs repair
58066,non functional
21639,functional
63595,functional
63233,functional
8367,functional
7136,non functional
12869,functional
25648,non functional
24071,functional
25208,functional
6062,functional needs repair
40597,non functional
42647,non functional
57064,non functional
28059,non functional
51163,functional
37326,non functional
21912,functional
73893,functional
67319,functional
20108,functional
74145,functional
13619,functional
72749,functional
10748,non functional
775,functional
35493,non functional
61803,functional
11201,functional
8841,non functional
8839,functional
16243,functional
49361,non functional
46837,functional
30662,non functional
70752,functional
30324,functional
62850,non functional
68188,non functional
900,non functional
46036,non functional
14676,functional
49584,functional
72789,functional
3669,functional
24183,non functional
50673,non functional
20809,functional
60959,functional
15414,non functional
47390,functional
40275,non functional
62183,functional
39946,non functional
41466,non functional
14042,functional
3579,non functional
46035,functional
13616,functional
19881,functional
55171,non functional
48532,functional
13621,non functional
17399,non functional
31660,functional
43979,non functional
5248,non functional
66273,functional
50050,functional
17490,functional
49196,functional
27704,functional
68968,functional
8166,non functional
49330,functional needs repair
21730,functional
47941,functional needs repair
70009,non functional
46982,functional
14318,functional
71955,functional
16925,non functional
16968,functional
11322,non functional
557,functional
37588,non functional
28802,functional
10303,functional needs repair
30690,functional needs repair
58162,functional
58976,functional
50384,functional
69162,functional
55594,functional
20507,functional
8906,non functional
44062,functional
70848,functional needs repair
54882,functional needs repair
4962,functional
604,functional
39689,non functional
1314,non functional
46689,functional
25453,non functional
71300,non functional
16869,functional
70203,functional
63090,non functional
34719,functional needs repair
73042,non functional
65326,non functional
54598,functional
52986,functional
47624,non functional
72284,functional needs repair
15821,functional
71020,functional
22465,functional needs repair
46560,non functional
1268,functional
41972,functional
40096,functional
63232,non functional
64,functional
67551,non functional
38942,functional
16274,non functional
33301,non functional
42711,functional needs repair
42111,functional
50297,non functional
4530,non functional
37577,functional
27903,non functional
51969,functional
1954,functional
19494,functional
60443,functional
4924,functional
62507,functional
56439,functional
32051,non functional
6456,functional
29374,functional
51222,non functional
35089,non functional
63954,functional
65596,functional
774,functional
9628,functional
65944,non functional
9891,functional
49917,functional
19863,non functional
73418,functional
33099,non functional
30028,non functional
51248,functional
35940,functional needs repair
33777,functional
68308,non functional
32906,functional
49284,functional
42155,functional
72254,functional
55774,non functional
69241,functional needs repair
17546,non functional
42233,functional
25695,functional
21050,functional
43164,non functional
12676,non functional
22526,non functional
10129,functional needs repair
19480,non functional
62,functional
53176,functional
56227,non functional
68789,functional
7508,non functional
52602,non functional
63503,functional
27519,non functional
33717,functional needs repair
58286,functional
10058,non functional
35380,functional
52727,non functional
63843,functional
4782,functional
71056,functional
17476,non functional
36823,non functional
38743,non functional
38151,non functional
54451,non functional
45242,functional
49313,functional
27407,non functional
40787,functional
35929,non functional
2466,non functional
28129,functional
55780,functional
24097,functional
51018,functional
58895,non functional
62871,functional
27960,non functional
61363,functional
33827,functional
12842,non functional
55019,functional
40693,non functional
40214,non functional
41641,functional
48460,non functional
52643,non functional
35937,functional
10019,functional
45021,functional
29173,non functional
42248,functional
51133,functional
11551,functional
22533,functional needs repair
32530,functional
63065,functional
40584,functional
1478,functional
38616,functional
69986,functional
32674,non functional
44530,functional
67180,functional
38458,functional
5561,functional
35678,functional
70690,non functional
43701,non functional
65,functional
58749,functional
17703,functional
66189,non functional
62546,functional
46018,functional
7886,non functional
68127,non functional
29064,non functional
40738,non functional
27815,functional
37166,functional
46393,non functional
550,functional
69328,functional
65970,non functional
19261,functional
21232,functional needs repair
22010,non functional
5537,non functional
67864,functional needs repair
65417,functional
68063,non functional
8263,functional
63001,non functional
7047,functional needs repair
13206,functional
70231,functional
5584,functional
16333,functional
74210,functional needs repair
35574,non functional
29461,non functional
67200,non functional
48351,functional needs repair
16175,non functional
187,non functional
62362,functional
69509,functional
25265,functional needs repair
999,non functional
67703,functional
74160,functional
41307,functional
32343,non functional
22427,functional
36468,functional
53277,functional needs repair
16895,functional
46847,functional
37522,functional
43542,functional
46148,functional
59145,functional needs repair
52725,functional
70702,non functional
20543,non functional
2970,functional
36354,functional
28077,non functional
21782,functional
37968,non functional
57468,non functional
59901,functional
17817,non functional
24534,functional
50365,functional
60828,functional
24149,functional
54563,functional
44393,non functional
68835,functional
15915,non functional
9679,non functional
38783,functional
50784,functional
57110,functional needs repair
983,functional
59985,non functional
37862,functional
52730,functional
39500,non functional
3626,non functional
31708,non functional
29220,functional
58399,functional
1835,non functional
38545,non functional
49328,non functional
26472,functional
69751,functional
69414,non functional
43278,functional
38737,functional
71453,functional needs repair
53928,functional
58358,functional
66871,functional
27688,functional needs repair
32609,non functional
58098,functional
67283,functional
69723,functional
17637,functional
9479,functional
38787,functional
32763,functional
13448,non functional
26344,non functional
37946,non functional
26120,functional
13875,non functional
15721,non functional
9789,non functional
61762,non functional
17061,functional
36426,non functional
7235,functional
12739,non functional
21315,functional
37827,non functional
34364,functional
18672,functional
3365,functional
44904,functional
62013,non functional
44890,non functional
18895,functional
16764,non functional
5815,functional
25221,functional
48459,non functional
14351,functional
54973,non functional
18885,functional
11735,non functional
46567,functional
38860,functional needs repair
16579,functional
28498,functional
68751,non functional
66774,functional
36783,functional needs repair
21089,functional
64043,non functional
65083,non functional
66723,functional
30469,functional
30342,non functional
12032,non functional
28389,non functional
37853,functional needs repair
51382,non functional
5908,functional
24750,non functional
31313,functional
69044,functional
18058,functional needs repair
40556,non functional
32899,functional
73857,functional needs repair
37058,functional
9406,non functional
22575,non functional
52119,non functional
8191,non functional
52708,functional
12179,functional
22050,non functional
48318,functional
9989,non functional
22476,non functional
44445,functional needs repair
55733,non functional
27396,functional
59204,non functional
19568,functional
17814,functional
27786,functional
29234,functional
65392,functional
35446,functional
43694,non functional
37449,functional
57227,non functional
2471,non functional
29144,functional
40899,functional
14658,functional
13590,functional
33069,non functional
23093,functional needs repair
57493,non functional
45098,functional
33294,non functional
35787,non functional
33103,functional
67350,non functional
43863,functional
61498,functional
20471,functional
70709,functional
69716,functional
57618,non functional
66617,non functional
68229,functional needs repair
23052,functional
2040,functional
28838,functional
40836,functional
11369,non functional
64100,functional needs repair
22057,functional
11112,functional
31181,non functional
57232,functional needs repair
9718,non functional
26563,non functional
6905,functional
39704,non functional
48411,functional
53749,non functional
52650,non functional
27364,functional needs repair
60000,functional
45743,functional
31853,functional
61138,functional
11273,functional needs repair
26704,non functional
59007,functional
27748,non functional
14060,functional
60152,functional needs repair
29596,non functional
41150,non functional
24793,non functional
15504,functional
49571,non functional
73586,functional
17766,non functional
11960,functional needs repair
49306,functional
26368,functional
8019,non functional
56879,functional
24106,functional
15257,functional
41378,non functional
10009,functional
70654,functional
15724,functional
36996,functional
69667,non functional
578,non functional
17893,functional needs repair
1929,functional
27221,non functional
54201,functional
37032,functional
12464,functional
40110,functional needs repair
14854,non functional
9429,non functional
66682,non functional
29366,functional needs repair
60356,non functional
31014,non functional
48944,functional
67559,non functional
44487,functional
38359,functional
61761,functional
25059,functional
55649,non functional
64115,functional
45817,functional
23379,functional
45812,non functional
11085,functional needs repair
9516,functional
3125,functional
24050,non functional
17721,non functional
36006,non functional
66862,functional
55102,non functional
15723,non functional
53578,functional
19252,functional
18350,functional needs repair
61715,non functional
28131,functional
15629,functional
25718,functional
30258,functional
56059,functional
6916,functional
11686,functional
25382,functional
28770,functional
73693,non functional
72520,functional
19547,functional
63326,functional
63631,non functional
17864,functional
5787,non functional
33958,functional
62583,non functional
66106,functional
55871,functional
64114,functional needs repair
72421,non functional
37618,non functional
49981,functional
59749,functional needs repair
30961,functional
11005,non functional
36108,non functional
19188,non functional
53117,non functional
4022,functional needs repair
60742,functional
20142,functional
49083,non functional
49456,functional
33135,non functional
23874,functional
17347,non functional
4310,functional
8896,functional
28430,functional
58924,functional
66066,functional
4850,non functional
1057,functional
73607,non functional
57321,functional
1434,non functional
42607,functional
40585,functional
17543,non functional
2729,functional
58104,functional
56484,non functional
59019,functional
35872,non functional
70275,non functional
4303,functional
59859,non functional
40399,non functional
70818,non functional
17511,functional
25457,functional
38681,functional
43973,functional
73894,functional
56912,non functional
61788,non functional
13318,functional
11277,non functional
21283,functional
12520,non functional
36151,functional
7704,non functional
27370,functional
53593,functional
54819,functional
19055,functional
73120,functional
14278,functional
64092,functional
2501,functional
22311,functional
37288,functional
5583,non functional
51903,functional
3759,non functional
44707,functional
46740,non functional
24093,functional
23146,non functional
24732,non functional
37755,functional
63077,non functional
70839,non functional
59453,functional needs repair
6670,functional
25575,functional
33216,functional
8211,functional
30582,non functional
31333,non functional
24391,functional
25728,non functional
18315,functional
67610,functional
18482,functional
37260,non functional
35379,functional
59767,functional
13773,non functional
40443,functional
34237,functional
32920,non functional
6590,functional
6054,functional
7885,functional
18175,non functional
25309,functional
70279,functional
56982,non functional
43871,functional
6884,functional
61275,non functional
69794,functional
69252,non functional
46773,non functional
1046,functional
28281,functional
50685,functional needs repair
993,functional
25883,non functional
53276,non functional
1381,non functional
64832,functional
35426,functional
13332,functional
68202,functional
41024,functional
40464,non functional
27409,functional
18100,functional
2091,functional
66721,functional
58867,non functional
29066,functional
17944,functional needs repair
43448,non functional
54860,non functional
12397,functional
13213,non functional
18704,functional
45449,functional
18267,functional
387,non functional
32315,functional
52464,functional
49240,non functional
51107,non functional
27792,non functional
66045,non functional
8484,functional
40133,non functional
10383,non functional
30050,non functional
8126,functional
40302,functional
24556,functional
32071,functional
44990,functional
26132,functional
38719,functional
50373,functional
61465,non functional
45900,functional
39797,non functional
18354,functional
47169,functional
63556,non functional
42713,non functional
40145,non functional
65934,functional
9592,non functional
72189,functional
8564,functional
337,functional
47092,non functional
11716,non functional
35510,functional
58231,functional
68905,functional
7744,functional
3729,non functional
4939,functional
35809,non functional
37863,functional
19346,functional
19214,functional
61015,non functional
62249,non functional
39841,functional
6233,functional
65995,functional
19580,non functional
51691,non functional
69732,functional
10908,functional
63189,non functional
53907,non functional
42159,non functional
6901,non functional
30266,non functional
35346,functional
10764,functional
73408,functional
72863,functional
18744,non functional
47881,non functional
16249,functional
52480,non functional
58140,functional
10130,non functional
57223,non functional
70403,functional
63257,functional
14325,functional
3181,non functional
71198,functional
52633,functional
42211,functional
5870,non functional
11599,functional
7887,functional
50655,functional
42274,functional
18956,non functional
26145,non functional
27020,functional
9548,non functional
44122,functional
26252,functional
61446,functional
54103,non functional
5090,functional
64983,non functional
58582,functional
28088,functional
9744,non functional
49357,non functional
40439,functional
30717,functional
19288,functional
6154,functional
5623,non functional
31600,functional
46099,non functional
55366,functional
72359,non functional
28117,non functional
4372,functional
7252,non functional
22284,functional
33613,functional needs repair
34872,functional
56580,functional
70478,functional
48081,non functional
71360,non functional
41165,non functional
35286,functional
58893,non functional
65530,non functional
59082,functional
4968,non functional
66157,functional
52697,functional
37539,functional
268,functional needs repair
30012,non functional
58540,non functional
66664,functional
5834,non functional
53086,functional
25675,functional needs repair
53307,non functional
43722,non functional
73660,functional
72831,functional needs repair
61630,functional
41348,non functional
49901,non functional
35662,non functional
30970,functional
54708,functional
55462,non functional
62643,non functional
7013,functional
72007,non functional
1456,non functional
41212,functional
52181,functional
22023,functional
36616,functional
64883,non functional
32403,non functional
70736,non functional
11364,functional
73518,non functional
19407,functional
39272,non functional
58971,functional needs repair
73128,non functional
69394,non functional
23286,non functional
14370,functional
20239,non functional
16401,functional
26445,non functional
34185,non functional
38406,functional
15616,non functional
25691,functional
47522,non functional
11169,functional
55192,non functional
23729,functional
7690,functional
48485,non functional
44791,non functional
47736,functional
70676,functional
68637,non functional
12392,functional
52368,functional
41398,functional
43816,functional
42348,functional
39985,non functional
48157,functional
72826,functional
64966,non functional
48161,functional
5279,functional
16044,functional
73320,non functional
56994,functional
23693,functional
935,non functional
31834,non functional
52847,functional
23324,non functional
70428,functional
67364,functional
40833,non functional
19110,functional
20264,non functional
4540,functional needs repair
71076,functional
23990,functional
66498,functional
30376,functional
42125,non functional
57933,functional
54547,non functional
42655,functional
17340,functional
25956,functional
56669,functional
73114,functional
63425,functional
54255,functional
19841,functional
7743,non functional
64419,functional
40037,functional
34684,functional
19314,functional
64197,non functional
59789,non functional
46848,non functional
29211,non functional
14749,non functional
49478,functional needs repair
43723,functional needs repair
74059,functional
68912,non functional
14776,functional
25640,non functional
55358,non functional
67911,non functional
10464,functional
10155,functional
72298,non functional
28666,functional
51962,functional
43893,functional
29140,functional
7646,non functional
44787,non functional
27328,functional
16398,functional
13438,functional needs repair
64638,functional
63016,functional
41789,functional needs repair
48184,functional
39480,non functional
6552,functional
72020,non functional
44946,functional
16167,functional
29740,non functional
30498,non functional
66359,non functional
36810,functional
56774,non functional
37735,non functional
71513,non functional
69081,functional
28682,functional
12790,functional
26061,functional needs repair
69944,non functional
58081,non functional
39495,functional
66736,non functional
38749,non functional
15197,functional
7258,non functional
72587,functional
53798,non functional
25071,functional
56851,functional
47173,non functional
57786,functional
69520,functional
64489,non functional
54557,functional
63942,non functional
71945,functional
8045,functional
11948,functional
4166,functional
68268,functional
56005,functional needs repair
46495,functional
23176,functional
10793,non functional
40011,non functional
50141,non functional
29968,functional
22451,functional
63766,functional
21915,non functional
13383,functional
33769,non functional
48347,functional needs repair
29526,functional
49749,non functional
25833,functional needs repair
37894,non functional
6316,functional
61844,non functional
5759,non functional
39009,non functional
38832,functional
21694,non functional
28556,non functional
62685,non functional
24109,non functional
38817,non functional
20892,non functional
14022,functional
14993,functional needs repair
22098,functional
41320,non functional
68847,functional
71466,functional
55554,functional
29406,functional
3231,non functional
25567,functional
4448,functional needs repair
62214,functional
37748,non functional
36738,non functional
13013,functional
62648,functional
30004,non functional
57741,functional
53974,functional
7717,non functional
54750,functional
21988,functional
11995,functional
24838,functional
35075,functional
72116,functional
4851,functional
37230,non functional
27296,functional needs repair
27019,functional
17996,functional
6184,functional
17739,non functional
356,functional
23777,functional
36901,functional
6432,functional
29117,functional
68668,functional
47813,non functional
3397,functional
33891,functional
35960,functional
73328,functional
13043,functional needs repair
15590,functional
25134,functional
48320,functional
50612,non functional
22455,functional
54742,functional
67859,non functional
15911,functional needs repair
9081,functional
40152,functional
74053,non functional
6002,non functional
14399,functional
71972,functional
12202,functional
14665,non functional
30794,non functional
6558,functional
30762,functional needs repair
65819,functional needs repair
24044,functional needs repair
59373,functional
49366,functional
60795,non functional
44656,functional
26113,non functional
19710,non functional
31926,non functional
56162,functional
30414,non functional
53819,functional
53998,non functional
65343,functional
59114,functional
40695,functional
64142,functional
4489,functional
58031,functional
53177,functional
39899,functional
30799,functional
5246,non functional
67174,non functional
65687,non functional
14137,non functional
9855,non functional
43,non functional
59108,non functional
29337,functional needs repair
18930,functional
52601,functional
21275,functional
47193,non functional
38401,functional needs repair
36712,functional
12355,functional
41545,functional
54294,non functional
39067,functional needs repair
38440,functional
12207,functional
761,functional
28469,functional
14771,non functional
44102,non functional
23919,functional
30965,non functional
45378,non functional
10071,functional needs repair
27049,functional
50467,functional
48689,functional
44834,non functional
73102,non functional
29897,functional
49974,non functional
18664,non functional
13840,non functional
19880,functional
40734,non functional
42004,functional needs repair
34308,non functional
46391,non functional
4791,functional
36950,non functional
2050,functional
13595,functional
14615,non functional
41421,functional
1924,non functional
25903,non functional
56836,functional
12253,non functional
34317,functional
41720,non functional
71492,functional
55115,functional
11765,non functional
63818,non functional
1289,functional
25607,functional
19472,functional needs repair
57970,functional
16338,non functional
3084,functional
120,functional
44722,functional
66762,functional
22454,functional
13618,non functional
24002,functional
44398,functional needs repair
72234,functional
7970,non functional
4469,functional
63859,functional
11124,non functional
24761,non functional
69247,functional
53268,non functional
37373,functional
55564,non functional
250,functional
18243,non functional
14582,non functional
63868,non functional
38811,functional
44160,functional
11642,non functional
55116,functional
21408,functional
7822,non functional
53270,non functional
1996,non functional
43539,functional
2169,non functional
71136,non functional
34676,non functional
68484,non functional
57590,functional
50817,functional
41626,functional
39533,functional needs repair
39462,functional
65525,functional
53078,functional
44336,functional
70570,functional
5242,non functional
41222,functional
71507,functional
16683,functional
42030,non functional
42460,functional
2202,functional
52282,non functional
38626,functional
64067,non functional
46154,functional
50723,functional
9176,functional
41813,functional
40429,functional
42834,non functional
53262,functional
24984,non functional
40596,functional
28764,functional
43837,non functional
30327,functional
65257,functional
26633,non functional
54614,non functional
55751,non functional
53818,functional
39767,functional
59461,non functional
15027,non functional
3401,functional
15995,non functional
71061,functional
51137,functional
26808,functional
46315,functional needs repair
41439,functional
18241,functional
13534,functional
34867,non functional
4789,functional
29908,non functional
43798,functional
70449,functional
6585,functional
70151,non functional
52506,non functional
36169,non functional
38723,functional
54782,non functional
70614,non functional
3458,non functional
7383,functional needs repair
30239,functional
65353,non functional
12185,non functional
72973,non functional
9382,functional
55305,non functional
69847,non functional
41482,functional
17036,functional
3812,functional
6447,functional
42886,functional
7505,functional
27460,functional
27462,functional
666,functional
55215,functional
64333,functional
4861,non functional
67653,non functional
29380,non functional
6063,functional
50228,non functional
53240,non functional
30461,functional
38869,functional
32809,functional
40628,functional
41405,functional
40656,non functional
36915,non functional
62138,functional
43507,functional
20369,non functional
65487,functional
46532,non functional
59573,non functional
31922,non functional
8148,non functional
272,functional
32505,non functional
54976,functional
17199,non functional
27763,functional
17906,functional
4600,non functional
47514,non functional
69056,functional
60145,functional
54277,functional
42605,non functional
43348,non functional
54434,functional
70014,non functional
60843,functional needs repair
27830,non functional
57983,functional
15899,functional
32022,functional
69033,functional
44865,functional
42940,functional needs repair
72623,non functional
14301,functional
56974,functional
49048,functional
17366,functional
40336,functional
11058,functional
63722,functional
31281,non functional
15998,functional
5723,functional
64370,functional
1404,non functional
23170,functional
12294,functional
13747,functional
69034,functional
49186,functional
69688,non functional
12949,functional
62925,functional
9105,functional
57989,functional
68615,non functional
49801,functional
2425,functional
61648,functional
53425,functional
71804,functional needs repair
8740,functional
27727,functional needs repair
52629,non functional
60091,functional
57392,functional
56889,functional
36122,non functional
54640,functional
8228,functional needs repair
55685,functional
30221,functional
45620,functional
22265,functional
54081,functional
1147,non functional
58647,functional
43170,non functional
28234,functional
11902,non functional
4369,functional
18303,non functional
21256,functional
69708,non functional
50950,non functional
54655,functional
40226,functional
42462,non functional
40501,functional
40237,non functional
1842,non functional
58845,functional
26338,functional
60412,non functional
47208,non functional
55013,functional needs repair
27571,functional
40200,functional
24370,functional
16073,functional
55503,functional
17218,functional
33047,functional
29164,functional
68659,non functional
69669,non functional
62567,functional needs repair
18188,functional
12265,non functional
45952,non functional
24012,functional
50159,functional
71869,functional
64518,functional needs repair
11773,functional
52360,non functional
49019,non functional
7761,functional needs repair
32441,non functional
50227,functional
48871,non functional
30382,functional
54097,functional
41954,functional
57778,functional
64982,functional
66964,functional
69111,functional
18490,functional
55515,non functional
19663,functional
33603,functional
39216,functional
43661,non functional
51278,non functional
64725,functional needs repair
33540,non functional
8750,functional
27802,non functional
21277,functional
39145,functional
47494,non functional
38355,non functional
25030,functional
54877,functional needs repair
25341,functional
66479,functional
8010,functional
43560,functional
56769,non functional
60761,non functional
21871,non functional
33354,non functional
23183,non functional
31649,functional
37393,non functional
65213,non functional
59593,functional
42741,functional
39503,non functional
26594,functional
70384,functional
36454,non functional
50632,non functional
45080,functional needs repair
43813,non functional
33865,functional
22325,non functional
27681,non functional
61790,functional
15715,functional
48160,non functional
25297,non functional
64014,non functional
2060,functional
41520,functional
69335,non functional
39835,non functional
57143,functional
4900,functional
1154,non functional
65086,functional
8680,functional
20766,functional needs repair
51674,functional
33394,functional
51923,non functional
9023,functional
24045,functional
28092,non functional
35815,functional
63497,non functional
30465,functional
11562,functional
28625,functional
62310,functional
19046,functional needs repair
28511,functional
29046,functional
7322,non functional
33334,functional
4428,non functional
46389,non functional
48544,functional
6038,functional
47686,functional
44248,non functional
30808,non functional
5707,functional
39475,functional
40083,functional
54813,functional
39726,non functional
50292,functional
54968,functional
28730,non functional
3150,functional
12038,functional
1152,functional
45881,non functional
58563,non functional
41094,functional
57120,functional needs repair
17302,functional
25106,functional
29885,non functional
15660,functional needs repair
59596,functional
70629,non functional
12630,non functional
49230,functional
44289,functional
72774,functional
56438,functional needs repair
22242,non functional
51172,functional
59113,functional
22047,functional needs repair
52135,functional
60906,functional
5129,non functional
18093,non functional
61195,functional
8926,non functional
25945,non functional
62467,functional
51693,non functional
15137,functional
41921,functional
48560,functional
43487,functional
47362,non functional
521,functional needs repair
51535,non functional
4823,functional
61565,functional needs repair
8965,functional
6263,non functional
7125,non functional
25613,functional
20859,functional
44036,non functional
4354,non functional
5657,functional
64578,functional
44554,functional
45134,functional needs repair
50397,non functional
21064,functional
40304,non functional
69113,functional
64753,non functional
54347,functional
41171,functional
73470,non functional
64524,functional
23224,non functional
4257,functional
51346,non functional
14004,non functional
32230,non functional
54959,non functional
39237,non functional
39481,functional
23178,functional
44898,functional
15523,functional
43159,functional
34428,non functional
23642,functional needs repair
2600,functional
55430,non functional
45640,non functional
70677,functional
60233,functional
65122,functional
24891,functional needs repair
64138,functional
14124,non functional
37177,functional
47717,functional
40796,non functional
18553,non functional
16557,functional
47382,functional
48963,functional
52815,functional
50968,functional needs repair
63761,non functional
16446,functional needs repair
27709,functional
32178,functional
42271,non functional
51468,functional
33846,non functional
47245,non functional
17717,functional
18019,functional
68892,non functional
11403,functional
10736,functional
5258,functional needs repair
57293,functional
4831,functional
2606,functional
1919,functional
22710,functional needs repair
73234,functional
41638,non functional
64231,non functional
55826,functional
69260,non functional
10309,functional
15021,functional needs repair
55282,functional
66641,non functional
52752,functional
35888,non functional
53071,functional
67168,functional
73146,functional
47455,functional
38316,non functional
4959,non functional
33897,non functional
33198,functional
4039,non functional
126,functional
36407,functional
73419,functional
12075,non functional
2865,functional
4727,non functional
4558,functional
57311,non functional
50011,non functional
11572,functional
8428,non functional
61920,non functional
13329,non functional
29926,non functional
41526,functional
33000,functional
69616,non functional
37705,functional
47563,functional
63141,non functional
41167,functional
14511,functional
32548,functional
67636,non functional
29242,functional
47436,functional
59857,non functional
47302,non functional
38000,functional needs repair
50409,functional
10230,functional needs repair
68390,functional
10418,functional
61402,non functional
22048,functional
33912,functional needs repair
71703,functional
71259,functional
53854,functional
69227,non functional
22614,functional
54981,non functional
15839,functional
30423,non functional
41338,functional
14675,functional
34032,functional
1849,non functional
23465,functional needs repair
36524,non functional
62008,functional
40290,functional
11491,functional
17474,non functional
38091,functional
21953,non functional
55616,functional
41646,non functional
21462,functional
23774,functional
27442,functional needs repair
43015,functional
38937,functional
41011,non functional
2921,non functional
15479,non functional
42561,functional
4185,non functional
38622,functional
70743,non functional
2422,non functional
10422,non functional
24492,functional
45674,functional
1354,functional
34573,functional
4194,functional
9521,functional
69864,functional
39450,non functional
31578,non functional
39492,non functional
40473,functional
13337,non functional
51995,non functional
22532,non functional
8993,non functional
4926,functional
14871,functional
2752,non functional
43336,non functional
41218,functional
38034,functional
21460,non functional
24923,non functional
15451,functional
19571,non functional
57146,functional
74023,non functional
69598,functional
67457,functional
3543,non functional
60070,non functional
33939,non functional
52430,functional
7814,functional
15706,functional
5824,functional
27281,non functional
49353,non functional
41490,non functional
1595,functional needs repair
2362,non functional
16250,functional needs repair
11565,functional
59963,non functional
3538,non functional
21978,non functional
39739,functional
33493,functional
44717,non functional
21966,functional
24137,functional needs repair
1963,functional
69439,functional
17569,functional
35042,non functional
11338,functional needs repair
22106,non functional
3107,functional
22538,non functional
12742,functional
13305,functional
43226,functional
27809,functional
67373,functional
27699,functional
25756,functional
24538,non functional
24809,non functional
15905,non functional
61087,non functional
49503,functional
15826,non functional
67322,non functional
70073,functional
24168,non functional
62313,functional
14374,functional
71468,non functional
33657,functional
66735,functional
63496,non functional
37226,functional
36854,functional
20788,non functional
34822,functional
29893,non functional
67947,functional
23601,non functional
839,non functional
54364,functional
5662,non functional
62959,functional
70390,functional
72270,functional
51746,functional
69911,functional
51519,non functional
19887,functional needs repair
6414,non functional
61464,functional
49187,functional needs repair
66501,functional
70744,functional
13514,functional
20460,functional needs repair
11356,functional
4974,functional
13677,functional
45942,non functional
13661,functional
50052,functional
64881,functional
10997,functional
69015,functional
42284,non functional
13954,functional
51998,functional
5991,functional
60499,functional
60943,non functional
22656,functional needs repair
51462,non functional
47434,functional
18336,non functional
31421,functional
29753,functional
47553,functional
2359,functional
33526,functional
50650,functional needs repair
38288,functional
27973,functional
32567,non functional
12775,functional
18248,functional
53955,non functional
53259,non functional
32435,non functional
61631,functional
47059,non functional
2604,functional
31938,non functional
43657,functional
58349,non functional
53384,functional needs repair
9247,non functional
5216,non functional
15241,functional
60188,functional needs repair
19112,functional
61633,non functional
22807,functional
17714,functional
1013,functional
60503,non functional
15712,non functional
63179,functional
38177,functional
61938,non functional
4701,functional
62784,non functional
32337,non functional
16121,functional
36649,non functional
32383,functional
24989,non functional
22480,functional
14128,functional
43940,functional
40112,non functional
8582,functional
68692,functional
36150,functional
49216,functional
19937,non functional
34179,non functional
68099,functional
42498,functional
5788,functional
21304,functional
14293,functional
62369,functional
60295,functional
31006,functional
13284,functional
35037,functional
26424,functional
71993,functional
28123,functional
64991,functional
65961,functional
54584,non functional
7597,functional
49454,non functional
65186,non functional
37801,functional
50746,functional
9993,functional
269,functional
72056,non functional
4463,non functional
53061,functional
22029,functional
66103,functional needs repair
41397,functional
5286,non functional
30856,non functional
56460,functional
9623,functional
72017,functional
11817,functional
12326,functional
723,functional
35415,non functional
54944,functional
21382,non functional
11575,functional
20049,non functional
50182,functional
55527,functional
73390,functional
43281,functional
7506,functional
41688,non functional
37199,non functional
15974,non functional
27505,functional needs repair
53108,functional
43413,functional
67103,functional
64558,functional
67766,non functional
7787,functional
14732,functional
3128,functional
5996,functional
8385,functional
31576,functional
31635,functional
9189,non functional
5348,non functional
41026,functional
47033,functional
33862,functional
21568,functional
68866,functional needs repair
30816,functional
67890,functional
50955,functional
18750,functional
54257,non functional
19075,non functional
24529,functional
47873,non functional
4777,functional
32775,non functional
60902,non functional
57579,non functional
17210,functional
12624,functional
52307,functional needs repair
57279,functional
6653,non functional
35204,functional
8719,functional
3195,functional
36233,functional
17843,functional needs repair
38638,functional needs repair
4583,functional needs repair
10979,non functional
13225,functional
20707,functional needs repair
49190,non functional
11099,functional
58324,non functional
60802,non functional
72303,functional
67886,functional
15316,functional
48640,functional
47453,functional
20198,non functional
44503,functional
40643,functional
1930,functional
1423,functional
13363,non functional
38852,functional
50915,functional
32432,functional
7564,functional
31541,non functional
53766,functional
24272,functional
65635,non functional
55668,non functional
4114,functional
3706,functional
40410,functional
5249,non functional
14563,functional needs repair
67175,non functional
18832,non functional
34604,functional
39494,functional
65589,functional
9833,non functional
7973,functional
16884,functional
6855,non functional
34959,functional
59834,functional
37798,functional
855,functional
60403,functional
48012,functional
20075,non functional
37890,functional
45634,non functional
32729,non functional
7574,non functional
72326,non functional
9301,non functional
17856,functional
48554,functional
10325,non functional
70708,functional
42645,functional
40349,functional needs repair
37113,non functional
18138,non functional
10061,non functional
9562,functional needs repair
52539,non functional
9455,functional
66647,functional
48733,non functional
21486,functional
21524,functional
24784,non functional
6683,functional
35745,non functional
18214,functional
41556,non functional
59345,functional needs repair
31109,non functional
14751,functional
67716,non functional
41117,non functional
56615,non functional
4668,non functional
33648,non functional
19374,non functional
42506,functional
53199,functional
59687,functional
51176,non functional
14927,non functional
65352,functional
52649,functional needs repair
10213,functional
2572,functional
37047,non functional
14556,non functional
69444,non functional
37345,non functional
32193,functional needs repair
63403,functional
380,functional
22927,non functional
5799,functional
58968,functional needs repair
9032,functional
25593,non functional
36730,functional
38477,non functional
32523,non functional
13847,functional
73254,non functional
4836,functional
74112,non functional
55251,functional
58233,non functional
28980,non functional
62225,functional
66426,non functional
61587,non functional
30322,non functional
51542,functional needs repair
7732,non functional
53828,non functional
71165,non functional
36727,functional
60576,functional
55020,non functional
38835,non functional
26449,functional
37031,non functional
66033,functional
3282,non functional
34728,non functional
27701,non functional
48174,functional
64013,non functional
69531,functional
43679,non functional
49862,non functional
65978,functional
191,functional
64546,non functional
72137,functional
56955,functional
50401,functional
72305,functional
65370,functional
51768,functional needs repair
65789,functional
13777,functional
60031,functional
23635,functional
66323,functional needs repair
20782,functional
6284,functional
22446,functional
40166,functional
19639,functional
45055,non functional
47771,functional
234,functional
51354,functional
19082,functional
22844,functional
17970,functional
10090,non functional
597,functional
36176,non functional
1693,functional
64485,functional
50267,functional
48711,functional
4151,functional
38530,non functional
54086,functional needs repair
54958,functional
2455,non functional
68167,functional needs repair
38,functional
23717,non functional
64448,functional
13039,functional
60926,functional
69893,non functional
63906,non functional
9290,non functional
9779,functional
44035,functional
1474,functional
22072,non functional
22364,non functional
14009,functional
48255,functional
64583,non functional
56480,non functional
42146,functional
43895,functional
72584,non functional
59545,functional
30206,functional
64303,non functional
72906,functional
61800,functional
41704,functional
18947,functional
70236,functional
65648,functional
73998,functional
68019,functional needs repair
30511,functional
28748,functional
55267,functional
57142,functional
21398,functional
1296,functional
37388,functional
16056,non functional
47520,functional
38830,non functional
31024,functional needs repair
47544,functional
68738,functional
46514,non functional
40510,non functional
53294,non functional
55565,non functional
16517,functional
31340,functional needs repair
16344,functional
3672,non functional
42706,functional
12387,functional
31115,non functional
31279,functional
61497,functional
62776,functional
13797,functional
15893,non functional
28699,functional
392,non functional
45503,functional
65466,functional
52822,functional needs repair
1142,non functional
44685,non functional
21051,functional
42258,functional
20467,functional
71530,functional
22545,non functional
43124,functional
58494,functional
3965,functional
36958,functional
4731,functional
26781,functional
17159,functional
39832,functional
58135,functional
19136,functional
18748,functional
30814,non functional
8948,non functional
64451,non functional
13657,non functional
43048,functional
46040,non functional
41404,non functional
14132,functional
40306,functional
38791,non functional
50246,functional
60836,non functional
11888,non functional
39800,functional
38861,functional
8128,functional
42082,functional needs repair
52772,functional
33823,functional
24987,functional
19093,functional
68066,functional
43628,functional
16901,non functional
27620,functional
35468,non functional
13204,functional
72311,functional
58488,functional
48820,functional
46194,functional
7771,non functional
21225,non functional
44764,functional
32250,functional
62380,functional
40897,non functional
22238,non functional
8022,functional
26484,functional
71665,non functional
4472,functional
27887,non functional
53870,functional
22826,functional
71827,functional
29517,functional
43996,non functional
58956,non functional
63515,functional
26664,non functional
39620,functional
45580,non functional
1182,functional
14641,functional
47296,functional
33575,functional
45721,functional
47855,functional
16867,functional
18564,functional
59584,functional
35564,functional
39315,non functional
28523,functional
26073,non functional
42404,non functional
17505,functional
5929,functional
15155,non functional
62105,functional
72812,non functional
53921,non functional
43777,functional
26497,non functional
12210,non functional
114,non functional
52441,functional
1805,non functional
62294,functional
54775,non functional
18809,non functional
25246,non functional
5989,functional
54442,functional
54624,functional
12564,non functional
3878,functional
29305,non functional
5992,functional
33771,non functional
52237,non functional
9972,functional
32793,functional
30403,functional
36159,non functional
50422,functional
35593,functional
10424,functional needs repair
24231,non functional
69085,functional
17925,functional
46497,non functional
50000,functional
26799,non functional
12555,functional
54481,non functional
58716,functional needs repair
21779,non functional
26990,functional
36644,non functional
21448,non functional
41870,non functional
7176,non functional
12824,non functional
1039,functional
59339,functional
28434,non functional
35986,functional
36491,functional
11223,functional
4111,functional
64452,non functional
13531,functional
25712,non functional
48881,non functional
63613,functional
57198,functional needs repair
56640,non functional
28076,non functional
1418,functional
1679,functional
71080,functional
17673,functional needs repair
12616,functional
4452,functional
51332,non functional
52642,functional
49140,non functional
30984,functional
64056,functional
33417,non functional
74107,non functional
44720,functional
72094,functional needs repair
37276,functional
51215,functional
45211,non functional
58869,functional
13751,functional
58755,functional
73783,functional
3728,non functional
70453,functional
23886,non functional
62300,non functional
64352,functional
32598,functional
42097,non functional
18522,functional
36554,non functional
54422,functional
47483,non functional
69379,functional
58154,non functional
4622,functional
7653,non functional
62026,functional
18496,functional needs repair
27008,non functional
23790,functional
41806,functional
47243,functional
18364,functional
17865,non functional
46590,non functional
72586,functional
12776,functional needs repair
58498,functional
35044,functional
70742,non functional
30097,functional
26569,functional
31619,functional
67881,non functional
48432,non functional
49565,non functional
68491,functional
14910,non functional
67752,functional
18847,functional
57152,non functional
22584,functional
18897,non functional
53525,functional
1484,functional
73620,functional
70490,functional needs repair
49644,non functional
69773,non functional
64436,non functional
37683,non functional
72589,functional needs repair
13360,non functional
6956,functional
42077,functional
70047,functional
66925,functional
69377,non functional
19145,functional
38649,non functional
35375,functional needs repair
35083,non functional
53994,functional
19031,functional
45478,functional
28084,functional
30117,non functional
18852,functional
17568,functional
7217,non functional
69857,non functional
27150,non functional
31491,functional
69010,functional
62185,functional
61014,functional
46353,non functional
53295,non functional
70122,non functional
25498,functional
8838,functional
49505,functional needs repair
22541,functional
27088,functional
61480,functional
53231,non functional
60440,non functional
8119,functional
19448,non functional
45786,functional needs repair
56126,functional needs repair
31457,non functional
71391,non functional
7678,functional
56707,non functional
46840,functional
28172,functional
16694,functional
69968,functional needs repair
55820,functional
55568,functional
13561,functional
4527,non functional
14630,non functional
16534,non functional
61542,functional needs repair
42657,non functional
12413,functional
53125,functional
2019,non functional
28026,non functional
2384,functional
23291,functional
33884,functional
34398,functional
31183,non functional
25663,non functional
53068,functional
14365,non functional
44178,functional
49601,functional
53368,functional
68142,functional
13116,functional
25087,functional
13094,functional needs repair
20724,non functional
45287,non functional
71838,functional
9443,non functional
60650,functional
23036,functional
2536,functional
21378,non functional
38585,functional
62794,non functional
8981,non functional
29383,non functional
28995,non functional
9478,functional needs repair
4348,non functional
3411,non functional
67178,non functional
39215,functional
70077,functional
71920,functional
62762,functional
67347,non functional
36497,functional
57987,functional
8209,functional
19267,non functional
41752,non functional
10195,non functional
39101,non functional
58485,functional
20625,functional needs repair
33664,functional
15867,non functional
26959,non functional
10524,functional
1294,functional
13523,functional
15046,functional
68855,functional
9932,functional
64977,non functional
17563,non functional
54280,functional
6972,non functional
62202,functional
15877,functional needs repair
29065,functional
38625,functional needs repair
1134,non functional
57547,non functional
58929,functional
56417,functional
48798,functional
55996,functional
62819,functional
31410,non functional
48609,functional
41282,non functional
21010,functional
28988,functional
3410,functional
25826,non functional
69491,functional
39815,non functional
56488,functional
51657,non functional
47152,non functional
42098,non functional
61806,functional
52330,non functional
74004,functional
20221,functional
45358,functional
30514,functional
28096,functional
37565,functional
37914,non functional
24530,non functional
61615,functional
50194,non functional
64239,functional
44676,functional
26528,functional needs repair
25953,non functional
41241,functional
35156,functional
27504,functional
11771,non functional
60325,functional needs repair
15533,functional
20379,functional needs repair
38310,functional
384,non functional
12394,non functional
28684,non functional
59450,functional
34,non functional
13876,non functional
10906,functional needs repair
72161,non functional
29318,non functional
9794,functional
47772,functional
27798,non functional
31303,functional needs repair
66299,functional
48816,functional
67146,non functional
5368,functional
47460,functional
52714,functional
59397,functional
34696,functional
2216,functional needs repair
50022,non functional
65714,functional needs repair
13401,non functional
40823,non functional
31150,functional
16237,non functional
46465,non functional
47651,non functional
10961,non functional
55093,functional needs repair
23870,functional
59472,functional
17742,non functional
33561,non functional
27844,functional
35565,functional
42070,functional needs repair
4933,functional needs repair
4507,non functional
11173,functional
11570,non functional
19681,functional
34781,functional
52080,functional
56241,functional
25115,functional
49602,non functional
42088,non functional
49066,functional
24139,non functional
67879,non functional
56154,functional
12578,functional
13431,functional
49649,functional
34157,functional
17403,functional
59562,functional
25708,functional needs repair
46894,non functional
60704,non functional
7377,non functional
5918,functional needs repair
66877,functional
55443,functional
44538,functional
68047,non functional
2414,functional
59178,functional
22965,functional
33494,functional
52006,functional
51164,functional
65491,functional
36052,non functional
21260,functional needs repair
8905,non functional
67245,non functional
68920,functional
48373,functional
35826,functional
26816,functional
19120,functional
60863,functional
70349,functional
43057,functional
40850,functional
71788,non functional
72920,functional
42471,functional
34793,functional
72842,functional
48809,functional
43307,functional
55324,non functional
39042,functional
42646,functional
48493,functional needs repair
61470,non functional
71885,non functional
12713,non functional
5644,functional
19510,non functional
31755,functional
43578,non functional
44444,non functional
74192,non functional
72807,functional
15767,functional
6413,functional
19187,non functional
55131,functional
51217,non functional
24120,non functional
17784,functional
12171,functional needs repair
31451,non functional
64150,functional needs repair
37956,functional
29734,non functional
28524,functional
35696,functional
28136,non functional
51595,functional
26418,non functional
8763,functional
3074,functional
35266,functional
12546,functional needs repair
49634,non functional
20190,functional
29678,functional
62051,functional
51404,functional
5465,functional
70107,functional
13341,functional
30202,functional
3685,functional
32085,functional
20768,functional
27650,functional
6527,functional needs repair
28703,non functional
19596,functional
17587,functional
7257,functional
34870,non functional
61059,functional
68115,non functional
50085,non functional
4923,functional
55927,functional
51818,functional
1226,functional
36689,functional needs repair
6267,functional
73335,functional
4238,non functional
49177,functional
4739,functional needs repair
2814,functional
6623,functional
7243,functional
2504,functional
20550,non functional
27750,non functional
5679,non functional
7155,functional
3500,non functional
49594,non functional
6335,functional
9084,functional needs repair
71897,functional
56806,functional needs repair
3560,non functional
19234,non functional
53412,functional
18735,functional
45808,functional
56899,non functional
31222,functional
7599,functional
52491,non functional
3266,functional
62953,functional
6850,non functional
22987,functional
54715,functional
53516,functional
35795,non functional
36540,functional
24364,functional
25671,non functional
6180,functional
6133,functional
26540,non functional
24869,functional
758,functional
7461,functional
28937,functional
36881,non functional
15049,functional
52895,non functional
14679,functional
35936,non functional
23331,non functional
46069,functional
55683,functional
52764,non functional
11388,functional
27100,functional needs repair
64682,functional
45547,functional
13153,functional
50545,functional
21901,functional
14497,functional
27742,functional
6811,non functional
32341,non functional
32010,functional needs repair
1465,functional
42222,functional
591,functional
7866,functional
8788,non functional
34835,non functional
42349,functional
53279,functional
2347,functional needs repair
22217,functional
9338,functional
16479,functional needs repair
34549,functional
16017,non functional
44047,functional
50912,functional
66392,functional
47629,non functional
34693,functional
52762,non functional
12247,non functional
17934,functional
32713,functional
9694,non functional
13883,functional
1650,non functional
73795,functional
66868,functional
12404,functional
41426,non functional
11780,functional
31066,functional
48099,functional
44600,non functional
29537,functional needs repair
47957,functional
66953,non functional
6499,functional
25670,functional
3129,functional
28112,functional
8175,non functional
38922,non functional
67149,non functional
28888,non functional
852,non functional
38809,non functional
67625,functional
33096,functional
52889,functional
961,functional
69747,non functional
26807,functional needs repair
18170,non functional
30031,functional
15151,non functional
26696,non functional
14703,non functional
55076,functional
43585,non functional
8076,functional
30120,functional
72102,functional
31930,non functional
26752,non functional
69984,functional
31849,non functional
72167,functional needs repair
36940,functional
52666,non functional
132,non functional
37678,non functional
50693,functional
57504,non functional
59081,functional
48877,functional
43921,functional
54808,functional
59960,non functional
8789,functional
62620,functional
37937,functional
11912,non functional
66331,functional
4444,functional
34369,functional
8272,functional
64973,functional
64022,non functional
22880,functional
72412,functional
18384,non functional
56378,functional
65905,functional
52170,functional needs repair
22754,non functional
32024,functional
31083,non functional
57924,non functional
37202,functional
67034,non functional
1266,non functional
70749,non functional
43753,functional
54733,functional
36830,functional
36942,non functional
42785,functional
73178,non functional
40240,functional
5842,non functional
20152,non functional
48530,functional
66030,functional
12396,non functional
53141,functional
51460,non functional
15967,functional
4336,non functional
61674,non functional
40544,functional needs repair
19669,non functional
36206,functional
47937,functional
56137,functional needs repair
23791,functional
41337,non functional
54272,non functional
60278,non functional
6474,functional
12608,non functional
69217,non functional
64550,functional
55889,functional
29760,functional needs repair
9570,non functional
8975,non functional
14142,functional
20676,functional
39496,functional
20027,non functional
30748,functional
26719,non functional
35404,non functional
20458,functional
72911,functional
45440,functional needs repair
18975,non functional
64882,functional
66951,functional
67600,non functional
7329,functional
382,functional
62989,functional
47601,functional
42127,non functional
51809,non functional
18650,non functional
72544,non functional
73030,functional
56933,non functional
61878,non functional
18898,functional
26971,non functional
36706,non functional
57816,non functional
40942,functional
60439,non functional
15160,functional
70512,functional
44514,functional needs repair
47344,non functional
60277,non functional
31672,functional
46434,non functional
33068,non functional
6271,functional
71878,non functional
38661,non functional
16548,non functional
28496,functional
72186,functional
17367,non functional
55419,functional
29468,functional
4169,functional
11033,functional needs repair
43426,functional
32304,functional
44394,non functional
42564,non functional
46656,non functional
8733,non functional
1733,functional
44943,functional
17492,functional needs repair
10795,functional
18862,functional
31408,non functional
53636,non functional
45708,non functional
65707,functional
47821,non functional
18164,functional needs repair
14067,non functional
45736,non functional
61774,functional
59377,functional needs repair
63872,functional
7582,functional
3048,functional needs repair
11876,functional needs repair
66124,functional
27613,functional
53936,non functional
67806,functional needs repair
29627,functional
47628,non functional
70360,non functional
32827,non functional
7021,non functional
12332,functional
19295,functional needs repair
37857,functional
60790,functional
15120,non functional
12967,functional needs repair
16792,functional
57697,functional
15417,non functional
25655,functional
34067,non functional
45454,functional
55755,functional
39007,functional needs repair
69588,functional
61555,non functional
44091,functional needs repair
61384,non functional
12348,functional
33456,functional
39949,functional needs repair
34722,functional
38548,non functional
42419,functional
32457,non functional
4449,functional needs repair
56759,functional needs repair
9982,non functional
71428,functional
5234,non functional
68576,functional needs repair
33350,functional
33040,non functional
35116,non functional
65210,functional
61375,non functional
37757,non functional
25940,non functional
10016,functional needs repair
44975,functional
6061,functional
34962,functional
11520,functional
35389,functional
20592,non functional
51251,non functional
70400,functional
58380,functional
41465,non functional
66987,non functional
61219,non functional
44649,non functional
55878,functional
66527,non functional
27446,functional
51653,functional
54275,non functional
6955,functional needs repair
14507,functional
34740,non functional
3096,non functional
15410,non functional
32873,non functional
20032,non functional
57082,functional
52603,functional
21492,functional
20271,non functional
41982,functional
22360,non functional
20340,functional
19714,functional
43566,non functional
72108,non functional
39023,non functional
7375,functional
29172,non functional
35959,functional
44920,functional needs repair
29705,non functional
55268,functional
69804,functional
50667,non functional
27379,functional
63918,non functional
23647,non functional
21507,functional
17472,functional needs repair
44732,functional needs repair
23808,non functional
50253,functional needs repair
13839,functional needs repair
41871,non functional
69437,non functional
12375,functional
38666,functional
11843,non functional
7206,functional
64653,functional
7815,non functional
11897,functional
3274,functional
20068,functional
64070,functional
43416,functional
39801,non functional
43231,functional
80,non functional
8250,functional
49522,functional
25061,functional
40398,non functional
36844,functional needs repair
3116,functional
30635,non functional
31501,functional
14401,functional
71303,functional
71914,functional
33879,non functional
51813,non functional
41547,functional
40029,functional
19717,functional
66668,non functional
29818,functional
61331,functional
10224,functional
9014,functional
17321,non functional
6204,non functional
25795,non functional
28831,functional
11441,functional
54224,functional
26409,non functional
72140,functional
67333,functional
64970,non functional
51784,functional
49683,non functional
73362,functional
8714,non functional
72230,non functional
1770,functional
55033,functional
515,non functional
59940,functional
56591,non functional
45453,functional
66503,functional
45373,functional
24483,functional
16431,functional
16985,functional
55468,functional
28315,non functional
73571,functional
50264,functional
41732,non functional
8630,functional
70323,non functional
64559,functional
1273,functional
2431,functional
21857,functional
26974,functional
14384,non functional
12271,non functional
2183,non functional
31234,functional
13173,functional
10276,functional
59276,functional
67338,functional
23556,functional
25481,non functional
27333,non functional
7904,non functional
36331,functional
50271,non functional
66227,functional
51092,non functional
9985,functional
6910,non functional
41064,functional
31179,non functional
46102,functional
11446,non functional
38065,functional
22581,non functional
27839,functional
11227,functional
57486,non functional
48586,functional
60457,functional
6028,non functional
751,functional
36786,non functional
22600,non functional
13733,functional
59510,functional needs repair
2243,functional
47892,functional
50507,functional
38153,functional
40924,functional needs repair
30112,functional
26815,non functional
56728,functional
22208,functional
17612,functional
69087,non functional
14211,functional
54929,non functional
19058,functional needs repair
5694,functional
70658,functional
47747,functional needs repair
2404,functional
11784,functional
71708,functional
20387,non functional
12687,functional
36279,functional needs repair
31496,functional needs repair
8933,functional
22849,functional
58420,non functional
45063,functional
20508,functional
30224,functional
21672,functional
21158,functional
64427,functional
30099,functional
37514,functional
13850,functional
27230,non functional
40094,functional
44675,functional
34557,non functional
50257,functional
4602,non functional
22784,non functional
70211,non functional
57635,functional
10242,non functional
1758,non functional
41125,non functional
59371,non functional
36860,functional
8562,functional
69524,functional
31812,functional
68195,functional
15895,functional
31326,functional
38281,non functional
55072,non functional
60973,functional
44423,non functional
42213,non functional
73990,non functional
49070,functional
50543,functional
39115,non functional
54085,functional
18531,functional
27340,functional
64671,functional
37098,non functional
47476,functional
59146,functional
29379,non functional
20836,non functional
6710,non functional
57001,non functional
22248,non functional
14405,functional needs repair
9977,functional
59655,non functional
61933,functional
6544,functional needs repair
34075,functional
72627,functional
59892,non functional
25876,non functional
48192,functional
28710,functional
21184,non functional
42948,functional
62150,non functional
11475,functional
11081,functional
67963,functional
42602,non functional
55249,non functional
40640,non functional
60361,functional
71484,functional
54296,functional
6438,non functional
29208,functional needs repair
62088,functional
12563,functional
36035,functional
70898,non functional
57908,functional
21787,non functional
52419,functional
54091,non functional
3811,functional
58414,non functional
25692,functional
64856,functional needs repair
49396,functional needs repair
61053,non functional
72039,non functional
27922,functional
61301,non functional
31463,functional
67797,functional
6086,non functional
62323,non functional
25288,functional needs repair
2148,functional
41939,non functional
10214,functional
11515,functional
53939,functional
510,functional
24624,non functional
5472,functional
72948,non functional
70681,functional
27822,functional
22219,functional
10189,functional
22745,functional
47260,non functional
39869,functional
52153,functional
42484,functional
73947,functional
27374,non functional
45532,non functional
5988,non functional
17382,functional
40898,non functional
55823,non functional
2023,non functional
10323,functional needs repair
18366,functional
35899,functional
38422,functional
30908,functional
58932,functional needs repair
3985,non functional
1665,non functional
47763,functional
36650,functional
43941,functional needs repair
55735,non functional
27805,non functional
7052,functional
14774,functional
34785,non functional
4937,non functional
24694,functional
33021,non functional
50823,non functional
2117,non functional
30191,non functional
29792,non functional
38601,functional
38960,functional
8269,functional
39158,functional
25879,non functional
71066,functional
13483,functional
16699,non functional
47403,non functional
62415,non functional
72572,non functional
62803,non functional
46926,functional
72465,functional
64918,non functional
37232,functional
4776,functional needs repair
28268,functional
39280,non functional
35017,functional
19853,functional
35569,functional
51569,functional
57799,functional
8002,non functional
15966,functional
67121,functional
1206,functional
30884,functional
44638,functional
45727,functional
32194,non functional
66650,non functional
5961,functional
57139,functional needs repair
51614,non functional
35058,functional
49509,functional needs repair
56547,functional
57063,functional
60523,functional
15172,functional
59317,non functional
35121,functional
17268,functional
58235,non functional
25432,functional
72935,non functional
15792,functional
64479,non functional
2795,functional
32894,functional needs repair
4930,non functional
44839,functional
35185,functional
42391,non functional
36932,non functional
57332,functional
36707,non functional
66766,functional
17808,non functional
46006,non functional
18654,non functional
46776,non functional
62421,functional
65016,non functional
24443,functional needs repair
41902,functional
17096,functional
4490,functional
49318,non functional
23405,functional
10337,functional
35340,non functional
12361,non functional
27426,non functional
56450,functional
31213,functional needs repair
23725,functional
26621,non functional
14662,non functional
35317,non functional
64214,functional
64317,non functional
40557,functional
71714,functional
54615,non functional
2698,functional
59330,functional
18129,functional
33037,functional
43257,non functional
48419,non functional
30380,functional
11098,functional
35355,non functional
66883,non functional
5301,functional
39915,functional
57484,non functional
32513,functional
43714,functional
48982,non functional
28732,functional
73509,functional
73528,non functional
21574,non functional
6149,functional needs repair
16589,non functional
6674,functional
12162,non functional
3053,functional
21166,functional
1630,non functional
33830,non functional
32245,functional
60156,non functional
52073,functional
41650,non functional
36767,non functional
56119,non functional
67758,functional
41854,functional
6534,functional
41216,functional
13060,non functional
14907,functional
42827,non functional
25287,non functional
5910,non functional
33333,functional
46961,functional
42869,non functional
24642,functional
24158,non functional
50047,functional
34327,non functional
39922,non functional
62055,functional
4484,non functional
71570,functional
70370,non functional
30576,functional
1997,non functional
37528,non functional
14747,non functional
66251,functional
60826,non functional
39180,non functional
70185,non functional
4246,functional
29763,non functional
58588,functional
21698,functional
38804,functional
10454,functional
21433,functional
52962,non functional
42214,non functional
22456,functional
61909,non functional
6125,functional
61117,functional
58163,functional
871,non functional
66859,functional
38048,non functional
57273,functional
19256,functional
71044,non functional
35016,functional
60042,functional needs repair
15934,functional
25466,non functional
12656,non functional
60841,functional
31842,functional
14207,non functional
36087,non functional
73682,functional
51976,non functional
64369,functional
67079,non functional
41980,functional
18118,functional
53875,non functional
31993,functional
12478,non functional
50289,functional
41311,non functional
9293,functional
24126,functional needs repair
17615,functional
19054,functional
51476,functional
19156,functional
33799,non functional
22344,non functional
56131,functional
24949,functional
11416,non functional
74120,functional needs repair
34551,functional
32993,functional
6572,functional
53697,functional
17144,functional
27208,functional
3236,non functional
61297,functional
63364,functional
32804,functional needs repair
12991,non functional
66035,non functional
21217,functional
7478,functional
12151,non functional
29416,functional
38644,non functional
71290,non functional
4753,non functional
46751,non functional
4320,functional
3199,non functional
29586,functional
50680,non functional
66532,non functional
9997,non functional
51836,non functional
55247,non functional
10531,non functional
58226,functional
24791,non functional
28179,functional
45710,non functional
57479,non functional
21888,non functional
14560,non functional
17136,functional
16975,non functional
36449,functional
13070,non functional
65028,functional
14827,functional
41967,functional
62181,non functional
35881,functional
3862,functional
58850,non functional
344,functional
38122,non functional
18417,functional
46765,functional
37616,non functional
64888,functional
59799,non functional
15529,functional
70571,non functional
72428,non functional
56054,functional
34281,functional
45044,functional
63664,functional
29815,functional
721,non functional
61687,non functional
3897,non functional
31034,functional
46473,functional
53833,functional
73624,functional
44449,functional
16006,non functional
64275,functional
31468,functional
24824,functional needs repair
67524,functional
47540,functional
69235,functional
58825,non functional
52890,non functional
29454,functional
64466,functional
23659,functional
43690,non functional
69927,non functional
16693,functional needs repair
69438,non functional
61458,functional
43486,functional
55332,non functional
21856,functional
71292,non functional
55951,functional
13427,non functional
17680,non functional
49641,functional
56230,functional
70158,functional
54848,non functional
18892,functional
63236,functional
35808,functional
58641,functional
22373,functional
33517,functional
6322,non functional
14590,functional
73318,functional
50012,functional
25822,functional
19848,functional needs repair
48166,non functional
25896,functional needs repair
51362,functional
1074,non functional
39298,non functional
1140,functional
21739,non functional
73266,non functional
73670,functional
1560,functional needs repair
22939,functional
1557,non functional
6134,non functional
73260,non functional
25335,functional
287,functional
51997,non functional
24281,non functional
69310,functional
64478,non functional
35166,functional
40791,functional
3748,non functional
18749,functional
21496,functional
12556,functional
1100,functional
5525,functional
595,functional needs repair
29052,functional
43602,non functional
71976,non functional
13000,functional
40922,functional
34124,functional
32430,non functional
63634,functional
69276,functional
26281,non functional
47128,non functional
43289,functional
4307,non functional
27707,functional
32958,non functional
14018,non functional
8823,functional
10562,non functional
31556,non functional
38227,non functional
14174,functional needs repair
45944,non functional
43860,functional
43595,functional
61123,non functional
50455,non functional
33131,functional
22300,functional needs repair
70977,functional
60540,non functional
13016,functional
670,functional
58875,non functional
53567,functional
16885,non functional
57555,functional
17727,non functional
47168,non functional
13552,non functional
20115,functional
34197,functional needs repair
29548,non functional
5393,functional
66150,non functional
4344,non functional
70493,functional
8728,functional
12898,functional needs repair
63035,non functional
15646,functional
31449,non functional
19358,functional
30058,functional
64185,non functional
24598,functional
35751,functional needs repair
51368,functional
61095,non functional
56681,functional
56668,functional
52839,functional
73054,functional needs repair
28261,functional
559,functional
13348,non functional
23766,functional
20834,functional
1472,functional
30643,functional
60936,non functional
63336,functional
2701,functional
3763,non functional
1363,functional
44640,functional
68848,functional
5313,non functional
27663,non functional
26906,functional
64870,functional
23700,non functional
59342,functional
16341,functional
12351,functional needs repair
44458,functional needs repair
64190,functional needs repair
14263,functional
9129,non functional
17801,non functional
62255,functional
14946,non functional
61166,functional
50623,functional
51500,functional
19248,non functional
25726,functional
47089,non functional
51838,functional
73446,functional
16308,functional
32179,functional
16957,functional
8153,functional
22665,functional
65121,non functional
53934,non functional
30330,functional needs repair
11204,functional
35720,functional
5550,functional needs repair
21220,non functional
37036,functional
7651,functional needs repair
29561,functional
43797,non functional
55302,non functional
27106,functional
54575,non functional
26042,functional
21248,functional
40900,functional
35305,non functional
63703,functional needs repair
25512,functional
66329,functional
63084,functional
41429,functional
63175,functional
10956,functional
69027,functional
58027,functional
28429,functional
33938,non functional
31933,functional
24774,functional
6320,non functional
65890,functional
70598,functional
69838,non functional
15233,functional
64376,functional
70646,non functional
37007,non functional
3120,non functional
38219,functional
58110,non functional
8347,functional
53426,functional
20241,non functional
24200,functional
48223,functional
9354,functional
45573,functional needs repair
56003,functional
31653,functional
48204,functional
42857,functional
19354,functional
61993,non functional
55650,functional
53265,functional
37707,functional
52777,functional
62811,non functional
36093,functional
48170,functional
22933,functional
18568,non functional
11354,functional
20524,functional
1906,non functional
24494,functional
34024,non functional
34071,functional
73473,non functional
64615,functional
41577,non functional
62913,non functional
44238,non functional
47650,functional needs repair
45434,non functional
42739,functional needs repair
40466,non functional
7339,non functional
46872,functional
35091,functional
47454,functional
71809,non functional
68103,functional
28756,non functional
3768,functional
21972,functional
62261,functional
69722,functional
44105,functional
11762,functional
67088,functional
1578,non functional
575,functional
69410,non functional
66589,functional
55221,functional
32491,functional
67669,functional
3589,functional
65181,non functional
52600,non functional
44244,functional
59279,functional
61436,non functional
65311,functional
42986,functional
54411,functional
25107,functional
58016,non functional
37154,non functional
21495,functional
57145,functional
46326,functional
55732,non functional
70672,non functional
7040,non functional
49721,non functional
17053,functional
17082,non functional
25769,non functional
34020,non functional
45482,non functional
28587,functional
68223,functional
24213,functional needs repair
54452,non functional
70314,functional
25880,non functional
56202,functional
36723,functional needs repair
64297,non functional
32189,non functional
64995,non functional
23338,non functional
11698,functional
33178,functional
9073,non functional
36127,functional
67965,non functional
56447,functional
11854,non functional
14146,non functional
33422,functional
49714,non functional
64754,functional
10628,functional
475,functional
19749,functional
66360,functional
40674,functional
50037,non functional
19386,non functional
71410,functional
8717,functional needs repair
23889,non functional
37256,non functional
68808,functional
29000,functional
9624,functional
59087,functional
28570,non functional
23925,functional
21257,non functional
13745,non functional
2998,functional
14725,functional
11532,functional
55579,functional
4630,functional
1623,functional
36575,functional
9839,functional
54762,functional
70061,non functional
32335,functional needs repair
7216,non functional
30900,non functional
51834,functional
36535,functional
20416,functional
28632,functional
20733,functional needs repair
68257,functional
31882,functional
51647,functional
26057,non functional
47858,functional
20684,functional
5545,non functional
20151,functional needs repair
39197,non functional
12241,functional
53003,functional
61716,functional
477,non functional
66948,functional
10904,non functional
947,functional needs repair
35296,non functional
55037,functional
35925,functional
42317,non functional
22172,functional
37731,functional
8181,non functional
4278,functional
24113,non functional
4786,non functional
15690,functional
51724,functional
46343,functional needs repair
35762,non functional
56843,functional
29364,functional
62740,functional needs repair
51422,functional needs repair
62066,functional
39339,non functional
21226,functional
7483,non functional
18838,functional
68261,non functional
27644,non functional
25874,non functional
38654,non functional
49352,functional
12411,non functional
62527,functional
50793,functional
6307,non functional
46950,non functional
57320,functional needs repair
23617,functional
49369,non functional
47327,functional
46161,functional
40103,non functional
68820,functional
29299,functional
19159,functional
7874,non functional
9094,functional
12203,non functional
71199,functional
73479,functional needs repair
64461,functional
30211,non functional
33698,functional
71168,non functional
3644,non functional
65338,non functional
35120,non functional
47824,functional
61060,functional
38760,non functional
47748,non functional
8265,non functional
66282,functional
11313,non functional
6631,functional
48657,non functional
42550,non functional
25797,functional
47238,functional
17868,functional
4224,non functional
34224,non functional
47179,functional
20824,functional
15577,functional
28844,functional needs repair
56414,non functional
33869,non functional
45861,non functional
147,non functional
66571,functional
42776,functional
47347,non functional
51499,functional
74247,non functional
39412,functional
70257,non functional
50247,functional needs repair
72893,non functional
36608,non functional
16655,non functional
32156,non functional
24314,functional
58374,functional
62890,functional
31731,functional
15931,functional
65752,functional needs repair
65281,functional
54321,functional
19836,non functional
9317,non functional
54842,non functional
62382,non functional
68426,functional
37777,functional
62511,functional
41531,functional
29542,functional
42264,non functional
52502,functional
52180,non functional
26194,functional
5536,functional
47515,functional
61899,non functional
44000,non functional
14249,non functional
3829,non functional
68621,functional
40389,non functional
53209,functional
11811,functional
67406,non functional
45472,functional needs repair
4951,functional
1132,non functional
54549,non functional
30460,functional
30622,functional
6183,functional
40372,non functional
36409,non functional
16155,non functional
16244,functional
37278,non functional
64528,functional
70239,functional
63370,functional
62040,functional
41434,functional
33768,non functional
35954,functional
6158,functional
24418,non functional
63111,functional needs repair
23268,functional
34502,non functional
9848,non functional
48987,functional
63312,functional
13283,non functional
20871,functional
2976,functional
53053,functional
32214,functional
58168,non functional
18480,functional
52614,functional
35194,functional
56766,functional
36344,functional
16071,functional
72680,non functional
67776,non functional
6991,functional
53190,functional needs repair
57782,functional
53272,non functional
30016,functional
73937,non functional
33,functional
41347,functional
68212,non functional
62058,functional
15602,functional
52797,functional needs repair
30912,non functional
43779,functional
35643,non functional
9664,non functional
36080,functional
23409,functional
11036,functional needs repair
33545,functional
18559,non functional
66468,non functional
70186,non functional
65128,functional
28931,functional
61211,non functional
46260,functional
40723,non functional
35502,functional
62552,non functional
1319,functional needs repair
22397,non functional
45207,functional
3304,non functional
51485,functional
50556,non functional
24471,functional
48746,non functional
21333,non functional
28228,functional
57062,functional
28697,functional needs repair
49248,functional
24630,functional
47883,non functional
30323,non functional
71053,non functional
9388,functional
35189,functional
63251,non functional
27350,functional
9633,non functional
43025,non functional
12989,non functional
0,non functional
72035,functional
58372,functional
32100,functional
41230,functional
52627,functional
10586,functional needs repair
34070,non functional
40570,functional
60969,functional
45529,functional
61082,non functional
49561,non functional
47158,non functional
45746,functional
64570,functional
2731,functional
66304,functional
6443,functional
19260,non functional
54978,functional
55908,functional
16209,functional
1441,functional needs repair
58495,non functional
21414,non functional
35924,functional
7627,non functional
51841,functional
8575,non functional
28046,non functional
1347,non functional
51472,non functional
50392,functional
57807,functional
36626,functional
29194,functional
35118,functional
51087,non functional
68546,functional
18825,functional
15649,functional
73835,non functional
54709,functional
10810,non functional
50904,non functional
49885,functional
43270,functional
31345,non functional
60087,functional
5758,functional
50123,non functional
53844,non functional
61432,non functional
51715,functional
27677,functional
20758,functional needs repair
50939,non functional
63692,functional
36099,functional
34501,functional
51119,non functional
43102,functional
64622,non functional
22077,functional needs repair
30820,functional
15062,functional
13268,functional
26001,functional
7592,functional needs repair
67465,functional
22093,functional
73280,functional needs repair
53469,functional
530,non functional
65468,functional
51069,functional
62231,non functional
9428,functional
20213,functional needs repair
1831,functional
36363,functional
58143,non functional
55721,non functional
33362,non functional
28363,functional
58846,non functional
55227,functional
16014,non functional
11471,non functional
73085,non functional
30174,functional
29445,non functional
53247,functional
12771,functional
59214,functional
50997,functional
27443,functional
29568,non functional
57070,non functional
56212,non functional
59155,functional needs repair
11167,functional
13832,functional
57694,functional
32140,functional
51414,functional
1083,non functional
44019,functional
50431,functional
9252,non functional
2327,non functional
60718,functional
10429,functional
21211,non functional
69783,functional
13693,functional
37299,functional
52584,functional needs repair
16629,functional
29575,non functional
57093,non functional
69385,non functional
39408,non functional
39022,non functional
25788,non functional
19941,non functional
24963,functional
43593,functional
5202,non functional
25340,functional needs repair
10299,functional needs repair
20981,functional needs repair
57238,functional needs repair
42253,non functional
60081,functional
17236,non functional
68755,functional
14761,functional
50916,non functional
53409,functional
39664,functional needs repair
29729,functional
62418,functional needs repair
51855,non functional
67850,non functional
32853,non functional
42114,functional needs repair
23145,non functional
46708,functional
41879,non functional
17510,functional
59010,functional
62769,non functional
41208,functional
47014,functional
36473,functional
9436,functional
31973,non functional
37739,non functional
34685,non functional
67093,functional
23264,functional
56791,functional
59903,functional
9586,non functional
1373,functional
44821,non functional
72453,functional
28473,functional
42,functional
36214,functional
6698,functional
70103,functional
20023,functional
12366,functional
38341,functional
34773,functional
72921,non functional
2112,non functional
31552,functional
17062,functional needs repair
63677,functional
15627,functional
52157,non functional
8225,functional
49823,non functional
30537,non functional
28128,functional
71522,functional
57033,non functional
16162,non functional
48552,non functional
38767,functional
7215,functional
25450,functional needs repair
66746,non functional
48409,functional
66095,non functional
28287,non functional
72979,non functional
57230,functional
55258,functional
41658,functional
63718,functional
69697,functional
17646,functional
28461,non functional
7692,non functional
9043,functional
49326,functional
40330,non functional
30946,non functional
70434,non functional
56578,non functional
5299,functional needs repair
11518,functional
13157,functional
28217,non functional
57760,non functional
2810,functional
58784,non functional
59319,non functional
40034,functional
66216,non functional
63560,non functional
13642,functional
58646,functional
70558,functional
13553,functional needs repair
54596,functional
26770,functional
67481,functional
14960,functional
73420,functional
44873,functional needs repair
6748,non functional
62660,functional
54611,non functional
43559,functional
56985,non functional
64044,functional
11021,functional
71272,functional
63506,non functional
49707,functional needs repair
45513,non functional
47078,non functional
39562,functional
61441,functional needs repair
33731,functional
46180,non functional
58330,non functional
40098,non functional
56306,non functional
55950,non functional
41618,functional
72827,functional
29005,functional
21791,functional
44644,non functional
20058,non functional
70689,non functional
24339,non functional
59388,functional
48334,non functional
49257,non functional
56826,functional
52532,functional
15494,non functional
5729,functional
37271,functional
58752,functional
72543,non functional
13520,functional
4219,functional
15484,functional
73861,non functional
9545,functional needs repair
32247,non functional
35335,functional
69526,functional
25643,functional
59792,functional
12388,functional needs repair
66510,non functional
4062,functional
59497,functional
47122,functional
42903,non functional
47660,functional
27789,functional
1669,non functional
47667,functional
15349,functional
55929,non functional
50849,functional
30639,functional
47876,functional
28767,functional
68674,non functional
68274,functional
772,functional
42290,functional
34632,functional
37898,functional needs repair
48513,functional
18566,non functional
24237,functional needs repair
46,functional
44842,functional
18079,functional
72998,non functional
28581,non functional
59866,non functional
6909,functional
29028,non functional
15402,non functional
48198,functional needs repair
56861,functional
53591,functional
44655,functional
15471,non functional
66974,functional
52838,functional
33563,functional
52644,non functional
31898,non functional
21719,functional
34039,non functional
66755,non functional
36773,functional
52226,functional
44613,non functional
8970,functional
15189,functional
27536,functional
24458,non functional
44181,functional
46726,functional
3368,non functional
46065,functional needs repair
29667,functional needs repair
20388,non functional
61535,functional
13536,functional
72396,non functional
16899,functional
37327,non functional
8677,functional needs repair
38741,functional
40745,non functional
18011,non functional
68328,non functional
31602,non functional
52530,non functional
42334,functional
72089,non functional
50881,non functional
53067,functional
11543,functional
6001,functional needs repair
9322,non functional
12064,functional
20028,functional
64637,functional
54969,functional
28240,functional
12213,non functional
51586,non functional
18819,functional
63955,functional
61645,non functional
61431,non functional
48595,non functional
3244,functional
35040,non functional
5395,functional
37464,functional
53022,functional
4999,functional
25604,non functional
18663,functional
28571,functional
66801,functional
5909,non functional
18504,non functional
13481,functional
46772,functional
61576,non functional
59163,non functional
25973,functional
8997,non functional
65386,non functional
70844,non functional
69674,functional
59719,functional
62422,functional
42846,functional needs repair
44114,functional needs repair
28745,non functional
13365,non functional
9941,functional
8716,non functional
65537,non functional
18742,non functional
8658,non functional
68941,functional
72747,functional
20779,functional
27376,functional
43163,functional
62134,non functional
67238,functional
36847,functional
63593,functional
65038,non functional
47714,functional
23545,functional needs repair
46239,functional
28848,non functional
44833,functional
36827,functional
73344,functional
30161,non functional
38146,functional
53229,non functional
4121,functional
42609,non functional
59580,non functional
22314,functional
50464,non functional
12793,non functional
38519,functional
45064,functional
20377,non functional
54412,functional
6794,functional
26428,functional
25069,functional needs repair
48191,non functional
7028,functional needs repair
41460,non functional
34378,functional
35816,functional
28370,functional
2475,functional
4197,non functional
7394,functional
27752,non functional
13546,functional
39293,functional
36130,non functional
28824,functional
27565,functional
22837,non functional
9319,functional
2278,functional needs repair
35656,functional
13905,functional
9690,non functional
1204,non functional
23196,non functional
34912,non functional
47726,functional
50280,non functional
43445,non functional
64310,functional
55161,non functional
1448,functional
31977,functional
57597,functional
2773,functional
26410,functional
55052,functional
52486,non functional
19961,non functional
24416,functional
42763,functional
63682,non functional
17697,functional
2919,functional
15469,functional
61776,functional
59234,non functional
68554,non functional
60664,functional
40060,functional
47913,functional
49314,functional
46566,functional
4633,functional
66704,functional
71222,non functional
17270,non functional
15380,functional
59678,non functional
61749,functional
21432,functional
61950,functional
6617,non functional
10533,functional
56745,functional
12920,non functional
56814,functional needs repair
25703,non functional
41257,non functional
28190,functional
38214,functional
37594,non functional
12553,functional
786,non functional
48348,functional
63977,non functional
69006,functional
9134,functional needs repair
49701,functional
9715,non functional
58071,functional
41492,non functional
17769,functional
46212,functional
47056,functional
19586,functional
56037,non functional
43543,non functional
18026,non functional
1759,functional
62596,functional
35561,non functional
36010,functional
38336,non functional
47999,non functional
1015,functional needs repair
8529,functional
57990,functional
37918,non functional
47487,non functional
43285,non functional
17050,non functional
26182,non functional
24565,functional
28398,functional
47538,functional
42573,functional
40468,functional
68153,functional
35427,non functional
66986,non functional
31320,functional
50186,functional
18268,functional
48649,functional
51766,non functional
6200,non functional
59469,functional
1723,non functional
8803,non functional
43794,non functional
1284,non functional
9266,functional
45052,functional
8690,functional
9066,non functional
67571,functional
18992,non functional
8317,non functional
31807,functional
37194,non functional
71922,functional
47255,functional
63062,non functional
47705,functional
5154,non functional
581,non functional
60348,non functional
51213,functional
46421,functional needs repair
402,non functional
16208,non functional
11819,functional
57795,functional
62077,functional
49291,functional
70980,functional
28822,non functional
11371,non functional
7440,functional
13625,functional
32050,non functional
10996,functional needs repair
41059,non functional
53698,non functional
66934,functional
10902,functional
72288,non functional
32856,non functional
57045,non functional
10194,functional
29532,non functional
54518,functional
47283,functional
64396,functional
63659,functional
1700,non functional
65806,non functional
65803,non functional
15042,functional
34709,non functional
51876,functional
1855,functional
49395,functional
38348,functional
72779,functional
44200,non functional
3970,functional
10889,functional
771,functional
37737,functional
43436,functional
5252,non functional
10754,non functional
18882,non functional
34559,functional
65229,functional
22571,non functional
42696,non functional
45959,functional
41634,functional
45712,non functional
49372,functional needs repair
30025,non functional
5892,functional
72086,non functional
64349,non functional
38075,non functional
27524,non functional
14908,non functional
57390,non functional
60621,functional
73201,non functional
45469,non functional
45692,non functional
57980,non functional
49398,non functional
30141,non functional
1618,non functional
11841,non functional
73673,functional
5162,functional
18024,non functional
53642,functional
23913,functional
28655,functional
26127,functional
29349,functional
42603,functional needs repair
35170,non functional
59432,non functional
32461,functional
58436,functional
68408,non functional
35407,non functional
26943,functional needs repair
50763,non functional
17548,functional
45125,functional
19016,non functional
45038,non functional
11090,functional
55928,non functional
23035,functional
53331,functional needs repair
16980,functional
9544,non functional
46293,functional
18287,functional
21367,non functional
38878,functional
5904,non functional
22341,non functional
55055,functional
68407,functional needs repair
44411,functional
64916,functional
63734,non functional
24079,functional
31035,functional
30974,functional
63916,non functional
36603,functional
17519,functional needs repair
22398,non functional
16385,functional
1620,functional
30709,non functional
61006,functional
67005,functional
55584,functional
34636,non functional
22475,functional
20425,functional
6385,functional
4277,functional
47555,functional
32727,functional
52329,functional
7454,functional
56354,non functional
4980,functional
73026,non functional
62518,functional needs repair
33687,non functional
49809,non functional
72708,functional needs repair
50456,functional
4002,non functional
39843,non functional
54939,functional
42522,non functional
43524,functional needs repair
55665,functional
31073,non functional
7817,functional
27548,non functional
52717,non functional
61118,non functional
5293,non functional
11622,functional
11045,functional
21821,non functional
56571,functional needs repair
44011,non functional
6886,functional
56242,non functional
12697,functional needs repair
56385,functional
31692,functional
37296,functional
22774,non functional
66979,functional
24775,functional
70304,non functional
42771,non functional
58343,functional needs repair
50454,functional
43942,non functional
46248,functional
49719,functional
55427,functional
2470,functional
23270,non functional
13258,non functional
19795,functional
61813,non functional
29198,non functional
61963,functional
51742,functional
19477,functional
44880,non functional
12573,functional
35182,functional
42051,non functional
8988,functional
25251,functional
67612,non functional
48917,functional
10002,non functional
56744,functional
54859,non functional
57762,functional
20910,functional
47703,functional
26945,functional
32811,functional
62748,functional
30480,functional
72888,functional
13989,functional
57352,non functional
28544,functional
58319,non functional
73556,functional
5113,non functional
65061,non functional
39186,functional
45047,functional
47094,non functional
42455,functional
11677,functional
16722,functional
57148,non functional
54072,functional
47830,functional
37934,functional
26365,functional
45065,functional
8373,non functional
59748,functional
7729,functional
37253,non functional
16372,functional needs repair
58126,non functional
34832,functional
40202,non functional
60565,functional needs repair
13188,functional
57130,functional
30793,functional needs repair
70933,non functional
42858,non functional
33349,non functional
31650,functional
11043,functional
15067,functional
46138,functional
61968,functional
34481,non functional
47484,functional
32359,non functional
14911,functional
21164,functional
53054,functional
26733,non functional
73184,non functional
73466,functional
52586,non functional
19388,functional
49996,non functional
25601,functional
16492,functional
34577,non functional
53734,functional
57525,functional
14440,functional
43598,functional needs repair
23624,non functional
57387,functional needs repair
9824,functional
54354,functional
44038,functional
11384,non functional
50742,functional
20992,non functional
875,non functional
72687,functional
52566,functional
47785,functional
22426,functional
71814,non functional
64289,non functional
23290,non functional
30742,functional
37506,non functional
14240,functional
53378,functional
29887,non functional
28601,functional
44399,non functional
40106,non functional
53509,functional
35402,non functional
54169,functional
73575,non functional
49709,non functional
43058,functional needs repair
19210,functional needs repair
40455,functional
18962,non functional
12323,functional
25368,functional
12415,non functional
62486,non functional
51240,non functional
17264,non functional
10370,non functional
52855,functional
15434,functional
22086,functional needs repair
42377,non functional
53124,functional
59770,functional
40266,functional
63411,non functional
15555,non functional
46710,functional
24721,functional
42618,functional needs repair
17529,functional
4191,functional
65694,functional
16286,non functional
59225,functional
52107,functional
65256,non functional
51750,functional
27799,functional
31481,functional needs repair
54483,non functional
27349,functional
66156,functional
31751,functional
31056,functional needs repair
73677,non functional
3559,non functional
73314,non functional
59753,non functional
42456,non functional
12721,functional
38919,non functional
65160,non functional
26189,non functional
50630,functional needs repair
8534,non functional
29949,non functional
60162,functional
6105,functional
22321,non functional
10473,non functional
72916,non functional
56987,non functional
24258,functional
21673,functional
1688,non functional
55934,non functional
64113,non functional
70212,non functional
13304,functional
70572,non functional
10821,non functional
35633,functional
51636,functional
3630,functional
34339,functional
43302,functional
62165,functional
54407,functional
36056,functional
31240,non functional
3288,functional needs repair
65529,functional
29713,functional
73336,non functional
69013,functional
31064,non functional
33020,non functional
15612,functional
40635,non functional
14906,non functional
5571,functional
4743,non functional
5797,functional
51857,functional
12947,functional
23349,functional
57103,non functional
50053,non functional
48058,functional
10098,non functional
40444,functional
59022,non functional
73353,non functional
20261,functional needs repair
13764,functional needs repair
3039,non functional
43730,non functional
1165,functional
388,functional
71509,functional
4725,non functional
9640,non functional
483,non functional
64263,functional
60711,non functional
18335,non functional
16363,non functional
17151,functional
12566,functional
19827,functional
1953,non functional
14389,functional
6059,functional
40127,non functional
25629,non functional
8298,functional
53211,non functional
61782,non functional
56915,non functional
29848,functional
67677,functional
47504,non functional
22188,functional
65855,functional
63495,functional
66371,functional
5261,functional
15362,functional
35786,non functional
69349,non functional
25452,non functional
18904,functional
16636,functional
56972,functional
23979,functional
24259,non functional
64434,non functional
69795,functional
40280,functional
21579,non functional
28222,functional
69375,functional
52929,functional
13656,non functional
31583,functional needs repair
40135,non functional
8052,functional
58218,functional
585,non functional
54101,functional
53241,functional
53721,functional needs repair
29137,functional
55469,functional
24749,non functional
9363,non functional
59300,functional
47627,functional needs repair
51521,functional
35298,non functional
44488,non functional
7824,functional
8681,functional
576,non functional
13210,functional
11544,non functional
48181,non functional
2781,functional
57551,non functional
39943,non functional
69403,non functional
36640,non functional
58477,non functional
69606,functional
22404,functional
4477,functional
65563,functional needs repair
17312,functional
67910,non functional
23056,non functional
44079,non functional
62120,functional
6289,non functional
45223,functional needs repair
69095,functional
48032,non functional
35507,functional
15992,functional
63590,functional
68839,non functional
36593,functional
46642,non functional
20168,functional
64325,functional
15433,functional
58247,non functional
69495,functional
71581,non functional
71079,non functional
7739,functional needs repair
9147,functional
16310,non functional
66946,functional
73885,functional
38485,non functional
37716,functional needs repair
24207,non functional
40432,non functional
3267,functional
71551,functional
67377,non functional
19638,functional
4511,non functional
8178,functional
24931,functional
36824,functional
60390,non functional
40786,functional needs repair
42855,non functional
66120,functional
32764,functional
71483,non functional
59648,functional
10480,non functional
6883,functional needs repair
70872,functional
67114,functional
53531,functional
31072,functional
10757,functional
9683,functional
49004,functional
35000,non functional
61922,non functional
27741,functional needs repair
14995,non functional
5812,non functional
53219,non functional
62837,non functional
55159,non functional
44098,non functional
31513,functional
53582,functional
42242,functional
1583,non functional
36312,non functional
58894,functional
14330,functional
71774,non functional
63393,functional
6083,functional
22631,functional
67540,functional needs repair
54488,functional
31001,functional
44356,non functional
40688,functional
28214,non functional
47030,functional
50730,non functional
13148,functional needs repair
10283,functional
56793,functional
17346,non functional
57823,functional
49774,functional
32952,non functional
45191,functional
47316,non functional
8241,functional
40404,functional
1432,functional
9811,non functional
36975,functional
72678,functional
68231,non functional
10439,functional needs repair
38665,non functional
48130,non functional
2339,functional
73347,functional
45722,non functional
29332,non functional
59394,non functional
35213,non functional
38605,non functional
47115,non functional
3479,non functional
39357,functional
64216,non functional
45325,functional
348,non functional
44158,functional
66515,non functional
59395,functional
66789,non functional
33646,non functional
47468,functional
49084,functional
42467,non functional
62728,functional needs repair
69233,functional
69604,non functional
73822,functional needs repair
64944,non functional
5979,functional needs repair
3625,functional
68688,non functional
43437,functional needs repair
2309,functional
13320,functional
28321,functional
48822,functional
72163,non functional
16850,functional
36335,non functional
8049,functional needs repair
39333,functional
40711,functional
14546,non functional
42237,non functional
30978,functional
1397,non functional
20036,non functional
71284,functional
24999,functional
33977,non functional
48096,non functional
26794,functional
44548,functional
36008,non functional
72459,non functional
32002,non functional
5353,functional
59223,functional
63693,functional
23629,functional
9394,non functional
57746,functional
426,non functional
70729,functional
63134,functional
13995,non functional
59550,non functional
46520,functional
71895,functional
32308,functional
4669,non functional
62094,non functional
18878,functional needs repair
60402,functional
35287,functional
24583,functional
65552,functional
8973,non functional
27183,non functional
9819,functional
31445,functional
20690,functional
6667,non functional
49639,functional
57379,functional
51887,non functional
4616,non functional
64996,functional
9745,functional
73209,functional
4638,functional
37305,non functional
52538,functional
28442,non functional
59756,functional needs repair
3518,functional
52012,non functional
34901,functional
1385,non functional
1387,functional
15245,functional needs repair
9376,non functional
25001,non functional
3789,functional
37317,functional
24445,non functional
51895,functional
11195,functional
53175,non functional
51624,functional needs repair
41120,non functional
58430,non functional
55153,non functional
12154,non functional
19402,non functional
33393,non functional
47580,non functional
41780,non functional
34144,functional
36993,functional
68177,functional
27915,non functional
55022,functional
38089,non functional
54879,non functional
56596,non functional
24715,functional needs repair
16412,functional
19418,non functional
22467,non functional
51270,functional
23008,non functional
11102,functional
23059,non functional
52900,non functional
35567,functional
25397,non functional
72643,functional
53814,functional
63439,non functional
34100,functional
19653,functional
31554,functional
56395,non functional
32333,functional
52097,functional needs repair
34625,functional
4957,functional
58979,functional
20496,non functional
56631,functional
22865,functional
44762,functional
34493,non functional
16466,non functional
47032,non functional
37329,non functional
14713,non functional
49665,functional
7870,functional
8621,non functional
46330,non functional
56418,functional
60818,non functional
34469,functional
40308,functional
71871,functional
65651,functional
41630,functional
22887,non functional
31097,functional
43154,functional needs repair
43463,functional
60262,non functional
22820,functional
50810,functional
61311,functional
64939,non functional
5771,functional
63277,functional needs repair
61069,functional
40448,non functional
5398,functional
28264,non functional
68194,functional
2942,functional
18033,non functional
54055,functional
64237,functional
46836,functional
16380,non functional
30665,non functional
29693,non functional
67289,functional
49752,functional
3616,functional
10308,functional
15270,non functional
40657,functional
7989,functional
10970,non functional
73481,non functional
5287,non functional
5089,functional
65190,functional
4313,non functional
67,functional
10192,functional
982,functional
32515,functional
51570,functional
2750,non functional
57024,functional needs repair
24331,functional
40263,functional
61440,functional needs repair
45581,non functional
62207,functional
58181,non functional
67827,non functional
19861,non functional
24470,functional
63688,non functional
36845,functional
59362,functional
50895,functional
35186,non functional
5292,functional
22694,functional
5857,non functional
44550,non functional
39019,non functional
24357,non functional
21080,functional
50442,functional
31044,non functional
20083,functional
64250,functional
36643,non functional
637,functional
71156,functional
42872,non functional
15365,non functional
21938,functional
39813,non functional
5145,non functional
48028,non functional
23294,functional
28366,functional
46631,non functional
61034,functional
29147,functional
47087,functional
60859,functional
23800,functional
55992,functional
14387,functional
29143,non functional
56802,functional needs repair
65166,non functional
44601,functional
45518,functional
72205,non functional
3930,non functional
44934,functional
20898,non functional
2193,non functional
39200,functional
61513,functional
3435,functional
28385,functional
17969,functional
70124,functional
24901,non functional
68053,non functional
24099,functional
5971,non functional
31084,functional
19932,functional
67937,non functional
2486,functional
27345,functional
67812,functional
22935,functional
31484,functional
12873,functional
68043,functional
13704,functional
54429,functional
31643,non functional
45928,functional
71193,functional
8202,functional
11030,functional
22677,non functional
4713,functional needs repair
23475,non functional
46378,functional
4665,functional
25007,functional
50019,functional
24394,functional
47935,non functional
71784,non functional
69742,functional
72274,functional
31065,functional
52195,functional needs repair
45446,non functional
66350,functional
36501,non functional
50173,functional
69928,non functional
21855,functional
42368,non functional
44339,non functional
71813,non functional
43992,functional
36033,functional
55077,functional
21709,functional
57455,functional
55081,non functional
52928,non functional
12769,functional
38799,non functional
62038,non functional
53492,functional
35734,non functional
19239,functional
34187,non functional
9709,non functional
34427,non functional
65208,functional
26508,non functional
46384,functional
20559,functional
53886,functional
1925,non functional
31728,non functional
41105,functional
38212,functional needs repair
14447,non functional
68827,functional
47242,functional needs repair
2530,functional
45111,functional needs repair
40450,non functional
37551,functional
19039,functional
23538,non functional
57031,non functional
8296,non functional
70901,non functional
36850,functional
4420,functional
16674,functional
53157,functional
13724,functional
62923,functional
50859,functional
51798,functional
70972,functional needs repair
66208,functional
16299,non functional
47073,functional
17227,non functional
38856,functional
8459,functional needs repair
6394,non functional
33571,functional
61303,functional
38303,functional
18877,functional
46299,non functional
47361,non functional
38366,functional
16806,functional
50269,functional
34862,non functional
51551,functional needs repair
24484,non functional
32460,non functional
34797,functional
33570,functional
50237,functional needs repair
10169,functional
22482,functional
35653,non functional
61379,functional
6731,non functional
56432,functional
21016,functional
10670,functional
13490,non functional
41060,functional
25012,functional
40826,non functional
35527,functional
42107,functional
58535,non functional
49543,functional
55537,functional
30960,functional
27648,non functional
60857,non functional
16184,functional
52042,functional needs repair
30034,non functional
5879,functional
5923,non functional
41839,non functional
45249,functional
30619,non functional
30244,functional
38603,functional
49642,functional
46901,functional
50628,functional
48014,functional needs repair
48444,non functional
8436,non functional
35974,non functional
60296,functional
57793,functional
8804,functional
45998,functional
27987,non functional
19381,functional
49002,functional
47083,functional
17065,non functional
27710,functional
17009,functional
41255,non functional
21493,non functional
43907,functional
21983,functional
9206,functional
22156,functional
64850,non functional
21091,functional
2462,non functional
28950,functional
51776,functional
60323,functional
53574,functional needs repair
47569,non functional
20390,non functional
7628,non functional
54306,functional
6416,non functional
43835,functional
56019,non functional
53371,functional
20517,functional needs repair
37126,functional needs repair
18295,functional
4038,functional
59375,non functional
13596,non functional
27719,non functional
22520,functional
19329,non functional
11872,functional
64497,functional
30989,functional
5496,non functional
35655,functional
73758,functional
48457,functional
45422,functional
37980,functional
63346,functional needs repair
41160,functional
35353,non functional
71361,functional
4382,non functional
69918,functional
42710,functional
35114,non functional
10934,functional
10466,functional
29104,functional
42704,functional
27775,functional needs repair
42731,non functional
45015,non functional
36751,functional
42096,non functional
63361,functional
60702,functional
42291,non functional
67466,functional needs repair
36799,functional
23193,functional
25181,functional
4304,non functional
13426,non functional
30981,non functional
49410,non functional
41574,non functional
6535,functional
13141,non functional
15686,non functional
22722,non functional
30513,non functional
28095,functional
49756,functional
16813,non functional
53341,non functional
23731,functional needs repair
22000,functional
5213,non functional
26550,non functional
36467,functional
40996,functional
60061,functional
7746,functional needs repair
69895,functional
16719,non functional
19279,non functional
5689,non functional
70609,functional
9343,functional needs repair
23842,non functional
58645,non functional
34869,functional
23555,non functional
2548,functional
8084,functional
29186,functional
68628,functional
68490,functional needs repair
72734,functional
28578,non functional
71588,non functional
35820,non functional
34499,functional
16092,functional
8644,functional
72566,functional
4249,non functional
58737,functional
51971,functional
12442,non functional
52925,functional
11327,non functional
14509,functional
57236,non functional
10270,functional
31710,functional
3413,functional needs repair
23130,functional
51023,functional
5740,non functional
59424,functional
72635,non functional
1416,functional
2179,functional
5473,non functional
71532,non functional
23537,functional
54120,non functional
24352,non functional
32961,functional needs repair
12548,functional needs repair
60423,non functional
11290,non functional
21729,functional
56318,non functional
60045,non functional
50310,functional
32197,non functional
56738,functional
34769,functional
14080,functional
24686,functional
35254,functional
41605,non functional
21727,non functional
23460,functional needs repair
50794,non functional
36428,non functional
40661,functional
30817,non functional
13117,non functional
64610,functional
47360,functional
30455,functional
67066,functional
3046,functional
32782,functional
16312,non functional
29865,non functional
53006,functional
69360,functional
56147,functional
33793,functional
30838,non functional
47055,non functional
50937,functional
51336,non functional
71059,non functional
51973,functional
45953,non functional
10289,non functional
29948,functional
37711,functional
41275,non functional
46071,functional
33247,functional
4025,functional
3592,functional needs repair
49840,functional
18659,non functional
61914,functional
2693,functional
55550,functional
3680,functional
38465,functional
51478,functional
73268,functional needs repair
10570,functional
28933,functional
71175,functional
39666,functional
38553,functional
70140,non functional
23136,functional
7376,functional
39282,functional
61350,functional
58983,non functional
14614,non functional
3677,functional needs repair
13442,functional
18935,non functional
68107,functional
53248,non functional
20331,functional
36330,functional
31517,non functional
37423,non functional
68435,non functional
42518,non functional
14172,functional
19550,functional
23486,functional
15879,functional
55909,non functional
54690,functional
62466,functional
13353,functional
36766,functional
4759,non functional
9171,non functional
50304,non functional
62840,functional needs repair
17528,functional
48899,non functional
30351,functional
38680,functional
39549,non functional
42062,functional
43065,functional
19734,functional
69536,non functional
55390,functional
43016,non functional
43564,functional
60971,functional needs repair
26010,functional needs repair
967,functional needs repair
16724,non functional
24247,functional
71003,functional
39437,functional
36137,functional
59078,functional
55559,functional
28540,functional
61295,functional
15379,non functional
47501,non functional
55915,functional needs repair
52197,functional
13726,non functional
12314,functional
59144,non functional
4159,non functional
25906,functional
23866,functional
4881,non functional
67302,functional
17544,functional
32910,functional needs repair
60597,functional
42024,non functional
71095,functional
61279,non functional
58676,functional
17397,functional
10984,functional
3052,functional
10983,functional
63474,functional
46105,non functional
74215,functional
3259,functional
10217,non functional
30372,functional
61546,functional needs repair
28283,functional
29400,non functional
53606,non functional
31964,functional
73273,functional
66679,functional
34987,functional
71180,non functional
19696,functional
68168,non functional
7240,functional
21095,non functional
23071,non functional
47900,functional
46195,functional
29619,functional
30277,functional
46892,functional
73699,functional
27782,functional
58871,functional
21609,non functional
23442,functional
32314,functional
48922,functional needs repair
24257,non functional
40862,non functional
8131,functional
58712,non functional
17533,non functional
21546,functional
2403,functional needs repair
22185,non functional
21163,functional needs repair
71330,functional
4357,non functional
21310,functional
61057,functional
67203,functional
17195,functional needs repair
47550,non functional
13299,functional
54935,non functional
9178,functional
69051,functional
21187,functional
66824,functional
45772,functional needs repair
18786,functional
68373,functional
52173,non functional
15822,functional
11736,functional
16898,functional
49949,functional
29594,functional needs repair
26741,functional
12025,functional
73081,non functional
2632,functional
35222,functional
55122,functional
59825,non functional
58873,non functional
23822,functional
18242,functional needs repair
24436,non functional
36853,functional
47907,functional
9568,functional
28582,functional
64925,non functional
13467,functional needs repair
67539,non functional
2369,functional
68573,non functional
52229,non functional
28871,non functional
17432,non functional
53383,functional
32885,non functional
39671,non functional
5825,functional
36155,functional
54971,functional
34382,functional
53601,non functional
45074,functional
62086,functional
37575,functional needs repair
47558,non functional
66130,functional
23242,functional
58517,non functional
32227,functional
32152,non functional
35996,functional
21677,non functional
490,functional
64577,functional
42580,functional
60543,functional
2762,functional
44721,non functional
25242,functional needs repair
7840,functional
65627,non functional
3082,functional
20624,functional
613,functional
31721,functional
60300,non functional
23764,non functional
44401,functional
45164,functional
2739,non functional
23303,functional
66203,functional
8441,non functional
66333,non functional
51484,functional
15303,non functional
55797,functional
15954,non functional
727,functional
45000,functional needs repair
48687,functional
39862,functional
28299,functional
25320,non functional
33558,functional
43969,functional
60619,functional
35773,functional
45898,functional
56111,non functional
10381,functional
64852,non functional
10573,functional
39826,functional
52926,non functional
61713,non functional
71118,functional
49476,functional
59340,functional
52568,functional
63140,functional
71390,functional needs repair
54521,non functional
6101,non functional
38380,functional
26148,functional
2662,functional
42390,functional needs repair
25910,functional needs repair
61202,functional
32591,functional
56187,functional needs repair
35622,non functional
51488,non functional
70747,functional
79,functional
59120,functional needs repair
47136,functional
40120,functional
30534,functional
11476,non functional
12764,functional
67471,functional needs repair
21555,functional
38824,functional
41243,functional
1079,functional
5818,functional needs repair
72312,functional
8726,functional
19134,non functional
19223,non functional
49080,non functional
2893,functional
12934,non functional
63705,non functional
49872,non functional
69767,functional needs repair
28155,non functional
6106,functional
43519,non functional
63427,non functional
58019,functional
32072,non functional
72216,functional
67451,functional
47190,functional
3913,functional
9815,non functional
61063,non functional
40474,functional needs repair
6727,non functional
41152,non functional
11857,functional needs repair
18960,non functional
65677,functional
62417,functional
43032,functional
39640,non functional
5880,functional
12805,functional
67576,functional
46830,functional
64403,functional
22367,non functional
12877,functional
34621,functional
44966,functional
70010,functional
25050,functional
43845,functional
1815,non functional
56028,functional
72294,non functional
28475,functional
34329,functional
23845,functional
56803,non functional
19166,non functional
55506,functional
46633,non functional
41988,functional needs repair
28277,functional needs repair
33139,non functional
11419,functional
34792,functional
23123,functional
34384,functional
17702,non functional
29142,functional
60858,non functional
61260,functional
36714,functional
59053,functional
65069,non functional
58756,non functional
46223,non functional
19504,non functional
29166,non functional
13126,non functional
29192,non functional
60794,functional
53390,non functional
66082,functional
36243,functional needs repair
17667,functional needs repair
19126,functional
56161,functional
14475,functional
48435,non functional
65263,non functional
57188,functional
27012,non functional
18949,non functional
61549,non functional
73884,functional
33440,non functional
22297,non functional
28488,functional
7069,non functional
58481,functional
32349,functional
66809,non functional
71223,functional
64728,functional needs repair
66833,non functional
32963,functional
51597,non functional
25124,non functional
6878,functional
67995,non functional
4863,non functional
10171,non functional
8236,functional
32912,non functional
63569,functional
48680,functional
45635,functional needs repair
13156,non functional
11601,non functional
50444,functional
68645,functional
16198,functional
71921,non functional
43414,functional
50391,functional
45896,non functional
3432,non functional
70613,non functional
64812,functional
17402,functional
54050,functional
15358,functional
13211,non functional
257,non functional
28651,functional
43473,functional
33805,functional
25859,non functional
7095,functional
62862,functional
5478,non functional
57315,non functional
45447,non functional
47539,non functional
32386,functional
39728,functional
68785,functional
63514,non functional
26758,functional
12515,functional needs repair
26290,functional
54057,functional
10741,functional
29783,non functional
48977,functional
23045,functional
13787,non functional
37623,non functional
57270,functional
20424,non functional
40867,non functional
4947,functional
44741,functional
54244,functional
54903,non functional
57521,functional
41969,functional
58479,non functional
57619,non functional
36834,functional
9493,non functional
62386,functional
374,functional
16941,functional
44781,functional
71220,functional needs repair
25468,non functional
15093,functional
5671,functional
70983,non functional
16254,functional needs repair
34354,functional
20939,functional
51257,non functional
51285,functional
593,functional
57221,functional
29589,functional
30447,functional
61457,functional needs repair
48190,non functional
11418,non functional
56081,functional
760,non functional
61142,non functional
40097,functional
36925,functional
54179,non functional
52489,functional
39139,functional
54353,functional
6109,non functional
6454,non functional
2952,functional
51241,non functional
22462,functional
58560,non functional
23117,functional needs repair
47497,functional
3229,functional
35636,functional
8453,non functional
9808,functional
21995,non functional
64406,non functional
34498,non functional
42790,non functional
11874,non functional
29700,functional
17502,non functional
6649,functional
71594,functional
10317,functional
64097,non functional
22702,functional needs repair
26586,non functional
73141,functional
5485,functional
64527,non functional
8761,functional
23364,functional
46441,non functional
55811,non functional
55309,functional
9549,functional
27190,non functional
71925,functional
54424,functional
58549,functional
26697,non functional
39514,non functional
71408,functional
67145,functional
41285,functional needs repair
52289,functional
7995,functional
32741,functional
69250,functional
22951,non functional
40547,non functional
7540,non functional
27705,functional
28394,functional
65120,functional
73705,non functional
71023,functional
29487,non functional
20999,non functional
59119,functional
13125,non functional
36237,non functional
37571,non functional
12865,functional
4946,non functional
35495,functional
5023,functional
50252,non functional
43990,functional
2652,functional
1033,functional
15499,non functional
28206,functional
19154,functional
59796,functional
8139,functional
68106,non functional
13709,functional
47246,functional needs repair
62100,functional
15736,functional
68686,functional
68903,functional
21800,functional
63870,functional
57408,functional
20041,non functional
554,functional
9405,functional
29553,functional
49090,functional needs repair
39217,functional needs repair
15544,functional needs repair
71577,non functional
61035,functional
41402,non functional
59987,functional
8042,non functional
11668,functional
35238,functional
59229,functional
1406,functional needs repair
72054,functional
2819,functional needs repair
5319,functional
55009,non functional
72285,functional
649,non functional
13836,functional
57231,functional
3123,non functional
15932,functional needs repair
58062,functional needs repair
67784,non functional
23506,non functional
18823,functional
48522,functional needs repair
63149,non functional
13468,functional
32114,functional needs repair
8898,functional
60292,functional
19278,functional
3025,functional
14056,functional
51001,functional needs repair
60807,functional
58258,functional
14455,non functional
64744,functional
10623,non functional
35981,non functional
5663,non functional
34151,non functional
5149,functional
64585,non functional
28202,functional needs repair
28032,functional
67511,non functional
21941,functional
13692,functional
74073,functional
29745,non functional
73983,functional
59819,functional
21684,functional
46844,non functional
43525,functional
10555,non functional
23888,functional
31130,non functional
71257,functional
67209,functional
46755,non functional
13065,functional needs repair
37138,non functional
29360,non functional
60615,non functional
7164,functional
10770,non functional
39014,functional
17895,functional
40265,functional
42160,functional
5894,functional
58536,functional
28080,non functional
63518,non functional
59402,functional
44773,non functional
31976,functional
44135,non functional
71755,functional
46643,non functional
65375,functional
30524,non functional
26452,non functional
49604,functional
49743,functional
65236,functional
8072,functional
63116,non functional
16259,functional needs repair
70164,non functional
978,functional
996,functional
27658,functional
18616,non functional
39910,functional needs repair
23348,functional
15939,functional
21592,non functional
31750,non functional
45607,functional
72501,functional
33895,non functional
72310,functional
9648,non functional
21581,non functional
10769,functional
12681,functional
32006,functional
38904,non functional
42262,functional
1336,functional
74196,non functional
11988,functional
17823,non functional
12596,functional
49738,functional
2991,functional
12167,non functional
61724,functional
30967,functional
16481,functional
61997,functional
46340,functional
53776,non functional
51250,non functional
72595,non functional
31851,non functional
53948,non functional
31021,functional
40479,non functional
15749,functional
5827,non functional
509,non functional
27653,non functional
63333,functional
42555,non functional
42422,non functional
56758,functional
65264,functional
67339,non functional
26098,non functional
30010,functional
35521,functional
29083,functional
69575,functional
63685,functional
47305,functional
21297,functional
30774,functional
18622,non functional
56316,non functional
64331,non functional
34108,functional
48376,non functional
699,functional
28038,functional
12268,functional
46417,functional
22119,functional needs repair
45272,non functional
51913,non functional
43943,functional
42147,non functional
58822,non functional
29961,functional needs repair
15101,non functional
60762,non functional
47291,non functional
60026,functional
50196,functional
68538,functional
19582,non functional
16221,non functional
3525,non functional
10691,non functional
40800,functional
46683,non functional
17146,non functional
65382,functional
29187,functional
36002,non functional
16745,functional
30446,functional
40154,functional
38317,functional
67391,functional
68948,functional
40959,functional
4628,non functional
11306,functional
56067,non functional
69945,functional
37421,functional
7862,non functional
73346,non functional
16163,functional
9880,non functional
57212,functional
31544,non functional
5972,functional
3461,functional
41091,functional
53447,functional
28444,functional
42275,functional
23549,functional
37846,functional
37789,functional
62608,non functional
67796,non functional
68279,non functional
46688,functional
31049,non functional
13896,functional needs repair
50884,non functional
72856,non functional
57939,non functional
61492,non functional
12576,functional
21284,non functional
63830,functional
54668,functional
34486,functional
22738,functional
28305,non functional
54145,functional
5324,non functional
32212,non functional
55243,functional
18436,functional
36297,non functional
24412,functional
66963,functional
21943,functional
16595,functional
52481,non functional
48473,functional
54438,functional needs repair
48879,functional
38247,non functional
32111,non functional
18795,non functional
62069,functional
28805,functional
45765,non functional
6629,functional
52409,functional
21569,functional
70701,non functional
30486,non functional
49391,non functional
2176,functional
72096,non functional
61917,functional needs repair
34572,functional
56650,non functional
12698,functional
23215,functional
56954,non functional
25836,non functional
42298,functional
36544,functional
6672,non functional
36585,functional
14593,non functional
18692,non functional
48953,functional
18459,functional
19574,functional needs repair
57422,non functional
49845,functional
19505,non functional
3935,functional
17161,functional needs repair
28010,functional needs repair
36529,non functional
23148,functional
43820,non functional
36623,functional
25689,non functional
23258,non functional
17026,non functional
56319,non functional
62515,functional
30345,functional
31374,non functional
46832,functional
40413,functional
21044,functional
23158,functional
4266,non functional
10005,functional
34175,functional
13894,non functional
63823,functional
30697,functional
36045,non functional
48935,functional
43577,functional needs repair
264,non functional
34292,functional needs repair
73045,functional
37573,functional
29638,non functional
41604,functional
21588,non functional
59208,functional
63587,non functional
68814,functional
39246,non functional
50479,functional
64736,functional
40707,non functional
50091,functional
47998,non functional
66419,functional
74060,functional
50731,non functional
61556,non functional
21744,functional
14284,functional
7831,non functional
2627,functional
49419,non functional
8427,functional
39789,functional
8810,functional needs repair
48651,functional
10079,non functional
47679,functional
53320,functional
64195,non functional
69860,non functional
47292,functional
22529,functional
61838,functional
12092,functional
50603,functional
34265,functional
73793,functional
3732,non functional
27227,functional
25303,functional
39260,non functional
55962,non functional
58001,functional needs repair
65593,functional
45778,non functional
19245,functional needs repair
26905,functional
50809,functional
38656,non functional
21843,functional
6121,non functional
61345,functional
18044,functional
14833,functional
15367,non functional
46173,functional
10995,functional
49077,functional
40340,non functional
46092,functional
9538,non functional
15428,functional
29479,non functional
61120,functional
58672,non functional
58248,functional
34907,functional
16258,functional needs repair
7294,functional
58364,non functional
66341,non functional
55488,functional
15283,functional
56477,non functional
3668,functional needs repair
60226,functional
67555,functional
66394,non functional
65620,functional
56374,functional
9483,non functional
39986,non functional
3556,functional
33370,non functional
70623,functional
57470,functional
47012,non functional
19498,functional
21348,functional needs repair
70083,functional
19029,functional
26323,functional
49149,non functional
21030,functional
9897,functional
38005,functional
40395,functional
4620,functional
62815,non functional
35572,functional needs repair
37948,functional
54440,functional
23508,non functional
15213,non functional
22542,functional
61361,non functional
5850,functional
6545,functional
63051,functional
69877,functional
65340,non functional
8192,functional
6245,functional
42369,non functional
31867,functional needs repair
71379,functional
19357,functional needs repair
54027,functional
20382,non functional
29598,functional
59658,functional
52247,functional
66415,functional
18168,non functional
8477,non functional
16452,functional
68781,non functional
35234,non functional
26581,functional
22686,non functional
42806,functional
4975,functional needs repair
64354,functional
25602,non functional
43130,non functional
59884,non functional
48755,non functional
64006,non functional
33790,functional
29163,functional
39784,functional
45853,functional needs repair
34710,non functional
54853,functional
56562,non functional
33836,functional
9352,non functional
20325,non functional
53115,non functional
72850,functional
37185,non functional
52527,functional
53699,functional
52346,functional
487,functional
50249,non functional
28930,non functional
34400,non functional
26036,non functional
2149,non functional
35459,functional
73768,non functional
5257,functional
3100,functional
14715,functional
69452,functional
20246,non functional
17259,functional
3931,functional
33765,functional
70079,non functional
68713,functional
31368,functional
64565,functional needs repair
10356,non functional
39038,functional
50167,functional
17613,functional
21875,functional
3620,functional
7145,functional
36978,functional
72765,functional
40178,functional
70611,functional
65875,non functional
3627,non functional
52767,functional needs repair
5920,functional
11127,functional needs repair
1742,functional
42759,non functional
59898,functional needs repair
10520,functional
71445,non functional
2727,non functional
58339,functional
21240,non functional
33265,functional
61729,functional
65891,non functional
52487,non functional
5259,non functional
49489,functional
29161,non functional
18702,functional
54647,non functional
61158,non functional
7100,functional
5239,functional
8416,functional
56617,functional needs repair
22720,functional
545,functional
63434,functional
13358,functional
32257,non functional
69867,functional
49907,functional
24447,non functional
10727,functional
57988,functional
43371,non functional
50709,functional
55344,functional needs repair
23337,functional
25151,functional
63562,non functional
24184,functional
73946,functional
3016,non functional
27059,functional
54503,functional
29812,non functional
14476,functional
22359,functional
46331,functional
16491,non functional
25534,functional
39062,functional
44147,functional
13912,non functional
37902,functional
21627,functional
18505,functional
61660,functional
46752,functional needs repair
11879,functional
3836,functional
53652,functional
69480,functional
50824,functional needs repair
66081,non functional
12029,functional
51842,functional
3488,functional
5254,non functional
69800,functional needs repair
57680,non functional
5785,non functional
54525,functional
54965,functional
6651,functional
36645,functional
28309,functional
2051,functional
19065,functional
4522,non functional
4480,functional
7990,functional
46800,non functional
51327,functional
62003,non functional
20237,non functional
27506,functional
50346,functional
64481,non functional
67062,functional needs repair
39575,functional
71412,non functional
43645,non functional
8188,functional
70505,functional
47375,functional
35708,functional needs repair
74052,functional
56807,functional
66409,functional
28146,non functional
22505,functional needs repair
25168,functional
21005,non functional
10294,functional
50519,functional
12678,non functional
37236,functional
8873,functional
486,non functional
29820,non functional
24208,non functional
45585,functional
58242,non functional
61410,functional
64871,functional
25044,functional
21947,non functional
48933,non functional
19774,non functional
15514,functional
23341,non functional
69129,functional
67369,functional
46878,functional
1088,functional
34005,functional
15404,functional needs repair
15375,non functional
3591,functional
5828,functional
4026,non functional
30001,functional
48263,non functional
44789,functional
66335,non functional
43544,non functional
3860,non functional
6911,non functional
44088,non functional
26041,functional
32437,non functional
59932,functional
69699,non functional
22323,non functional
41936,functional
11656,functional
67698,functional
21014,functional
43905,functional
34697,non functional
18842,functional needs repair
26356,functional
17179,functional
60700,functional
59366,functional
48783,functional needs repair
40794,non functional
41561,functional
27408,functional
42975,functional
53050,non functional
19815,functional needs repair
44555,functional
73851,functional
59486,functional
43213,functional
26259,non functional
73723,non functional
17807,non functional
51631,functional
73727,functional
48527,non functional
51352,functional
11718,functional
49365,functional needs repair
34713,non functional
72567,functional
41931,functional
66989,non functional
22254,non functional
20827,functional
46278,functional needs repair
48546,non functional
46349,functional
9631,functional
66381,non functional
49671,non functional
7360,non functional
64068,functional
24811,non functional
60426,non functional
4821,functional
15982,functional
68171,non functional
67718,functional
24573,non functional
73623,non functional
2018,functional
70740,functional needs repair
63892,functional
24786,functional
61263,non functional
34533,non functional
65079,non functional
15025,non functional
50068,non functional
61814,non functional
2973,functional
69273,non functional
4629,functional
45544,non functional
32149,non functional
16760,non functional
40843,non functional
2257,non functional
53825,functional
65141,non functional
23939,functional needs repair
55429,functional
14362,functional
18611,functional
4793,functional
37092,functional
47210,functional
33678,non functional
62435,non functional
51752,functional
26052,functional
21998,non functional
71503,non functional
32137,non functional
34840,non functional
33075,functional
40980,functional
24459,functional
61955,functional
27056,non functional
54829,functional
25077,functional
38795,functional
45691,non functional
4800,non functional
49657,non functional
36764,functional
8354,non functional
68877,non functional
44447,functional
16168,non functional
69219,non functional
47254,non functional
44315,functional
3673,functional
23769,functional
17595,functional
47290,functional
49592,non functional
42760,functional needs repair
30767,functional
15840,functional needs repair
31844,non functional
56589,non functional
20289,functional
11842,non functional
64560,non functional
39381,non functional
8648,functional needs repair
7046,functional
52869,functional
56818,functional
8924,non functional
17515,functional
9572,functional
6679,functional
52654,functional
51503,non functional
48306,functional needs repair
34278,functional
22783,non functional
34651,non functional
60280,non functional
23667,functional
57111,functional
73455,functional needs repair
16414,functional
3821,non functional
42179,functional needs repair
28262,functional
4182,functional
370,functional
5960,functional
38104,functional needs repair
7430,non functional
62771,non functional
1898,non functional
32147,non functional
1534,non functional
60854,functional
28336,functional
54480,non functional
27047,functional needs repair
8727,functional
27518,functional
7273,functional
4255,functional
64418,functional
59744,non functional
73322,functional
9860,functional
7070,functional
30764,functional
41051,non functional
5668,non functional
45165,functional
67933,functional needs repair
19253,non functional
73497,functional
51933,functional
10447,functional
4978,non functional
63951,functional
20224,non functional
37984,functional
36487,functional
41446,functional
60049,functional
39265,non functional
48729,functional
16275,functional
10443,functional
46955,non functional
1656,non functional
34215,non functional
41319,non functional
1647,non functional
48054,non functional
8825,non functional
12609,functional
44185,functional
70990,functional
49625,non functional
52595,functional
68417,functional
69590,functional needs repair
32531,functional needs repair
56637,functional
37445,functional
2010,functional
71553,functional
60121,non functional
42486,functional needs repair
18871,non functional
23986,non functional
50523,functional
67359,non functional
27694,functional
6904,functional
21809,non functional
8275,non functional
12059,functional
23065,functional
24903,functional
22534,non functional
27310,functional
28302,functional
20835,non functional
32871,non functional
40082,non functional
35499,functional needs repair
21688,non functional
13987,non functional
2616,non functional
73486,non functional
58876,non functional
47945,functional
66688,functional
48693,functional
5303,non functional
73307,non functional
42187,non functional
34688,functional
10146,non functional
45689,non functional
42830,functional needs repair
10212,functional
29473,functional
22539,functional needs repair
64677,functional
45671,functional needs repair
66583,non functional
21049,functional needs repair
45046,functional
19894,functional
21589,functional
73780,functional
49286,functional
36369,functional
48951,functional
2207,functional
54505,functional
52613,non functional
60705,non functional
102,non functional
66895,functional
11542,functional
3381,functional
71054,functional
21003,non functional
35794,functional
34897,non functional
26566,non functional
64002,non functional
27238,functional
26219,functional
44753,non functional
20806,functional
48209,non functional
53151,non functional
36684,functional
44372,functional
17995,functional needs repair
66009,non functional
12065,functional
9927,functional
52277,functional needs repair
61004,non functional
52423,non functional
19847,functional
61305,functional
31060,functional
818,functional
72062,non functional
68083,functional
32919,non functional
46288,functional
46117,functional
61867,functional
30512,functional needs repair
33759,non functional
48870,functional
52492,functional needs repair
55841,functional needs repair
16527,non functional
10567,functional
52415,non functional
16478,functional
73359,functional needs repair
38678,functional
41330,non functional
20755,functional
71338,non functional
45198,functional
61321,non functional
62111,non functional
4841,non functional
55329,non functional
36692,non functional
52116,functional
36339,non functional
31665,non functional
63224,non functional
5976,non functional
43106,non functional
67847,non functional
13301,functional
30786,functional
16292,non functional
60492,functional
16422,functional needs repair
19051,functional
34829,functional
27931,functional
2913,non functional
36638,functional
8219,functional
69365,non functional
3809,functional
72717,functional
69828,functional
10305,functional
15426,functional
42729,non functional
58518,functional
29213,functional needs repair
314,functional
41652,non functional
19546,non functional
13920,functional
14536,functional
24273,functional needs repair
9259,non functional
54724,functional
25842,functional
1424,functional needs repair
19436,non functional
39598,non functional
28845,non functional
70616,functional
65498,functional
67939,functional
63009,functional
17419,non functional
28527,functional
39694,functional
69646,functional
21352,functional
63138,functional
45071,functional
37410,non functional
61578,functional
11500,functional
11607,functional needs repair
58438,functional
49717,functional
10869,functional
53546,non functional
40343,functional
41486,functional
45058,functional needs repair
70285,non functional
38093,functional
25086,non functional
16495,functional
12543,functional
63064,functional
48148,non functional
38570,functional
71043,non functional
24992,non functional
11541,non functional
46013,functional
398,functional
25701,functional
19636,functional
49252,non functional
14758,non functional
946,functional
44669,functional
70589,non functional
62290,functional
37762,functional
64793,non functional
11310,functional
44700,non functional
10089,functional
69808,non functional
22354,functional
27819,functional
5582,functional
11587,functional
34090,functional
45880,functional
30064,functional
28935,non functional
12880,non functional
10304,functional
20984,non functional
52528,non functional
69642,non functional
11229,functional
59448,functional
66092,functional needs repair
22509,functional needs repair
22894,non functional
44359,non functional
54887,functional
50863,functional
24263,non functional
4356,functional
16662,functional
13474,non functional
3526,non functional
66712,non functional
7387,functional needs repair
71938,non functional
39958,functional
40798,non functional
36748,non functional
37673,non functional
62702,functional
15394,functional
19490,non functional
35429,functional
66146,functional needs repair
63487,functional
4244,functional
266,functional
25719,functional
950,functional
31456,functional
6004,functional
16131,non functional
38443,non functional
31178,functional needs repair
10999,functional
15442,non functional
14085,functional
28537,non functional
55511,non functional
44760,non functional
50294,non functional
56171,functional
36683,functional
32833,functional
64117,functional
31311,functional
40957,functional
35782,functional
69801,non functional
48404,functional
32225,functional
28472,non functional
68571,functional
40559,functional
16817,functional
28798,functional
54019,functional
14855,functional
66926,functional
7492,functional
39683,non functional
39847,non functional
3995,non functional
42342,non functional
64482,functional
37068,functional
55876,non functional
61856,functional
3994,functional
53695,non functional
73971,non functional
9558,functional
54334,non functional
62981,non functional
10742,functional
36221,functional
1317,functional
41838,functional
10010,functional
16926,functional
19570,functional
22543,functional needs repair
13234,functional
12228,functional needs repair
35557,functional
6523,non functional
2679,functional
15520,functional
59085,functional
11827,functional
69702,functional
29491,non functional
18057,functional
13262,functional
41039,non functional
35071,non functional
64926,functional
35263,non functional
6842,non functional
46407,non functional
64379,non functional
2983,functional
14878,non functional
45363,functional
4699,functional needs repair
35859,functional
28923,non functional
55069,non functional
14712,functional
3859,functional
13528,non functional
61469,non functional
63914,functional needs repair
38844,non functional
20711,non functional
69157,functional
58465,functional
51473,functional
21526,non functional
23949,functional
8703,functional
42684,non functional
43879,functional needs repair
48480,functional
43782,non functional
46007,functional
28689,functional
27535,functional
41047,functional
51206,non functional
40375,functional
8517,non functional
64267,functional
54837,non functional
6773,functional
1004,functional
47584,non functional
31278,functional needs repair
66361,functional
58212,functional
47745,functional needs repair
42910,non functional
17138,functional
28139,functional
16453,non functional
52260,non functional
15130,functional
13946,functional
51498,non functional
17128,non functional
40475,non functional
60130,non functional
39193,functional
11031,functional needs repair
34111,functional
64911,functional
3431,functional
8329,non functional
13082,non functional
65656,non functional
57703,functional
10232,non functional
60202,functional
62727,non functional
46713,functional
24181,functional
11847,functional
40914,functional
64053,non functional
3072,functional
37548,non functional
19460,non functional
50071,non functional
54816,functional
69556,non functional
61392,functional
2509,non functional
20127,non functional
68073,non functional
68367,functional needs repair
28759,functional
26271,functional needs repair
56449,non functional
566,non functional
34521,functional
36368,non functional
23678,functional
53052,functional
47001,functional
9621,functional
11558,functional
52631,non functional
25786,functional needs repair
45431,functional
71505,functional
7786,functional
36595,non functional
65763,functional
21558,non functional
57672,functional
5655,functional
55966,non functional
66067,functional
36327,non functional
3667,functional
66651,functional
29017,non functional
66806,functional
6082,non functional
28875,functional
50351,non functional
1139,functional
51487,functional
59287,functional needs repair
41424,functional
66011,functional
50277,functional
66010,functional
67349,functional
51454,functional
48876,functional
28053,non functional
9986,functional
31658,functional
684,non functional
61332,functional
52216,functional
9427,functional
2826,non functional
22087,non functional
37988,functional
69924,functional needs repair
42343,functional
51291,functional
16519,functional
16801,non functional
23882,functional
70208,functional
18352,functional
64957,functional
22340,functional
21323,functional
58203,functional needs repair
41540,non functional
43912,functional
18618,functional needs repair
21860,functional
22848,non functional
41579,functional needs repair
46733,functional
71661,non functional
40299,non functional
60258,functional
59196,functional
71493,functional
5231,functional
57108,functional
32328,functional
58680,functional needs repair
55754,non functional
67680,non functional
45463,functional
66020,functional
25517,non functional
67692,functional
45270,non functional
33567,functional
46442,non functional
71964,functional
18701,functional
52455,functional
19361,non functional
62647,functional
64503,non functional
17216,non functional
33082,non functional
43091,non functional
36391,non functional
54236,functional
18806,non functional
4188,functional
9668,non functional
60448,functional
587,non functional
41821,functional needs repair
30927,non functional
36573,functional
33505,non functional
41355,non functional
33978,non functional
60147,functional
9163,non functional
67242,non functional
34316,functional
34159,functional
19215,non functional
72883,non functional
14741,functional needs repair
29100,functional
56983,functional
66445,functional
19405,functional
60369,non functional
17564,functional
26453,non functional
11083,non functional
5515,non functional
35800,functional
62976,functional
7166,non functional
30783,non functional
41959,functional
6879,functional
73561,non functional
7826,functional
68013,non functional
63943,non functional
22793,functional
9438,non functional
56068,functional
59572,non functional
66843,functional
61748,functional
30724,functional
38315,functional
42528,functional
5786,non functional
49160,non functional
30044,functional
38386,functional
68551,non functional
21549,functional
50617,non functional
36059,functional
26737,non functional
59630,functional
5432,functional needs repair
67652,non functional
39691,functional
43601,functional
41106,non functional
4742,functional
44268,functional
51986,functional
46037,functional needs repair
30644,functional
31565,functional needs repair
35210,functional
64121,functional
25389,non functional
60289,non functional
48898,functional
15226,functional
46272,non functional
41662,functional
20327,functional
15409,functional
28357,non functional
22487,functional
30140,non functional
12995,functional
10729,functional
51274,functional
48710,functional needs repair
53931,non functional
64674,functional needs repair
33303,functional
7782,non functional
56573,functional
60990,non functional
46059,functional
69093,non functional
34579,non functional
44807,functional
61450,non functional
46576,functional
24165,functional
43381,functional
29455,non functional
20637,functional
51783,functional
37803,non functional
68336,non functional
47971,functional
7788,functional
34953,non functional
17940,functional
26322,functional
40958,non functional
64016,functional needs repair
2953,non functional
8170,non functional
27787,functional
68406,functional
33825,functional
40851,functional
63292,non functional
39238,non functional
18105,functional
58809,non functional
8843,functional
9773,functional
11546,functional
44668,non functional
1425,functional
70199,non functional
3349,functional
27755,functional
2520,functional
48900,functional
4280,functional
47862,functional
36400,functional
10960,functional
28157,functional
55533,functional needs repair
46342,non functional
65228,non functional
12994,functional
43259,non functional
69216,functional
51580,functional
51446,non functional
68721,functional
50103,functional
22930,functional
5744,non functional
25111,functional
17117,functional
22512,functional
22231,functional
58601,non functional
60535,functional
7766,functional
39755,functional
54623,non functional
72031,functional
15518,functional
52852,functional
11161,non functional
58029,functional
50178,functional
17650,functional
72996,functional
21883,non functional
25495,non functional
49056,functional
23240,functional
21483,functional needs repair
68991,functional
30142,functional
48971,non functional
32628,non functional
21752,functional
9767,functional needs repair
71700,functional
21499,functional
29295,functional
44662,functional
2664,non functional
21785,functional
13771,functional
43290,functional
5650,non functional
6264,functional
61983,functional
72739,functional
15680,functional needs repair
67069,functional
56237,functional
47433,non functional
52335,functional needs repair
61163,functional
37387,functional
20184,functional
31270,non functional
4880,non functional
28303,non functional
30083,functional
58267,non functional
71317,non functional
29114,functional needs repair
61005,functional
58635,functional
334,non functional
3081,non functional
2514,non functional
35078,non functional
60518,non functional
19873,functional
16019,non functional
8268,functional
2127,functional needs repair
39520,non functional
57329,non functional
18412,functional
6583,functional
39625,functional
1061,non functional
2946,functional
44216,functional
18111,functional
16919,functional
17282,non functional
69192,functional needs repair
55376,non functional
63470,functional
2236,functional
31790,functional
65427,non functional
36545,functional
67543,functional
44052,non functional
6521,non functional
70016,non functional
49121,non functional
5054,non functional
41684,functional
22294,non functional
32356,functional
455,non functional
61226,functional
44869,functional
35215,functional
54667,functional
33260,functional
35600,non functional
51840,non functional
45628,non functional
72881,functional
59721,functional needs repair
71967,functional
11903,functional
71794,functional
46052,non functional
66091,functional
20688,non functional
66002,functional
56291,functional
17600,functional
49319,functional
33920,functional needs repair
52041,functional
12956,functional
49637,non functional
31514,functional needs repair
43320,functional
40295,functional
53790,non functional
73319,non functional
6110,functional
37069,non functional
6993,non functional
73669,functional
12113,functional
23714,non functional
43478,non functional
38587,functional
60553,functional
34482,non functional
12217,functional
56663,functional
17097,functional
63797,non functional
13910,functional
6803,functional
3572,functional
59752,non functional
2716,non functional
43967,functional
36759,functional
11592,functional
20157,functional
66271,non functional
19618,functional
25511,non functional
53326,non functional
25255,functional
64630,non functional
9477,functional
70466,functional
62848,non functional
64654,functional
64084,non functional
33320,functional
20131,functional
9237,functional
62919,non functional
45344,non functional
51934,functional
39600,functional
27818,functional
46068,functional
27167,functional
53672,functional
69434,non functional
18489,functional
64796,functional
72486,functional
71488,non functional
5275,functional
56461,non functional
69738,functional
3606,non functional
56524,functional
53286,functional
25090,functional
67573,functional
13487,non functional
59900,functional
15881,functional
55440,non functional
53744,non functional
67924,functional
68871,functional
52345,functional needs repair
32405,functional
9011,non functional
9155,functional
67201,non functional
45262,functional
2131,functional
24676,non functional
44485,functional
18462,non functional
52034,functional
60864,functional
41919,functional
65770,functional needs repair
4040,functional
33850,non functional
46717,functional needs repair
68978,non functional
55865,functional
64734,functional needs repair
42667,non functional
47029,non functional
7412,functional
3852,functional
19948,non functional
56810,functional
46919,functional needs repair
8390,functional
24965,functional
29778,functional needs repair
5861,functional
21950,functional
35702,functional
44599,functional
10344,functional
5945,functional
64272,functional
49062,non functional
2896,non functional
59233,functional
24625,functional
60716,functional
47393,non functional
36805,non functional
59556,functional
45569,functional
41390,functional
55885,functional
46909,functional
67628,functional needs repair
2963,functional
52997,non functional
74128,non functional
8793,functional
2745,functional
29909,non functional
46794,functional
24100,non functional
51186,functional
12401,functional
62887,non functional
62832,non functional
40662,functional
25354,functional
54838,functional
38071,functional
19068,non functional
49747,non functional
20569,non functional
50332,non functional
10949,functional
24728,non functional
51665,non functional
70771,functional
1041,functional
3734,functional
71719,functional
57439,functional
68539,functional
36568,functional
52745,non functional
22827,non functional
63433,non functional
42651,functional
20218,functional
41910,non functional
24192,functional
26988,non functional
62663,functional
47588,functional
22652,functional
34209,functional
19003,functional needs repair
8936,non functional
6466,non functional
25096,non functional
57754,non functional
7173,functional needs repair
17258,functional needs repair
24215,non functional
10613,non functional
15859,non functional
10144,functional
45407,functional
28102,functional
28829,functional
9378,functional
62563,non functional
22113,non functional
52821,non functional
68144,non functional
3597,non functional
38633,functional
21149,functional needs repair
69889,functional
6769,functional
10773,functional
46341,non functional
40954,functional
36284,non functional
41373,non functional
14183,functional
3934,functional
16381,functional
28605,functional
49075,non functional
39094,functional
33271,non functional
54725,non functional
44852,non functional
12586,non functional
44164,functional
17590,functional
63047,non functional
43547,functional
24864,functional
17517,non functional
10708,non functional
47861,functional
41599,functional
70049,functional
55592,functional
70834,functional needs repair
65103,functional
25383,functional
2038,non functional
68236,functional
24132,non functional
32102,functional
2068,non functional
13463,functional
18449,functional
46716,functional
28846,functional
61508,non functional
68728,functional
64422,non functional
11050,non functional
7220,functional
5122,functional
10142,functional
16212,non functional
57185,non functional
73741,functional
50113,non functional
52240,functional
31646,non functional
14171,functional
30755,functional
41058,functional
61781,non functional
43633,functional needs repair
49125,functional
46250,functional needs repair
65048,functional
42411,functional
31633,non functional
53445,non functional
27064,non functional
26474,functional
57600,functional needs repair
8213,functional
33280,functional
42539,functional
29269,non functional
35150,functional
42675,non functional
6706,functional
16650,non functional
69655,non functional
65217,functional
1109,functional
63849,functional
15131,functional
66100,non functional
25243,non functional
35869,functional
744,functional
65698,functional
68428,non functional
13778,functional
62195,non functional
35395,functional
7403,functional
51565,functional
62672,functional
73592,functional
32339,non functional
10837,functional
15564,functional
30857,functional
22430,non functional
15570,non functional
39033,functional
51470,non functional
21601,functional
8349,functional
69348,functional
14200,functional
60268,non functional
20776,functional needs repair
59863,functional
67113,functional
66016,non functional
51951,non functional
62542,functional
30796,functional
53324,functional needs repair
16700,non functional
72215,functional
33233,functional
38243,functional
68520,functional needs repair
42942,functional
60940,functional
12741,functional
17535,functional needs repair
33121,functional
46763,non functional
44955,non functional
48354,functional
40015,functional
58644,functional
73712,non functional
11860,non functional
22921,non functional
49179,functional
19560,non functional
57304,non functional
30682,non functional
67689,functional
63048,functional
44288,functional
22361,non functional
21418,functional
52068,non functional
19705,non functional
14844,functional
14870,functional
63271,non functional
9499,non functional
34110,non functional
72496,functional
39488,functional
32041,functional
34748,non functional
43903,non functional
53336,functional
59407,functional
20897,functional
47586,functional
27204,functional needs repair
22009,functional
69318,non functional
36928,functional needs repair
15847,non functional
733,functional
3731,functional
47469,non functional
26408,functional
62067,non functional
54536,functional
49764,non functional
73740,functional
6587,non functional
38973,functional needs repair
72027,non functional
38888,non functional
13559,functional
50218,functional
49282,functional
33469,non functional
42055,functional
51071,functional
6898,non functional
35281,functional
14926,functional
10662,functional
69601,functional needs repair
16043,functional
26553,non functional
69160,non functional
11401,functional
33816,functional
121,functional
53330,functional
23471,functional
12864,functional
16774,non functional
11378,functional
5481,functional
2538,non functional
20909,functional
6037,functional needs repair
40339,functional
8776,functional
35853,functional needs repair
62752,non functional
50363,functional
44024,functional needs repair
8270,functional
42306,non functional
44152,functional
50038,functional
61257,functional
46474,functional needs repair
49054,non functional
2450,non functional
39160,functional
26195,non functional
21233,functional
49457,functional
9787,functional needs repair
45986,functional
41306,functional
43849,functional
73923,functional
30556,non functional
65675,non functional
16315,non functional
52239,non functional
25614,functional
37561,functional
6567,non functional
43157,non functional
49166,functional
23738,non functional
26389,non functional
44476,functional needs repair
51832,non functional
36116,functional
30314,functional needs repair
61351,non functional
6952,non functional
67675,functional
8446,functional
39545,functional
63783,functional
30592,functional needs repair
29577,functional
23930,functional
7130,non functional
72776,functional
33225,functional
27894,functional
69158,non functional
14984,functional
35145,functional
33435,functional
73619,functional
10954,functional
25915,functional
21481,functional
63146,functional
15391,functional
1921,non functional
53049,non functional
37235,non functional
29674,functional
27313,non functional
18669,non functional
53735,non functional
70934,non functional
67713,functional
50864,non functional
73743,functional
23488,functional needs repair
45852,functional
47722,functional
26644,functional
44322,non functional
30763,non functional
57860,non functional
73639,functional
43331,functional
61137,functional
50564,functional
18969,functional
32090,functional
74036,functional
13574,functional
36425,functional
21649,non functional
73908,functional
49673,functional
8232,non functional
47279,functional
67969,non functional
49697,non functional
67530,functional
60780,non functional
45181,non functional
64347,functional
18117,non functional
60563,functional
9422,non functional
47384,functional
54740,non functional
22701,functional needs repair
32367,non functional
70814,non functional
70854,functional
56029,non functional
40246,functional
33608,functional
62602,functional
6814,functional
47050,functional
29584,non functional
700,functional
42796,non functional
17160,non functional
3997,non functional
36785,non functional
15338,non functional
37056,non functional
17449,functional needs repair
48965,functional
32554,functional
63390,non functional
26885,functional
50622,non functional
31671,non functional
73810,functional
72262,non functional
12432,functional
33905,non functional
32166,functional
58371,functional
47145,functional
55672,functional
27810,non functional
52856,functional
54676,non functional
44220,functional
43458,non functional
7336,non functional
39117,non functional
37433,functional
43648,non functional
54795,functional
8867,functional
6762,non functional
48778,functional
73339,non functional
11145,non functional
41035,functional
22747,non functional
55890,functional
9087,functional needs repair
58456,non functional
64504,functional
20958,functional
3373,non functional
26331,non functional
20914,non functional
54165,functional
26430,non functional
72939,functional
16861,non functional
44582,non functional
34489,non functional
61280,functional
62237,non functional
58657,non functional
45228,non functional
25527,functional
71373,functional
2525,functional needs repair
24,non functional
8705,functional
26394,functional
21957,functional
51649,functional
42341,functional
60609,functional
72282,functional needs repair
36358,functional
47986,functional
29273,functional
67473,non functional
34570,functional
414,non functional
64748,functional
31562,non functional
48656,non functional
60452,non functional
52780,functional needs repair
19208,functional
17484,functional
20015,functional
36949,functional
34796,functional
7558,functional
61088,non functional
6852,functional
72531,functional needs repair
32479,non functional
73394,functional
29503,functional needs repair
21590,functional
19927,non functional
31256,functional
29834,functional
48972,functional
13108,functional
573,non functional
56196,functional
71334,non functional
6736,functional
13408,non functional
64090,functional
5680,functional
4693,non functional
54834,functional
57827,non functional
7549,functional
24462,non functional
72992,functional
34170,non functional
72133,functional
39072,non functional
35716,functional
64477,functional
61496,non functional
27790,functional
27808,functional
74147,functional
45372,functional
4526,non functional
22417,functional needs repair
51872,functional
22285,non functional
1731,functional
21670,functional
28104,functional
51930,functional
258,functional needs repair
14697,non functional
33834,non functional
52213,non functional
26886,functional needs repair
49402,functional needs repair
47729,functional
57887,functional
48959,functional
40543,functional
58973,functional
29031,non functional
23166,functional needs repair
8054,functional
41729,functional needs repair
44261,non functional
49638,non functional
61812,functional
12219,functional
22333,non functional
42674,non functional
10170,functional
36758,functional
30871,functional
69473,non functional
72740,functional
51480,non functional
62330,functional needs repair
34848,non functional
67920,functional
26321,functional
21638,functional
45807,functional
16053,functional
69467,non functional
5728,functional
28392,functional
26973,functional
61657,functional
9589,non functional
11748,functional
41643,functional needs repair
11023,non functional
72524,non functional
17534,non functional
9162,non functional
29367,functional needs repair
58530,non functional
53015,non functional
22991,non functional
46402,non functional
66375,non functional
22298,non functional
50520,functional
24058,functional
7724,functional
38777,functional
62153,non functional
16399,functional
46762,functional
40686,functional
72380,functional needs repair
5294,non functional
25239,functional
252,functional
33373,functional
58765,functional needs repair
1308,functional needs repair
14581,non functional
11430,functional
59191,functional needs repair
6478,functional
73483,functional
7201,non functional
18544,non functional
20959,non functional
46188,non functional
49440,non functional
38395,functional
14148,non functional
57789,non functional
30625,functional
62892,non functional
29913,functional
44141,functional
2818,non functional
27657,functional
12096,non functional
60283,functional
69799,functional
59681,functional
9447,non functional
51258,functional
61001,non functional
16718,non functional
8704,non functional
52457,functional needs repair
20457,functional needs repair
34615,functional
60013,non functional
21472,non functional
2485,functional needs repair
69408,non functional
25580,functional
668,functional
24077,non functional
19310,non functional
30405,functional
36635,functional
54209,functional
66215,non functional
3950,functional
36377,functional needs repair
68211,non functional
9847,functional needs repair
23262,non functional
32666,functional needs repair
1735,non functional
17734,non functional
8352,non functional
20606,functional
14506,functional
59247,non functional
64480,functional
63201,functional
23759,functional needs repair
2237,functional
39861,functional
50558,functional needs repair
17547,functional
38463,functional needs repair
16158,functional
52560,functional
71502,non functional
38713,functional
39329,functional
21612,functional
20701,non functional
60309,functional
14385,non functional
49057,functional
50474,functional
13655,non functional
27528,functional
56412,non functional
9826,functional
55472,functional
18094,functional needs repair
23127,non functional
10605,functional
57739,functional
56074,non functional
73500,functional
25429,functional
11956,functional
26200,functional
40036,non functional
71870,non functional
16676,non functional
67044,functional
36403,non functional
63454,functional needs repair
34518,non functional
18217,functional
18851,functional
47863,functional
51227,non functional
32988,non functional
25011,functional
63652,non functional
49201,non functional
9755,non functional
48674,non functional
28379,non functional
2975,functional
46317,non functional
21936,functional
70108,functional
45784,functional needs repair
20337,functional
41942,functional
63650,non functional
19925,functional needs repair
62664,non functional
33852,functional
39075,functional needs repair
72585,functional
72393,non functional
22187,non functional
46044,non functional
72530,functional needs repair
33091,functional
66115,functional
41143,functional
72128,functional
69223,non functional
35177,non functional
57514,functional
73542,functional
63753,functional
41611,non functional
60350,non functional
51444,functional
28253,functional
8140,non functional
10615,non functional
38845,functional needs repair
43297,functional
54666,non functional
2767,non functional
21411,functional
39658,functional
72633,functional
58818,non functional
9981,functional needs repair
70430,functional
53914,non functional
7074,functional
54764,non functional
8348,functional
41723,functional
37662,non functional
44939,functional needs repair
51671,non functional
55541,non functional
38896,functional
1263,non functional
64224,non functional
17639,functional
54794,functional
2728,functional needs repair
47125,functional
19107,functional needs repair
1153,functional
18952,functional
15061,functional
67107,non functional
32055,functional
57820,non functional
31473,non functional
890,functional
29215,non functional
12067,functional
18386,non functional
39921,functional
27515,non functional
6297,functional
73569,non functional
3280,functional
43051,non functional
31295,functional
27125,functional
8198,non functional
23941,functional
24526,functional
34360,functional
55228,functional
35467,functional
72732,functional
45439,non functional
42992,non functional
64978,functional
5446,non functional
68222,functional
27010,functional
2903,functional
31743,functional
18675,functional needs repair
65112,non functional
1377,functional needs repair
43627,functional
58147,non functional
47137,non functional
7082,functional needs repair
10442,non functional
2107,functional needs repair
26307,functional
47176,functional
20978,functional
38508,non functional
67632,non functional
70678,functional
39863,functional
20138,functional
5336,non functional
15726,functional
50208,functional
24431,functional
24233,non functional
71998,non functional
62966,non functional
8160,functional
30416,functional
15963,non functional
35843,non functional
67365,functional
65129,functional
54693,non functional
12683,non functional
7708,non functional
53590,non functional
21885,functional
63622,functional needs repair
74086,non functional
25187,functional
37891,functional
19113,functional
34682,non functional
57922,functional
67205,functional
32795,non functional
49072,functional needs repair
17111,functional
4301,non functional
25388,functional
72780,functional
73425,functional needs repair
18310,non functional
9265,functional
67936,functional needs repair
48018,functional
45141,functional
50165,functional
50276,functional
18808,functional
19531,functional
17042,functional
21658,non functional
3206,non functional
39572,functional needs repair
57187,functional needs repair
14621,non functional
38344,functional
15985,functional
15540,non functional
62112,non functional
15938,non functional
53360,non functional
59983,functional
25793,functional
59506,functional needs repair
73205,functional
62274,functional
68777,functional
57880,non functional
47310,non functional
14915,non functional
39534,non functional
66867,non functional
6278,functional
3010,functional needs repair
4417,non functional
4080,functional
55903,functional
64514,functional
19415,functional
48813,functional
47545,functional
10745,functional
7251,non functional
65555,functional
14529,functional
37008,functional needs repair
15703,functional needs repair
59481,functional
797,functional
5417,functional
62433,functional needs repair
3307,non functional
9939,non functional
42452,functional
18066,functional
55132,functional needs repair
6175,functional
21259,non functional
34080,functional
19203,functional needs repair
30348,functional needs repair
19342,non functional
74020,non functional
19453,functional
21267,non functional
55671,non functional
32109,functional
4106,functional
46591,functional
2458,non functional
41368,functional
17794,functional
25110,functional needs repair
10307,functional
74083,non functional
43425,functional
68879,non functional
48410,functional
39051,non functional
7441,functional
28000,functional
43156,functional
5985,non functional
36304,non functional
29637,non functional
3723,non functional
55241,non functional
62670,functional
55959,functional
57302,functional
26512,functional needs repair
40281,non functional
24515,non functional
61811,functional
53444,functional
58905,non functional
5645,functional
39199,non functional
56038,functional
26348,functional
40174,non functional
44429,functional
29199,functional needs repair
9775,functional
9423,functional
63344,non functional
28940,non functional
49551,functional
57280,functional needs repair
31220,non functional
20785,non functional
48182,functional
4361,non functional
44788,functional
5272,non functional
70249,functional
12720,functional needs repair
24802,functional
28585,non functional
35237,functional
34552,non functional
10185,functional
4029,non functional
23435,functional
45448,functional
33146,functional
7765,functional
13763,functional needs repair
67581,functional
68356,non functional
21466,functional
16204,functional
57296,functional
39084,functional
14686,non functional
17799,functional
30526,non functional
55718,functional
10365,non functional
20805,non functional
58469,non functional
58478,functional
4694,functional
48118,functional
57853,non functional
49539,functional
16999,functional
16795,functional
14480,non functional
18301,non functional
42402,non functional
28058,functional
12344,non functional
19030,non functional
55061,functional
10091,functional
73910,functional
62572,functional
26005,functional
17109,non functional
50572,non functional
62308,functional
69182,non functional
55375,non functional
28006,non functional
20932,non functional
61893,functional
47354,functional
23105,functional
2890,functional
728,functional
17164,functional needs repair
61819,functional
29573,functional needs repair
52833,functional
21514,functional
37147,functional
12791,functional
28387,functional
37025,non functional
8091,functional
38139,functional
51618,non functional
21153,functional
55684,functional
18099,non functional
25912,functional needs repair
58573,functional
37084,functional needs repair
7855,functional
25490,functional
47755,non functional
20346,non functional
13545,functional
70617,functional
23983,functional
57071,functional needs repair
45964,functional
17331,non functional
32392,non functional
37217,functional
48563,functional
16169,functional
29898,functional
11143,functional
40594,functional
24725,functional
69218,functional
62451,functional
37052,non functional
16303,functional
72933,non functional
17722,non functional
47214,functional needs repair
62196,functional
23832,functional
35043,non functional
39029,functional
52172,functional
9383,functional
25357,non functional
29302,non functional
9191,non functional
43454,non functional
41055,functional
49007,non functional
36957,functional
21970,functional
3071,functional needs repair
260,functional
2029,non functional
70380,functional
6776,non functional
7876,functional
57220,functional
7355,non functional
39418,non functional
12918,functional
46561,functional
29732,functional
40326,functional
47387,functional
51920,functional needs repair
55059,functional
19929,functional
33473,functional
37442,functional
33407,functional
12551,functional
56223,functional
40416,non functional
10589,non functional
16271,functional needs repair
37121,functional
73936,functional
113,functional
13508,functional
12180,non functional
19287,non functional
45941,functional
26894,non functional
57400,functional
22226,functional
31704,functional
55028,functional
67874,non functional
35304,functional
44818,non functional
45496,functional
11528,functional
48925,functional
69332,functional
1853,non functional
63221,non functional
41534,functional
59057,functional
12876,non functional
49345,non functional
34649,functional
43167,non functional
18150,non functional
26962,functional
8957,non functional
67390,non functional
43220,functional
37074,functional
351,functional
60468,functional
16875,non functional
7839,functional
59422,non functional
22229,functional needs repair
63014,functional
13079,functional needs repair
37427,non functional
45655,functional
17494,functional
57371,non functional
71740,non functional
54461,non functional
67419,functional
48147,non functional
68058,functional
24964,functional
40338,non functional
55699,non functional
44711,functional
61147,non functional
35595,functional
16402,functional
1167,functional needs repair
47921,functional
30017,functional needs repair
5658,non functional
71119,non functional
31428,functional
29847,functional
51862,functional
201,functional
57365,non functional
28459,functional
70499,non functional
55198,functional
72981,functional
57651,non functional
9886,non functional
14952,non functional
63959,functional
46843,functional
33147,functional
41816,functional
68430,functional
25948,non functional
57813,non functional
54076,functional
71791,functional
20223,functional
72402,functional
19716,functional
32556,non functional
62044,functional needs repair
12337,functional needs repair
34065,functional
39008,functional
46508,non functional
4905,functional
7158,functional
52379,functional
4581,functional
33084,non functional
33880,functional
55360,non functional
19032,functional
6114,functional
58881,non functional
34375,functional
46964,non functional
13594,non functional
69278,functional
18060,functional
37144,non functional
9680,functional
10740,functional
69137,functional
58627,functional
73381,functional
38164,functional needs repair
60834,non functional
34900,non functional
41608,functional
3017,functional
3795,non functional
2288,non functional
8759,non functional
73208,non functional
72273,functional
39207,functional
37124,non functional
11852,functional
4858,functional
49384,non functional
9904,functional
18104,functional needs repair
4363,non functional
46569,non functional
70879,functional
20320,non functional
29333,non functional
69956,non functional
63241,functional
69267,functional needs repair
67313,non functional
63353,non functional
58211,functional
71562,functional needs repair
47796,functional
37873,non functional
63798,functional
12027,non functional
37624,functional needs repair
40417,functional
40442,functional needs repair
63049,functional
24661,functional needs repair
12516,functional
36584,functional needs repair
19829,functional needs repair
66781,non functional
40518,non functional
15984,functional needs repair
71508,non functional
36936,non functional
24393,functional
3379,non functional
22151,non functional
68790,functional
52452,functional
40362,functional
21459,functional
20551,functional
41760,non functional
5615,functional needs repair
64423,functional
1389,non functional
57661,functional
27391,functional
49169,functional
36067,functional needs repair
72649,functional
22812,functional
15965,functional
60941,functional
10667,non functional
14131,functional
71824,functional
72411,functional
11733,functional
38033,functional
55196,functional
29803,non functional
20070,non functional
70439,functional
41994,functional
2737,non functional
71565,functional
39810,functional
67361,non functional
70995,non functional
29223,functional
46459,functional needs repair
7313,functional
20813,functional
16107,functional needs repair
9448,functional
53025,non functional
28024,non functional
3202,functional
14303,functional
42529,functional needs repair
7087,functional
45733,non functional
27250,functional needs repair
64707,functional needs repair
12503,functional
3522,functional
6619,functional
40183,functional
9858,functional
2337,non functional
3210,non functional
46871,functional
37055,non functional
12000,non functional
10282,non functional
26856,non functional
28820,functional
39046,functional
51843,functional
36283,non functional
26835,non functional
58171,functional
53797,functional
26369,non functional
47035,functional
43333,non functional
52410,functional
31799,functional
59964,functional
27216,non functional
20338,functional
16560,functional
57201,non functional
2048,functional
14884,functional
43957,functional
68493,non functional
15065,non functional
48186,non functional
52024,non functional
45371,non functional
9574,functional
71939,functional
24164,non functional
43179,functional
50601,non functional
38241,non functional
4639,non functional
50702,non functional
16263,functional
52428,functional
50089,functional needs repair
47079,functional
35321,non functional
43135,non functional
20762,non functional
10854,functional
62795,functional
34305,non functional
13327,non functional
30777,functional needs repair
31934,functional
23439,functional
14245,functional
47693,functional
35018,functional
68995,non functional
69048,functional
53297,functional
10387,functional
33219,non functional
6601,functional
60339,functional
38035,functional
38001,functional needs repair
38765,non functional
48734,functional
46367,functional needs repair
19457,non functional
38782,functional
52211,functional
15099,non functional
74131,non functional
9506,non functional
51579,functional
34744,functional
36385,functional
20008,functional
47915,non functional
40293,non functional
32995,non functional
5120,non functional
67206,functional
8710,non functional
50738,functional
29478,functional
50419,functional
8406,functional
38324,functional
39787,non functional
451,functional
61109,non functional
39130,non functional
21540,functional
60186,functional
7110,functional
54954,functional
5841,functional
52030,functional
50903,functional needs repair
65790,non functional
67264,functional
46210,non functional
17254,non functional
50734,functional
6660,functional
39752,functional
23186,functional
39916,functional
67022,functional
74042,functional
23461,non functional
4436,functional
73204,functional
15776,non functional
51590,functional
34256,non functional
32107,functional
62869,functional
72968,functional
67411,functional
10476,functional
66034,non functional
4749,non functional
59625,non functional
20501,non functional
8388,functional
49028,functional needs repair
6225,functional
36141,functional needs repair
29271,functional needs repair
30426,functional
3442,functional
58993,non functional
25862,functional
19576,functional
69246,non functional
43700,functional
33885,non functional
60978,non functional
57218,non functional
23423,functional
63418,functional
51718,functional
6410,non functional
55207,functional
34826,functional
53310,non functional
45229,functional
52970,functional
50220,functional needs repair
7429,functional
5078,functional
60376,functional
66355,non functional
48135,non functional
45703,non functional
27181,non functional
69005,non functional
35695,functional
64661,functional
32855,functional
26883,functional
27615,non functional
40118,non functional
62354,non functional
36,functional
33169,non functional
15215,functional needs repair
18557,functional
18592,non functional
65398,non functional
41714,non functional
38439,non functional
68214,functional
49073,non functional
71948,functional
5375,non functional
10285,functional
5935,non functional
23088,functional
31455,functional
71889,non functional
34908,functional needs repair
13088,non functional
63215,functional
58634,non functional
5333,functional
19845,functional
23942,non functional
26421,functional
50816,functional
17883,functional
43266,functional
34641,functional
74172,functional
3962,functional
26728,functional
47759,functional
60669,non functional
48984,functional
20738,functional needs repair
20133,functional
45519,functional needs repair
55245,non functional
810,functional
58427,non functional
61460,functional
18007,functional
4619,functional
25191,functional
66760,functional
35582,functional
38295,non functional
28289,functional needs repair
8894,non functional
9712,functional needs repair
27947,functional
66504,functional
57674,functional
6694,functional
49483,functional
14622,functional
34352,non functional
17690,functional
30360,functional needs repair
13330,functional
45073,functional
38826,functional
11630,functional needs repair
45427,non functional
19376,functional needs repair
11951,non functional
50577,non functional
14526,non functional
58354,functional
8638,functional
37252,non functional
19233,non functional
40868,functional
59832,functional needs repair
31347,functional
48431,non functional
16324,non functional
62106,functional
62129,non functional
31524,functional
24960,functional
53572,non functional
24981,non functional
1443,functional
34803,functional needs repair
64191,non functional
69569,functional
72276,functional
5334,functional
48616,functional
10923,non functional
16332,functional
53777,functional
38497,functional
34952,functional
25801,functional
65565,non functional
25491,functional
5271,non functional
66567,functional
58811,functional
20384,non functional
42302,functional
36440,functional
48302,non functional
22502,functional
6031,functional
19412,non functional
68412,functional
50345,non functional
16832,functional
47117,non functional
37507,functional
7567,non functional
4455,non functional
58519,non functional
60867,functional
49426,functional
25185,non functional
31215,functional
66428,functional
38240,functional
25961,functional
55741,functional
21269,functional
30198,functional
14950,non functional
13249,functional
62508,non functional
58596,non functional
56193,non functional
31046,non functional
6091,functional
36700,non functional
55715,functional
627,functional
49172,non functional
53172,functional
23204,functional
20913,functional
22858,functional
33797,non functional
50743,functional
34949,non functional
53472,functional
59038,functional needs repair
13830,functional
4144,functional
5255,non functional
47332,non functional
63037,functional
24978,functional
15493,functional
73789,non functional
8861,functional
58214,functional
47965,non functional
6636,functional needs repair
69545,functional
12490,non functional
68469,non functional
6676,functional
15922,functional
67695,functional
45676,functional
9009,functional
42998,functional
69824,non functional
22607,functional
21358,functional needs repair
37586,functional
67405,non functional
33898,functional
31850,functional
17379,functional
33507,functional
52046,non functional
65719,functional
72124,non functional
40168,non functional
35845,non functional
24048,functional
30821,non functional
60393,functional
4578,functional needs repair
54670,non functional
59257,functional
17074,non functional
6319,non functional
71639,non functional
16846,functional
56493,non functional
54419,non functional
34576,functional
32773,functional
63123,functional
54731,non functional
48918,functional
62640,functional
48108,functional
4605,non functional
71584,non functional
33960,functional
41583,functional
66163,non functional
60814,non functional
71465,functional
56622,functional
60210,non functional
318,non functional
59412,functional
53615,functional needs repair
2922,non functional
36217,functional
35365,functional
22715,non functional
34383,functional
66698,non functional
6983,non functional
4604,functional needs repair
13420,non functional
18463,functional
23169,functional
22421,functional
20893,non functional
28568,functional needs repair
37881,functional
49399,functional
23989,non functional
9951,functional
5273,non functional
65003,functional
61184,functional needs repair
40065,functional
60435,functional
66671,functional needs repair
9844,non functional
27107,functional needs repair
49152,functional
19926,non functional
22022,functional
69364,functional needs repair
14692,non functional
31465,non functional
48386,functional needs repair
15557,functional
37998,functional needs repair
20302,functional
56372,non functional
3547,non functional
30551,functional
19608,non functional
5959,non functional
31203,functional needs repair
68623,functional
51781,non functional
3919,functional
46867,functional needs repair
35559,functional
57380,functional
40476,non functional
71847,functional
24738,functional
24294,functional
9281,functional
29600,functional
68699,non functional
58053,non functional
6671,functional
37954,non functional
41865,non functional
49650,non functional
40420,non functional
5660,functional
42890,functional
13135,functional
68876,functional
12446,functional
42417,non functional
21179,non functional
548,functional needs repair
39289,non functional
40067,functional
35144,functional
13833,functional
35634,functional needs repair
40726,non functional
1055,functional needs repair
42105,functional
4977,functional
62505,non functional
23937,functional
32177,functional
51785,non functional
50600,functional
52256,non functional
41103,functional
34392,non functional
70876,non functional
63392,functional
9579,functional
20705,non functional
26432,non functional
26266,non functional
71123,non functional
19372,functional
18948,functional
14653,functional
14756,non functional
15507,non functional
59117,functional needs repair
30663,non functional
12278,non functional
65692,functional
18128,non functional
10358,functional
53018,functional
69280,non functional
64993,functional
59916,non functional
73395,functional
25732,non functional
49780,functional
46692,functional
73598,functional
40003,functional
46807,functional
49059,functional
12122,functional
40137,functional
55532,non functional
33665,functional needs repair
1298,non functional
26996,functional
54471,functional
70849,functional
29730,non functional
27695,functional
44637,non functional
3652,non functional
22517,non functional
24117,functional
58836,functional
59632,non functional
14664,non functional
26164,functional
43993,non functional
30450,functional
4772,non functional
74246,non functional
72126,functional
22558,functional
48747,functional needs repair
19391,functional
36277,non functional
36474,non functional
46292,functional
9131,functional
35542,non functional
43067,non functional
47146,functional
20657,non functional
37959,non functional
4543,functional needs repair
64093,functional
20472,functional
27872,non functional
5127,non functional
14419,functional
68024,non functional
71286,non functional
47984,functional
770,functional
67907,functional
11215,functional
73957,non functional
19651,non functional
13197,functional
35823,non functional
31946,functional needs repair
31068,functional
4096,non functional
55575,functional
54810,non functional
54227,non functional
28090,functional
27530,functional
694,functional needs repair
18073,functional needs repair
734,functional
38150,functional
59675,functional
8067,functional
51235,functional
20252,non functional
23849,functional
16437,functional
1133,functional
49668,functional
4788,non functional
22091,functional
17828,functional
315,functional needs repair
16189,functional
10231,functional
71536,functional needs repair
63468,non functional
54501,functional
50446,non functional
30109,functional
47164,functional
16079,functional
57028,functional
73991,functional needs repair
28242,non functional
5117,non functional
29018,non functional
39885,non functional
55618,non functional
59254,non functional
28224,non functional
5508,non functional
39822,functional needs repair
37465,functional
2559,non functional
51680,functional
14417,non functional
68330,functional needs repair
71310,non functional
33980,functional
69865,non functional
13351,non functional
8974,non functional
18670,non functional
30792,non functional
1594,functional
37140,functional
14100,non functional
7112,functional
22118,functional needs repair
15224,functional needs repair
70145,functional
60479,functional
49231,functional
4007,non functional
19249,functional
73155,functional
34823,functional
8911,non functional
17655,functional needs repair
39506,functional
197,functional
71978,non functional
46503,functional
38953,functional
38285,non functional
18756,non functional
794,non functional
56776,functional needs repair
16051,non functional
40984,non functional
58832,functional
32966,non functional
67865,functional
10048,non functional
44543,functional
6626,functional
12297,non functional
18874,functional
56725,non functional
7662,non functional
35705,functional
9749,functional
45117,functional
33453,functional
58554,non functional
59283,non functional
21862,non functional
39712,functional
60822,non functional
10650,functional
72387,functional
69485,functional
34417,non functional
45110,non functional
3899,non functional
39198,non functional
30614,functional
22278,functional
63574,functional needs repair
66029,non functional
9202,functional
70686,functional
36779,functional
28803,functional
33298,non functional
42835,non functional
40815,functional
45296,functional
32121,non functional
8886,functional
32991,non functional
34764,functional
10467,functional
66408,non functional
37151,functional
74035,functional
55540,non functional
18658,functional
19792,non functional
65807,functional
55066,functional
72873,functional
26790,functional
28233,functional
14543,functional
72493,functional
37089,functional
12622,functional
66984,non functional
72970,non functional
27308,functional
39954,functional
27713,non functional
47510,functional
62353,non functional
70582,non functional
8374,functional
54282,functional
17243,non functional
52920,functional needs repair
58603,functional
22771,non functional
2694,non functional
69011,functional
67436,non functional
47706,functional
15033,functional
26326,non functional
7203,functional
56990,functional
17718,non functional
25584,non functional
30434,functional
70895,non functional
3403,functional
26491,non functional
68819,non functional
18148,non functional
40672,functional
62041,functional
23090,functional
17942,functional
5847,non functional
61756,non functional
43888,functional needs repair
22295,non functional
69591,functional
42305,functional
44686,functional
2295,non functional
41962,non functional
6012,non functional
31488,non functional
52826,functional
36652,non functional
51659,non functional
58262,functional
20725,functional needs repair
51545,non functional
60037,non functional
17630,functional
2138,non functional
11071,functional
66308,functional
12756,functional
33446,non functional
40354,non functional
38660,non functional
50490,non functional
67547,functional needs repair
35846,non functional
65062,non functional
69290,functional
37081,non functional
4308,functional
10780,non functional
1908,functional needs repair
65704,non functional
29947,functional
35249,non functional
20525,functional
43809,functional
54238,functional
8955,functional
32577,functional
48924,non functional
42371,functional
5086,functional
28700,functional
52878,functional
64493,functional
11858,functional
57567,functional
24943,non functional
3477,non functional
33667,non functional
65711,non functional
9626,non functional
6051,functional
50821,non functional
66018,functional
14851,non functional
47219,functional
27764,functional
3275,non functional
48092,functional
21619,non functional
70650,functional
22658,functional needs repair
38851,non functional
49484,functional
59005,functional needs repair
58760,non functional
52263,non functional
19647,functional
19581,functional
62610,non functional
3948,functional
72994,functional
6223,non functional
63695,functional
8290,non functional
39807,non functional
20182,non functional
52349,non functional
62895,functional
72941,non functional
64225,functional
72180,functional
44465,non functional
63698,functional
23252,functional
38140,non functional
24246,functional
58385,non functional
32355,functional
44481,non functional
3197,non functional
13703,functional
36366,functional
25219,non functional
6840,functional
32748,non functional
49244,functional
22704,functional
59470,functional
32283,functional
11444,non functional
36498,non functional
37459,functional
55320,functional
7520,functional needs repair
45020,functional
50778,non functional
58673,non functional
19644,functional
49675,functional
67482,functional
37702,functional
66192,functional
68439,functional
39702,functional
65543,non functional
1414,functional
4237,functional
9605,functional
66628,functional
16148,functional
40458,functional
73549,functional
21689,non functional
16114,functional
6594,non functional
19616,functional
30649,functional
69481,non functional
63763,non functional
64351,non functional
53625,functional
23758,non functional
50991,functional
53887,functional
62876,functional
45319,non functional
22561,functional
68069,functional
4132,functional
18017,non functional
2990,functional
67826,non functional
18963,functional
71801,functional
23034,functional
58336,non functional
62724,functional
31806,functional
72655,functional needs repair
57345,functional
32396,non functional
47889,functional
6015,non functional
58939,functional
58643,functional
7661,functional
18727,non functional
16373,functional
4631,functional
52688,non functional
23675,non functional
63115,functional
41963,functional
68052,non functional
53091,functional needs repair
13652,non functional
61471,functional
30923,functional
72907,functional
68715,non functional
60012,non functional
31714,functional needs repair
1481,functional
19988,non functional
66866,non functional
21404,functional
68776,functional needs repair
48857,functional needs repair
44511,non functional
57228,functional
53864,non functional
9161,non functional
70510,non functional
31753,non functional
63332,non functional
7232,functional
2396,functional
45406,functional
28661,non functional
54729,functional
16008,non functional
46877,functional
52463,non functional
8983,functional
18716,functional
36109,functional
71419,non functional
39318,functional needs repair
50761,functional
17276,functional
29279,functional
52672,functional
61703,non functional
22562,non functional
72184,functional
54532,functional
72989,non functional
60011,functional
31026,functional
49795,non functional
16118,functional needs repair
28072,functional
56222,functional
40576,functional
58318,non functional
20269,functional
15125,functional
58916,functional
71314,functional
4574,functional
65021,functional
5191,functional
48969,non functional
62738,non functional
46280,non functional
10235,functional
56080,functional
65381,non functional
8100,functional
9540,functional
53174,non functional
40953,functional needs repair
61644,functional needs repair
18569,functional
13041,functional
66289,non functional
31441,functional
69046,functional
53441,non functional
70221,non functional
71268,functional
34141,functional
9933,functional needs repair
56165,non functional
67579,non functional
53189,functional
19224,functional
31788,functional
53381,functional
68884,functional
20737,non functional
55705,non functional
14597,non functional
59435,non functional
70968,functional
43789,functional
27606,non functional
17874,non functional
4311,non functional
43574,non functional
48023,functional
63642,functional
928,functional
45814,non functional
36523,non functional
6618,functional
16983,non functional
2947,functional
62366,functional
2111,functional
53494,functional
65647,functional
64104,functional
63800,non functional
52412,non functional
31067,functional
72192,functional
39948,functional
24842,non functional
18158,non functional
4360,non functional
25678,functional
34988,functional
29969,non functional
67906,functional
10919,non functional
11409,functional
73806,functional
68533,functional
52677,functional
65941,non functional
5534,non functional
44510,non functional
13067,non functional
20739,functional
62605,non functional
15029,functional needs repair
30487,functional
22338,functional
43594,non functional
49722,non functional
32183,functional
58761,non functional
35627,functional
12767,functional
452,functional
1453,functional needs repair
20502,functional
38426,functional
56355,functional
72682,functional
57472,functional
25824,functional
65027,non functional
16794,non functional
15569,functional
3532,functional
52887,functional needs repair
60982,non functional
67655,non functional
598,functional
50243,functional
66223,functional needs repair
10632,non functional
46245,functional
67970,non functional
16004,non functional
53842,functional
23211,non functional
56718,functional needs repair
28422,functional
70056,functional
38434,non functional
49247,functional
47369,non functional
36211,functional
47060,functional
305,functional
34993,functional
2738,functional
69844,non functional
30439,functional
1316,functional
23330,functional needs repair
54237,functional
7819,non functional
58075,non functional
74050,non functional
67478,functional
24122,functional
66639,non functional
16213,functional
1629,functional
47463,non functional
28369,functional needs repair
19778,non functional
39586,functional
12930,functional
61787,functional
9846,functional needs repair
46873,functional
10930,functional needs repair
20888,non functional
67354,functional
69058,functional
53616,non functional
59129,functional
45359,non functional
46818,functional
73202,non functional
53356,functional
64599,functional
66439,non functional
192,functional
69622,functional
22334,functional
40645,functional
46461,functional
30388,functional
73529,functional
54146,non functional
71287,functional needs repair
68925,non functional
14792,functional
39746,non functional
49310,non functional
8916,non functional
9729,functional needs repair
42173,functional
39413,non functional
21712,non functional
45687,non functional
67387,non functional
27900,functional
68526,non functional
34689,functional
72617,functional
17875,non functional
43197,functional
28341,functional
47441,functional
65948,non functional
6411,functional
61881,functional
41350,non functional
7867,functional
58639,functional
17287,functional
65464,functional
32237,non functional
61764,non functional
19868,functional
57006,non functional
12192,non functional
34622,functional
12943,functional
43183,functional
69698,functional needs repair
21707,functional needs repair
31252,functional
65975,non functional
64075,non functional
31959,non functional
12833,functional
3601,functional
67266,non functional
3143,non functional
58821,functional
4556,non functional
32696,non functional
40627,functional
30721,functional
3596,non functional
14859,functional
504,functional
36148,functional
6116,functional needs repair
72737,functional
39444,non functional
52588,functional
17477,non functional
16392,non functional
73215,functional
57926,functional
66576,functional
36646,non functional
14341,non functional
4324,functional needs repair
56433,non functional
3109,non functional
44279,functional
72332,functional
11132,functional
64110,functional
51333,functional
38320,functional
29781,functional needs repair
66242,functional needs repair
8429,non functional
63533,functional needs repair
32280,non functional
16498,non functional
2364,functional
71861,functional
15803,functional
42241,functional
22343,functional
52537,functional
40562,functional
29282,non functional
59750,functional
8404,functional needs repair
27955,functional
17579,functional
8034,functional
73105,functional
42351,functional
6072,functional
51035,non functional
29321,functional
42065,functional
72817,non functional
30478,non functional
7147,functional needs repair
20033,functional
10029,functional
9573,functional
66048,functional
1773,non functional
5201,functional
40218,non functional
27001,functional
63885,functional
21017,functional
22039,non functional
10023,functional
60314,functional
19408,functional
49069,non functional
21046,non functional
7686,non functional
40529,functional
43483,non functional
41907,functional needs repair
45089,non functional
26810,functional
68950,functional
26913,functional
43963,non functional
5057,functional
67187,functional
57595,functional needs repair
24513,non functional
57477,functional
70706,non functional
5266,non functional
29962,functional
3531,functional
17915,functional
28231,functional
42884,functional
10060,functional
8597,functional
69709,functional
30092,functional
4409,functional
63299,functional
43518,functional
51928,functional
24434,functional
9059,non functional
21299,non functional
27610,non functional
56499,functional
20529,non functional
66322,functional
20720,functional
61307,functional
3471,functional
67036,functional
32167,non functional
15763,functional needs repair
51804,functional needs repair
25745,functional
9965,functional
67503,non functional
60375,non functional
51989,functional
7405,functional
59755,functional
4997,functional
58777,non functional
20147,functional
34766,non functional
23680,non functional
31606,functional
53656,non functional
31538,non functional
10825,functional
23665,functional
10475,functional
29610,non functional
33127,non functional
9035,functional
22824,non functional
18688,functional
65012,non functional
14919,functional
66836,functional
4429,functional
66864,functional
29470,functional
60579,functional
44433,non functional
50704,functional needs repair
15562,non functional
51453,non functional
62309,functional
64399,non functional
47675,functional
16207,functional
44525,functional
27456,non functional
63726,non functional
73781,functional
59281,non functional
1706,non functional
33629,non functional
51821,functional
70284,functional
33539,non functional
24969,non functional
40537,non functional
46914,non functional
28535,functional
64706,functional
70131,non functional
67587,functional
29272,functional
19702,non functional
67516,non functional
20260,functional
16671,functional
46670,functional
48601,functional
68020,functional
66978,functional
55288,non functional
40978,non functional
20743,non functional
54333,functional
55169,functional
48048,non functional
37320,functional
27401,functional needs repair
38148,non functional
1708,functional
72912,non functional
72982,non functional
55044,functional
60816,functional
72851,functional
2924,functional
61996,non functional
34877,functional
63230,non functional
13729,non functional
21810,non functional
10139,functional
40753,non functional
33572,non functional
53144,non functional
52327,functional needs repair
69187,non functional
72462,non functional
31378,non functional
6628,functional
60933,functional needs repair
28177,functional
56717,functional
24576,non functional
18137,non functional
57852,non functional
15837,functional needs repair
58704,functional
53105,functional
54043,non functional
13489,functional
9123,functional
62617,non functional
50060,non functional
13227,non functional
34163,non functional
22550,functional needs repair
37205,non functional
42068,functional
18266,functional
11379,non functional
7321,functional
65259,functional
27617,non functional
45196,functional
53972,functional needs repair
57790,non functional
73168,functional
45495,functional
74017,functional
23701,non functional
51341,non functional
63177,non functional
28867,functional
39261,non functional
73767,non functional
38306,functional
182,functional
54927,functional
39449,non functional
38581,functional
50546,functional
40631,functional
36558,non functional
6156,non functional
27543,functional
69299,functional
40199,functional
45173,functional
70308,functional needs repair
16594,non functional
71749,functional
25849,non functional
63187,functional
16600,functional
52535,functional needs repair
44586,non functional
39685,functional
55199,non functional
41252,non functional
72441,functional
45565,functional
53204,functional needs repair
13026,functional
21952,non functional
63052,functional
35682,functional
22043,functional
50919,functional
70785,non functional
35796,functional
45093,non functional
18407,functional
73603,functional
22510,non functional
5344,functional
31838,functional needs repair
52696,non functional
2165,functional
50366,functional
51863,non functional
36562,non functional
29384,non functional
24404,non functional
59009,non functional
71612,functional
280,non functional
69518,non functional
70382,non functional
2439,non functional
7207,functional
20503,functional
71099,non functional
22085,functional
28165,functional
23594,non functional
44828,functional
41996,functional
827,non functional
34669,functional
8179,functional
63851,functional
24235,functional
55980,functional
67054,non functional
295,functional
35975,non functional
44313,functional
45177,functional
13114,functional
63669,functional
56032,non functional
68552,functional
4732,non functional
71927,non functional
68830,functional
49463,non functional
65170,functional
30557,functional
33934,non functional
36528,non functional
11917,functional
49145,functional
73162,non functional
65955,non functional
4315,functional
70416,non functional
60132,functional
46126,non functional
14591,non functional
64447,functional
6839,non functional
48158,functional
30957,functional
58097,functional
55526,non functional
10423,functional
7117,functional
36370,functional needs repair
3290,non functional
12538,functional
39129,non functional
59592,functional
67833,non functional
22445,functional
39378,non functional
45520,non functional
38537,functional
17112,functional
14069,non functional
13335,non functional
24441,functional
34914,functional
68508,non functional
39665,functional
9419,non functional
70487,functional
59025,non functional
31276,functional
46891,non functional
24239,non functional
36373,non functional
33835,non functional
28310,functional needs repair
44441,non functional
46973,non functional
67101,functional needs repair
4161,non functional
6085,non functional
74019,non functional
34196,functional
24249,non functional
41425,non functional
44096,functional
56402,functional needs repair
71820,functional
71854,functional needs repair
63582,non functional
20854,functional
53178,non functional
36910,functional
30215,functional
24837,functional
37488,functional
49423,functional
69821,functional
13934,non functional
55010,functional needs repair
55859,functional
70937,functional
69890,functional
67528,non functional
30394,non functional
58080,non functional
54780,functional
51392,functional
20137,non functional
29440,functional
72669,non functional
11639,functional
56184,functional
25586,non functional
72075,non functional
45818,non functional
53800,functional
51406,non functional
30952,functional
42379,functional
42482,functional
45400,non functional
37880,functional
62157,non functional
41229,functional
62161,non functional
49997,non functional
57588,functional needs repair
39812,functional needs repair
13811,functional
60564,non functional
37875,functional
71634,functional
62420,functional needs repair
47404,functional
14729,non functional
3277,non functional
54071,functional
68750,non functional
61835,functional
30132,functional needs repair
22004,non functional
14538,functional
2215,non functional
41649,non functional
53000,functional
36031,functional
40969,functional
23699,non functional
63663,functional
47608,functional
41290,functional
58136,non functional
40705,non functional
68958,non functional
40502,non functional
17044,functional
18456,functional
23046,functional
44609,functional
15422,non functional
8836,functional
52790,non functional
48382,functional
34703,functional
11285,functional
48262,functional needs repair
15521,functional
5110,functional
11795,non functional
71350,non functional
60922,non functional
73684,non functional
65266,functional
49420,non functional
12275,non functional
103,functional
50740,functional
5462,functional
37316,functional needs repair
1841,functional
61656,functional
66280,functional
71600,non functional
33650,functional
7649,functional
63,non functional
59218,functional
19221,non functional
69306,non functional
55265,functional
26343,functional
72729,functional
1101,non functional
37112,non functional
28346,non functional
72078,functional needs repair
52564,functional
44227,functional
10222,non functional
11611,non functional
21799,functional
64646,non functional
38673,non functional
8082,functional
77,functional
45493,functional
43968,functional
7213,non functional
24995,non functional
23283,functional needs repair
16744,non functional
40873,non functional
32838,functional
29789,functional
56513,functional needs repair
18653,functional
68462,functional
64532,functional
7801,non functional
23346,non functional
71864,functional
15431,functional
24779,non functional
49576,functional
60633,functional
41737,non functional
31974,non functional
55891,non functional
1946,non functional
8767,non functional
49015,functional
36533,non functional
11144,non functional
13803,functional
37179,functional
6077,functional
24840,functional
12835,non functional
59801,functional
31125,non functional
14504,functional
27833,non functional
33061,non functional
52261,functional
4738,non functional
58969,non functional
46823,non functional
5743,functional
14500,functional
54386,functional
523,functional
15212,functional
48115,functional
48958,non functional
68217,functional
13325,functional
15682,functional
54152,non functional
68117,non functional
8203,functional
3176,functional
37581,functional
60809,non functional
34338,functional
36021,functional
29484,functional
23195,non functional
21070,non functional
10243,non functional
39710,functional
31747,functional
39267,functional
274,non functional
33541,non functional
37527,functional
25958,non functional
53548,functional
50188,functional
34662,functional needs repair
8184,functional
68548,functional
2054,functional
66916,functional
13207,functional
4186,functional
15914,non functional
48445,non functional
8271,functional
63811,functional needs repair
47410,non functional
22149,functional
30621,functional needs repair
49471,functional needs repair
3203,non functional
39553,functional
68391,functional
68355,functional
12953,functional
42183,functional
64169,functional
785,non functional
22207,functional
52956,functional
70932,functional
59154,functional
26093,functional
66264,functional
60776,non functional
50331,functional
63969,functional
71657,functional
3187,functional
11199,functional
15483,non functional
36145,functional
52101,functional
11149,functional
48686,functional
59848,functional
5826,non functional
63021,non functional
1511,functional
1513,non functional
7590,non functional
55165,functional
4265,non functional
42533,non functional
16376,functional needs repair
44109,functional
62893,functional
11117,functional
21407,non functional
2378,non functional
41697,functional
46481,functional needs repair
65081,functional
6711,functional
14043,non functional
16357,functional
29022,non functional
57117,functional
42993,functional
30657,non functional
16058,functional
2041,functional
53834,functional
39374,non functional
18391,non functional
59173,non functional
63057,non functional
46043,functional
21767,functional
14083,functional
72026,functional
41622,functional
46116,functional
47535,functional
22999,non functional
23189,functional
24792,non functional
2055,functional
55667,functional
15418,functional
65072,non functional
72275,functional needs repair
57229,non functional
28064,functional
21751,non functional
26083,functional
6041,non functional
13770,functional
71092,functional
34322,non functional
73191,non functional
27095,non functional
67496,functional
60640,functional
33287,functional
8043,functional
40373,functional needs repair
52067,non functional
19446,functional
66456,functional
65070,functional
54787,non functional
3118,non functional
58926,functional
28856,functional
64946,functional
42587,functional
50462,non functional
37611,functional
62490,functional
19201,functional needs repair
63527,functional
67998,functional
64428,non functional
61328,functional
36020,functional
9935,non functional
4889,non functional
10179,functional
31301,functional
58487,functional needs repair
23893,functional
64007,non functional
58201,non functional
52134,non functional
55030,non functional
24194,non functional
17152,functional
5983,non functional
70240,non functional
43603,functional needs repair
74048,functional
73417,functional
9817,functional
27035,functional
33776,functional
3006,functional needs repair
55248,functional
62673,non functional
17567,non functional
51513,functional
37254,non functional
6661,non functional
35583,non functional
72225,non functional
61494,non functional
6990,non functional
67734,functional
40921,functional
52063,non functional
43843,non functional
1877,non functional
50388,non functional
26849,functional
27393,non functional
49071,functional needs repair
10974,non functional
40491,non functional
49013,non functional
12476,functional
62650,non functional
38954,non functional
39879,functional
10709,non functional
17063,functional
34875,non functional
34156,functional
64623,functional
69943,non functional
33119,non functional
42409,non functional
8697,non functional
1979,functional
48195,functional
66779,non functional
63654,functional needs repair
13731,functional
8606,functional
16581,non functional
64816,functional
16510,non functional
71185,functional
34942,functional
38135,non functional
21485,functional
11261,functional
16697,non functional
38092,functional
3684,non functional
70887,functional
28480,non functional
29276,functional
40149,non functional
44412,non functional
63795,functional needs repair
65528,non functional
29169,non functional
58404,functional
70032,non functional
12615,non functional
54456,non functional
28718,non functional
57909,non functional
41276,functional
6088,non functional
27853,functional
35862,non functional
41301,functional
45357,non functional
47474,non functional
70856,functional
22044,functional
65681,non functional
40811,functional
22971,non functional
69008,functional
67548,functional
19017,functional
22756,functional
12419,non functional
50130,functional
25013,functional
68983,non functional
73546,non functional
43838,non functional
60466,non functional
4663,functional
10609,non functional
58665,functional
72431,functional
20790,functional
51379,non functional
56672,functional
7785,functional
55874,non functional
26385,non functional
17842,functional
39399,functional
18276,functional
12061,non functional
61265,functional
38280,functional
40348,functional
2977,functional needs repair
23239,functional
2872,functional
34211,functional
67204,non functional
18738,functional needs repair
65017,functional
47372,non functional
32201,functional needs repair
30280,functional
8205,non functional
5778,non functional
47761,functional
14289,functional
40231,functional
55549,non functional
14814,functional
31225,functional
29001,functional
69489,functional needs repair
9885,functional
59016,functional
9302,non functional
14629,non functional
19205,non functional
27285,functional
63160,functional
72890,functional
24280,non functional
51083,functional
72482,functional
56248,functional
64605,non functional
23389,functional
39322,functional
20970,functional
13563,functional
67992,functional
65653,non functional
58280,non functional
59348,functional
71930,non functional
11038,functional needs repair
9184,non functional
72451,non functional
60681,functional
72454,functional
39936,functional
45121,functional
41005,functional
28797,functional
12732,functional
64909,functional needs repair
46338,non functional
42862,non functional
62737,functional
30634,functional
37062,functional
67090,functional
71285,functional
72122,non functional
19044,functional
59724,non functional
58099,non functional
2864,non functional
34282,non functional
61672,non functional
16887,functional
24787,non functional
65788,functional
12365,functional
72828,functional
51243,non functional
49702,functional
60388,functional needs repair
70906,functional
46897,functional
57019,functional needs repair
73485,functional needs repair
59308,non functional
52444,functional
37841,non functional
53221,non functional
64171,functional
53112,functional
57389,non functional
34503,non functional
44299,non functional
2506,non functional
35723,non functional
22155,functional needs repair
23697,non functional
4395,functional needs repair
2793,non functional
65114,non functional
60685,non functional
11197,non functional
25199,functional
71049,non functional
5906,functional
65230,functional
2518,non functional
45349,non functional
61077,functional
13812,functional
61276,functional
50665,functional
30172,functional
55346,functional
988,non functional
69631,non functional
39219,functional
5790,functional
52105,functional
34050,non functional
253,non functional
58293,functional
16526,functional
31740,non functional
495,functional
40782,functional
7366,functional
50288,functional
39823,functional
4595,functional
66857,non functional
43891,functional
62903,functional
41096,non functional
21006,functional
71728,functional
42448,functional
38596,functional
16723,functional
35283,non functional
43296,non functional
69775,functional
12958,non functional
17682,non functional
28553,functional
57509,functional
44345,non functional
10569,functional
38510,non functional
72207,functional
60450,functional
23478,functional
70999,non functional
67639,functional needs repair
48421,functional
68302,non functional
4829,non functional
50317,functional
41973,non functional
33860,functional
31729,functional
19053,non functional
60167,functional
70692,non functional
66119,functional
22674,functional
58291,non functional
35169,non functional
21974,functional
31953,functional
30754,non functional
8295,non functional
9248,non functional
9919,non functional
6084,functional
31852,functional
38984,non functional
59200,functional
64457,functional
73726,non functional
34612,functional
72638,functional
56260,functional
31892,functional
31273,non functional
36818,non functional
28548,non functional
23428,non functional
13599,non functional
9949,functional
3245,functional
25477,functional
44756,functional
28503,functional
49298,functional
1260,functional
22274,functional
66423,non functional
7952,functional
45781,functional
1690,functional
15750,functional
69088,functional
27392,non functional
15324,non functional
7550,functional
61027,functional
70907,functional
50505,non functional
63219,functional
26698,non functional
22034,functional needs repair
20546,functional
34036,non functional
66407,non functional
33923,functional
69546,functional
8134,non functional
63864,functional
65215,functional
32644,non functional
14694,functional
15010,functional
57884,non functional
43886,non functional
6705,non functional
52120,non functional
13554,functional
39720,non functional
63110,non functional
31471,functional
18231,non functional
52885,non functional
11152,non functional
29560,functional
28069,functional
66603,functional
37925,non functional
66396,non functional
12651,functional
26887,non functional
20011,functional
34200,non functional
58159,non functional
829,non functional
34545,non functional
46583,functional
52823,functional
62348,functional needs repair
60599,non functional
35247,functional
29994,non functional
62406,functional
34119,functional
34249,functional needs repair
50352,functional
10183,non functional
40227,functional
12093,non functional
74031,functional needs repair
41314,functional
64805,non functional
29038,functional
57358,functional
46467,functional
24734,non functional
38949,non functional
30922,functional
52284,functional
69503,functional
30812,non functional
41146,functional needs repair
53407,non functional
45084,non functional
2937,functional
1170,non functional
36762,functional
59765,functional
37246,non functional
26762,non functional
43142,functional
36071,functional needs repair
64232,non functional
62932,functional
27262,functional
2668,functional
46123,non functional
65659,non functional
65586,non functional
6241,non functional
14182,non functional
52086,non functional
32319,non functional
53234,non functional
7700,non functional
10391,non functional
16711,non functional
31749,functional
34069,functional
53012,functional
4483,non functional
74105,non functional
67394,non functional
61847,functional
30687,non functional
64569,functional
34195,non functional
68105,functional
46923,non functional
33876,functional
3896,non functional
45476,functional
70583,functional
58559,functional needs repair
40780,functional
46238,functional
59498,functional needs repair
6566,functional needs repair
25144,non functional
62554,non functional
4623,non functional
19124,functional
22117,functional
41007,functional
65145,functional
3094,functional
14706,non functional
40934,functional
7009,functional
40489,functional
7813,non functional
43707,non functional
14164,non functional
19912,functional
27781,non functional
73747,non functional
48016,non functional
28241,non functional
29816,non functional
39668,functional needs repair
43655,non functional
36024,functional
55311,functional
49492,functional
30618,non functional
19289,non functional
5251,functional
16811,functional needs repair
20486,functional
836,functional
38471,non functional
2101,functional
24723,non functional
43656,non functional
10935,non functional
5374,functional
72746,non functional
12911,non functional
30208,functional
52953,functional
46445,functional
46613,functional
42507,functional
29009,functional
70248,non functional
66285,functional
56995,functional
44657,functional
74051,non functional
8454,functional
45948,functional
70309,non functional
38618,non functional
16264,functional
23159,functional
55050,non functional
72444,functional
5734,functional
64972,functional
49690,non functional
6827,non functional
68145,functional
26977,functional
61574,functional
56873,functional
53511,non functional
8253,functional
5822,functional
52203,non functional
41221,functional
21893,functional
47157,functional
29004,non functional
18634,non functional
62845,functional
36946,non functional
1990,non functional
61271,functional
24429,non functional
36129,functional
37513,functional
27954,functional
6230,functional
397,functional
35544,functional
33363,non functional
61149,non functional
29625,functional
8734,functional
68535,non functional
32874,non functional
62319,functional
7509,functional
62983,non functional
27158,non functional
66996,functional
35917,functional
15500,functional
10947,functional
52155,non functional
57166,functional
213,functional
48655,non functional
49807,functional needs repair
61961,non functional
10648,functional
40366,non functional
36784,functional
16866,non functional
50056,non functional
42056,functional
34017,non functional
65902,functional
66373,functional
69330,functional
26853,non functional
36877,functional
2372,functional
11672,functional
41886,non functional
8954,non functional
48791,functional
63867,functional
10782,non functional
1371,non functional
4555,functional
19595,functional
25861,non functional
71506,non functional
70673,non functional
28972,non functional
35409,functional
48704,functional
43060,functional
4269,non functional
46664,non functional
1438,non functional
63737,functional
41966,functional
39031,non functional
5869,functional
55125,functional
19541,functional
5931,non functional
2354,functional
50959,non functional
70824,non functional
3468,non functional
63696,functional
32087,functional
16788,non functional
60146,functional
21551,non functional
54697,functional
53943,non functional
45130,functional needs repair
71423,functional
22017,functional
39465,non functional
11998,non functional
8122,non functional
37101,functional
12814,functional
40401,functional
50361,functional
2680,functional
64046,functional needs repair
21435,functional
63197,non functional
17557,functional
6657,non functional
30007,functional
68466,functional needs repair
5809,non functional
10463,functional needs repair
64388,functional
29059,functional
36416,functional
53504,non functional
67278,non functional
66560,functional
48218,non functional
28391,non functional
38491,non functional
54455,non functional
48455,functional needs repair
57788,functional
54486,functional
17392,non functional
47801,functional
39924,functional
68085,functional
27547,non functional
26562,non functional
40553,functional
4112,functional
8370,functional
9244,non functional
16074,non functional
17315,functional
63994,functional
22332,non functional
32370,functional
73995,non functional
34033,non functional
52342,non functional
7740,functional
18131,functional
38899,functional
66051,functional
7367,functional
45530,functional
52863,functional
29906,functional
19262,non functional
37297,non functional
16049,functional
40990,functional
60602,non functional
1405,functional
37560,functional
25683,non functional
14291,functional
62329,functional
34828,non functional
56093,functional
13793,functional
24240,functional
11552,non functional
60674,non functional
61340,non functional
25067,functional
46424,functional
60938,non functional
8699,functional
65550,functional
63768,functional
63204,functional needs repair
45241,non functional
68443,functional
26877,functional
21879,non functional
33251,non functional
54149,non functional
39353,functional
58493,functional
31171,non functional
16673,non functional
29543,functional
71783,non functional
61200,functional
33462,non functional
55144,functional
50989,non functional
13900,functional
5555,non functional
37766,non functional
9560,functional
67823,functional
45078,functional
46335,functional
46246,functional
40757,non functional
8799,non functional
6009,functional
68873,functional
16646,non functional
36964,functional
42598,functional
44081,non functional
28441,functional
60823,non functional
58697,non functional
12695,functional
4710,functional
56697,functional
55816,functional
73878,functional
29251,functional
59018,functional
38754,non functional
2435,functional
2171,functional
32253,functional
30468,functional
67171,functional needs repair
1915,functional
23054,functional
49841,non functional
55183,functional
45568,non functional
32923,non functional
5414,functional
12386,non functional
36299,functional
59031,non functional
68770,functional
51312,functional
71990,functional
60937,functional
3806,non functional
39371,functional
27997,non functional
43275,functional
60769,non functional
7828,functional
41784,non functional
31913,functional
29338,functional
66017,non functional
24785,functional
53043,functional
58182,functional
31197,functional
39222,non functional
4751,non functional
29087,functional needs repair
1550,non functional
12634,functional needs repair
4233,non functional
67026,functional needs repair
4069,functional
52563,non functional
19799,non functional
2084,functional
68132,functional
73149,non functional
65742,non functional
4704,functional
21454,non functional
31,non functional
40457,non functional
17671,functional
15267,functional
37404,non functional
49775,functional
66973,non functional
60946,functional
51777,functional
44054,functional
2357,functional
20104,non functional
64745,functional needs repair
37955,functional
15207,functional
46419,functional
74183,functional needs repair
9700,functional needs repair
63017,functional
48593,non functional
13674,functional needs repair
61081,functional
33936,functional
57263,functional
33177,non functional
21823,functional
26373,functional
58870,functional
66691,non functional
53951,non functional
23198,functional
68157,non functional
49446,non functional
9200,functional
65011,non functional
20692,functional
53227,non functional
26387,functional
13302,functional
39366,non functional
27337,functional
10499,non functional
40697,functional
72900,functional
6513,functional
38027,functional
33587,functional
49984,functional
26624,non functional
30287,functional
7600,functional
44144,functional
49590,functional
52562,non functional
31419,functional
62778,non functional
37137,non functional
40872,non functional
59305,non functional
4432,functional needs repair
35819,non functional
13685,functional
54625,functional
63810,functional
21101,functional needs repair
20212,functional
35747,non functional
5193,non functional
11249,functional
33722,functional
42743,functional
53641,functional
19471,non functional
8619,non functional
55910,non functional
42383,functional
56874,non functional
48113,functional
5205,functional needs repair
15611,functional
61291,non functional
56877,functional
43569,functional needs repair
19020,functional needs repair
394,functional
64129,functional
65575,non functional
12635,functional needs repair
14356,functional
54141,functional
36952,functional
2659,non functional
12402,functional
67781,functional
16930,functional needs repair
50054,non functional
65125,functional
12231,functional
72965,functional
11267,functional
37468,functional
14717,functional
41157,functional
13927,non functional
42496,functional
44443,functional
10910,non functional
13092,functional
9697,functional
47202,functional
47052,functional
57866,functional
44342,functional
8190,functional
32265,non functional
36893,functional
36184,non functional
67681,functional
32014,non functional
36806,functional
13522,non functional
50204,functional
7722,non functional
64868,non functional
14934,functional
67134,functional
9007,functional needs repair
67893,non functional
55401,functional
71071,functional
5654,functional
39650,non functional
66181,functional
54020,functional
49950,non functional
15312,functional
49842,functional needs repair
9459,functional
72237,functional
44755,functional
68291,functional
25416,functional
35630,non functional
43345,functional
19619,functional needs repair
66354,non functional
25379,functional
51788,non functional
12249,non functional
25217,functional
42218,non functional
6303,non functional
4474,non functional
43095,functional
41034,functional
13867,functional
22387,non functional
39708,functional needs repair
9750,functional
43913,functional
27048,functional
58204,non functional
53300,non functional
48660,functional
46324,functional
57216,non functional
776,non functional
33170,functional
45527,functional
15727,non functional
16098,functional
9581,functional
17180,non functional
51999,functional
59828,non functional
4934,functional
24151,functional
40282,functional
50031,non functional
24022,functional
73525,functional
3528,functional
45782,non functional
23783,non functional
30148,non functional
21228,non functional
56117,functional needs repair
51459,non functional
61003,functional
5927,non functional
52294,functional
6786,non functional
15968,non functional
66451,functional needs repair
62777,non functional
33138,functional
45599,non functional
7635,non functional
63365,functional
47589,non functional
14108,non functional
67820,functional
65916,functional
21671,functional
36734,non functional
68976,non functional
23307,non functional
27988,functional
16891,non functional
68461,functional
10917,functional
23999,functional
12855,functional
53332,functional
22105,functional
46333,non functional
64875,functional
48050,functional
1155,functional
3551,functional needs repair
51311,non functional
29714,functional
37022,non functional
6735,functional
73778,non functional
59524,functional
37774,functional
16937,functional
46972,non functional
47829,functional
47631,functional
17654,functional
19933,functional
9606,non functional
12807,functional
13949,functional
29011,non functional
70117,non functional
42174,functional
3482,functional
4168,functional
54902,functional
52914,functional
43662,non functional
8262,functional
16570,non functional
5974,functional needs repair
74211,functional
64764,functional
60207,functional
48456,non functional
57527,functional
58219,functional
18423,non functional
7473,functional
800,non functional
870,non functional
66467,functional
50059,functional needs repair
34618,functional
51056,functional
3956,functional
72063,non functional
72745,functional
23625,non functional
44145,functional
18595,non functional
72971,non functional
68221,functional
69636,functional
42180,functional
11410,functional
65244,functional
16915,non functional
32643,functional
18426,non functional
52624,non functional
45182,non functional
25334,functional needs repair
36732,functional
46247,functional
17245,non functional
46863,non functional
33065,non functional
73715,functional
4591,non functional
7655,functional needs repair
39156,functional
52156,functional
43918,functional
54453,non functional
32062,non functional
43450,non functional
70684,functional needs repair
65055,non functional
17317,non functional
31912,non functional
1967,functional
60537,non functional
39012,non functional
23072,functional
52387,functional
26591,functional
23412,functional
24205,non functional
15635,non functional
65252,non functional
64680,functional
750,non functional
23702,functional
26721,non functional
62991,non functional
26655,non functional
42092,functional
32673,functional needs repair
64468,non functional
40919,non functional
57708,non functional
21701,functional
26039,non functional
60738,functional
31472,non functional
1353,functional
62046,non functional
20616,functional
67461,functional
16871,functional
34899,functional
17415,functional
40716,functional
55231,functional
71440,non functional
52493,functional
13328,non functional
35635,functional
61669,functional
991,functional
3394,functional
25317,functional
64702,functional
10482,functional
35714,functional
40514,functional needs repair
42311,functional needs repair
61562,functional needs repair
72904,non functional
8910,non functional
10271,non functional
70330,non functional
7458,functional
42152,non functional
8594,functional
44794,functional
26517,non functional
22854,functional
33990,functional
33965,non functional
33279,functional
386,functional
38009,functional
58834,non functional
13174,functional
50880,functional
46531,non functional
62559,functional needs repair
58705,non functional
44578,non functional
31405,functional
73507,functional
38720,functional
57449,functional needs repair
72841,functional
50569,functional needs repair
42915,functional
68815,functional
67542,functional
30560,non functional
29324,functional
72475,non functional
18467,non functional
27835,functional
3586,functional
55465,functional
7297,non functional
48868,non functional
63229,functional
58684,functional
14296,non functional
19301,non functional
1864,functional
9170,non functional
45587,functional
61023,functional
24313,functional
11993,non functional
37272,functional needs repair
4816,functional
58207,functional
65484,functional
11604,non functional
29294,non functional
44361,functional
61067,functional
56065,functional
52987,functional
42985,non functional
34976,non functional
54262,non functional
37224,functional
2914,functional
4139,non functional
36629,non functional
17104,non functional
64271,functional
25189,functional
10432,functional
1455,functional
10895,functional
11763,non functional
14905,non functional
49995,functional
57658,functional needs repair
3722,functional
18552,functional
61862,functional
14145,functional
69551,functional needs repair
69502,non functional
34059,functional
32604,non functional
17623,functional
19139,functional
48913,functional
30039,non functional
20117,functional
57168,non functional
53121,functional
51378,functional
39466,non functional
19949,non functional
16978,functional
67413,non functional
52200,functional
33551,functional
65150,non functional
9434,functional
15789,non functional
6259,non functional
48559,functional needs repair
69845,non functional
49137,functional
41822,non functional
32099,non functional
45578,non functional
42523,functional
70300,functional
26548,functional
32685,non functional
17143,functional needs repair
71469,functional
10256,functional
25040,non functional
3126,functional
22549,functional
20973,non functional
15605,functional
32779,non functional
18038,functional
35722,non functional
40604,functional
1093,non functional
66660,non functional
70125,functional
71561,functional
52013,functional
30374,functional
63491,functional
31679,functional
49256,functional
27823,non functional
51323,non functional
35731,non functional
36687,functional
18545,functional
9039,functional
57369,non functional
28506,non functional
67583,non functional
70780,functional
7928,non functional
48844,non functional
32517,functional
24983,non functional
17924,functional
38704,non functional
27702,functional
35240,non functional
13027,non functional
3103,functional
16776,non functional
72660,non functional
46538,non functional
68810,functional
57516,non functional
58282,functional
48849,non functional
57162,non functional
71819,functional
14141,non functional
64874,non functional
58155,non functional
52713,non functional
171,functional
20170,functional needs repair
50524,functional
36563,non functional
53963,functional
37917,non functional
12517,non functional
46494,functional
13412,non functional
63377,functional
38619,functional
41137,non functional
2788,non functional
13976,non functional
40947,non functional
31970,non functional
28993,functional
4533,functional
59044,non functional
5437,functional
24663,functional
10032,functional
34852,non functional
50197,functional
52061,functional
49356,functional
67246,functional
45485,functional
33355,functional
19765,functional
3306,functional needs repair
30829,functional
2406,functional
37011,non functional
50921,functional
38746,non functional
48197,non functional
18420,functional
19628,functional
45558,functional
6888,non functional
58515,functional
5619,non functional
60192,non functional
29499,functional
7926,functional
15685,non functional
42454,non functional
50854,non functional
39085,non functional
70550,non functional
48267,functional
15583,functional
63363,functional
40359,non functional
34450,functional
23106,functional needs repair
61851,non functional
43199,non functional
37643,non functional
40536,functional
37597,functional
25923,functional needs repair
50408,non functional
45752,functional needs repair
38693,functional
39360,functional
30459,functional
61338,non functional
4809,functional
520,non functional
30916,functional needs repair
44624,functional
32518,non functional
22996,functional
30819,non functional
24700,non functional
41346,functional
69397,functional
34434,non functional
21204,non functional
70625,non functional
51036,non functional
71687,non functional
15742,functional
15878,functional
47209,functional
18205,non functional
63007,non functional
43660,non functional
32447,functional
61435,non functional
66696,functional needs repair
39609,non functional
52663,functional needs repair
50438,functional
63096,functional needs repair
19400,non functional
68601,non functional
7879,functional
55237,non functional
26568,functional
50527,non functional
74224,functional
41612,functional
36841,functional
24760,functional
10055,functional
2624,non functional
46170,non functional
16784,non functional
22855,functional
47237,functional
20751,functional
43439,non functional
35155,functional
60706,non functional
55694,functional
12298,non functional
54637,non functional
3045,functional
28590,functional
34786,functional
36637,non functional
30866,functional
52621,functional
31154,non functional
27846,functional
20107,non functional
28272,functional needs repair
53831,non functional
8278,functional
72778,functional
44763,functional
10610,non functional
50791,functional
23497,functional
12665,functional
801,non functional
25415,functional
68947,non functional
44922,functional
58422,functional
4358,functional
37072,functional
32872,functional
59100,functional
54240,functional
57161,non functional
56259,non functional
27290,non functional
69953,functional
31918,functional
18829,non functional
46401,functional
43245,functional
30272,functional
62217,functional
8764,non functional
28741,functional
15556,functional
73399,functional needs repair
31581,functional
21556,functional
72466,non functional
19979,non functional
32541,non functional
74229,functional
45376,functional
10148,functional
60196,functional
69474,functional
54425,functional
33751,non functional
73896,functional
2726,functional
5524,functional
42459,functional needs repair
46952,non functional
39550,non functional
37368,functional
42438,functional
19676,non functional
61804,functional
34700,functional
7107,non functional
27165,non functional
28450,functional
14101,non functional
11016,functional
49336,functional
10563,non functional
21625,non functional
11837,functional
39528,functional
61218,functional
66969,functional needs repair
24326,non functional
64018,non functional
49321,non functional
62841,functional
57325,functional
26942,non functional
50934,functional
11397,functional
47380,non functional
44041,functional
5624,non functional
2421,non functional
985,functional
54341,functional needs repair
38554,functional
36446,non functional
32327,functional
65686,non functional
62084,non functional
42978,functional
66546,non functional
50808,non functional
46655,functional
24585,non functional
43280,non functional
46759,functional
47351,functional
57940,functional
7485,functional
42795,functional
22441,functional
39543,functional
70422,functional needs repair
67585,functional
72060,functional
64718,functional
44162,functional
46189,functional needs repair
54290,non functional
50161,functional
67754,functional
9151,functional
65419,functional
44146,functional
29646,functional
48057,functional
35268,functional needs repair
157,non functional
64664,functional
27583,functional needs repair
58907,functional
68371,functional
59391,functional
61941,functional
12510,functional needs repair
54185,functional
23011,non functional
34983,functional
46263,non functional
6445,functional
53370,non functional
50048,functional needs repair
45391,non functional
63192,non functional
22227,functional
51208,non functional
66608,functional
10893,functional
7397,non functional
70193,functional
39137,non functional
53403,non functional
70013,functional
57002,functional
61354,functional
34620,non functional
4883,non functional
3801,functional needs repair
10287,functional
31980,functional
48036,functional
24957,functional
4457,non functional
18114,non functional
41578,functional
26415,functional
27223,functional
67367,functional
29930,functional
65500,functional
63980,non functional
59175,functional
67989,functional
33312,non functional
41411,functional needs repair
23509,non functional
3833,functional
12244,non functional
62607,functional
40440,functional
72151,functional
38058,non functional
19129,non functional
40507,functional needs repair
12499,functional needs repair
15413,functional
33269,functional
36621,non functional
48956,non functional
70884,functional needs repair
64759,non functional
49568,functional needs repair
24501,functional
68811,functional
33535,non functional
56197,functional
44771,non functional
63274,functional
66275,non functional
1158,functional
26821,non functional
3780,functional
65495,functional
31397,functional
50508,non functional
27390,functional
13090,non functional
14516,functional
65833,non functional
4687,functional
4437,functional
54033,non functional
16530,functional
54988,non functional
37061,functional
73597,non functional
38008,functional
74240,functional
962,functional
31888,non functional
46984,functional
20796,functional
53250,non functional
2476,functional needs repair
35779,functional
36019,non functional
15102,functional
22109,functional
11537,functional
58424,non functional
23686,non functional
6514,functional
6301,non functional
50348,non functional
10037,functional
54917,functional
66246,non functional
20589,non functional
5282,functional
52683,non functional
6330,non functional
4178,non functional
16350,functional
7816,non functional
33175,functional
40186,non functional
3957,non functional
69691,non functional
27429,functional
33311,non functional
60862,non functional
49800,functional
21603,functional
44992,functional
8585,functional needs repair
28649,functional
22834,functional
1886,functional
53746,functional
33524,functional
14914,functional needs repair
4848,functional
66431,functional
15127,non functional
787,functional
37263,functional
53799,functional
37207,functional
25566,functional
74011,functional
61349,non functional
56969,functional
59137,non functional
22258,functional
28617,non functional
11350,functional
72504,non functional
61908,functional
4582,functional
19931,functional
49467,functional
12601,functional
12489,functional
44014,non functional
27961,functional
20604,non functional
29725,functional
7512,functional
25716,functional
25445,functional needs repair
37370,functional
63446,functional needs repair
32624,non functional
36306,functional
29398,functional
1678,functional
52976,functional
10394,functional
71081,non functional
44954,functional needs repair
64515,non functional
30185,non functional
15920,non functional
27908,non functional
73163,non functional
68724,non functional
57928,functional
48155,non functional
55509,non functional
14690,non functional
8654,non functional
18849,non functional
34741,functional
7058,functional
18337,functional
54578,functional needs repair
67590,functional
64581,functional
72292,non functional
14583,non functional
58772,functional
35772,functional
53796,non functional
48033,functional needs repair
16151,non functional
40923,functional
73077,functional
24161,functional
48249,non functional
26257,non functional
16787,non functional
64274,functional
8364,functional needs repair
64841,functional
16601,functional
40409,non functional
40746,functional
17239,functional
39622,non functional
44382,functional
37516,functional
7691,functional
35295,non functional
26056,non functional
28614,functional
39150,functional
23356,functional needs repair
57461,functional
55373,functional
31027,functional needs repair
52961,functional
14779,functional
13466,non functional
65898,functional
43858,non functional
64525,non functional
55907,non functional
15855,non functional
26202,functional
7605,functional
22403,functional
6970,functional
44523,non functional
55067,functional
47718,non functional
35157,non functional
27177,non functional
56152,non functional
45555,non functional
45668,functional
30024,functional
44501,functional
32943,functional
29316,non functional
72455,functional
22116,non functional
23778,functional
46515,non functional
29501,functional
3598,functional
65701,functional
35580,functional
17406,functional
8245,non functional
3061,functional
18238,functional
4338,functional
45934,non functional
12840,functional
19367,functional
56968,functional
27213,functional
1392,non functional
31871,non functional
71716,functional needs repair
57620,functional
17124,non functional
47982,non functional
21761,functional
32331,functional
45739,functional
63687,non functional
27966,non functional
38778,functional needs repair
65449,non functional
71877,functional
36303,non functional
54704,non functional
28418,non functional
8708,functional
46676,functional
56339,functional needs repair
56846,non functional
17121,functional
41360,functional
21560,functional
17281,non functional
15307,functional
70326,non functional
4531,non functional
30602,non functional
36296,non functional
56652,functional needs repair
70517,non functional
15600,functional
13548,non functional
3334,non functional
69236,functional
53399,non functional
60618,non functional
51504,non functional
41454,functional
10092,functional
48940,non functional
62132,functional
19871,functional
38237,functional
10867,non functional
65654,functional
62934,functional
20593,non functional
66008,functional
32504,non functional
29889,functional needs repair
60644,non functional
12663,non functional
60428,non functional
28691,non functional
23976,functional
33477,non functional
42541,functional
7183,non functional
71603,non functional
19798,functional
59443,non functional
37747,functional
37952,functional
70447,non functional
34325,non functional
10273,functional
51902,functional
26813,functional
42396,functional
47368,non functional
20950,functional needs repair
29423,non functional
39251,non functional
73847,functional
8685,functional
17953,functional
44843,functional
57879,functional
20615,functional
61487,functional
65727,non functional
35562,functional
44546,non functional
48652,functional
38410,non functional
57495,functional
56170,functional
9803,functional
35660,functional needs repair
31120,non functional
20144,functional needs repair
16549,functional
31647,non functional
41006,non functional
69140,non functional
60074,functional needs repair
29673,non functional
24052,functional
3456,functional
54164,functional
67554,functional
30065,functional
36819,functional
27070,non functional
61233,functional
30937,functional
31380,non functional
13293,functional
4061,functional
4510,functional needs repair
52550,functional
25641,non functional
18784,non functional
6981,functional
61347,functional
10702,non functional
57172,functional
12347,non functional
50930,functional
32617,non functional
16099,functional
27242,functional
48236,functional
51474,functional
29587,functional needs repair
48501,non functional
19635,non functional
70437,non functional
47750,functional
33640,functional
19162,non functional
65960,functional
55414,functional
22120,functional
31415,non functional
25717,functional
17606,functional
42640,non functional
72198,functional
57975,functional
72445,non functional
16047,functional
12621,non functional
9227,non functional
64375,functional
68557,functional
56440,functional
17177,functional
24193,non functional
63665,functional
63871,functional
47803,functional
74225,functional
60494,functional
20619,functional needs repair
71638,functional
41038,functional
30441,functional needs repair
54579,functional
883,functional
26211,non functional
30972,functional
65622,non functional
24748,functional
24321,non functional
48690,functional
26203,functional
45075,functional
51546,functional
43750,non functional
54350,functional
57861,non functional
30861,non functional
64684,non functional
46112,non functional
15848,non functional
54370,functional needs repair
54138,functional needs repair
15689,non functional
14654,non functional
46329,functional
665,functional
29699,functional
50869,functional
67580,functional
54216,non functional
3329,functional
51310,non functional
16417,non functional
3135,non functional
39878,functional
2248,functional
67173,non functional
27432,functional
27906,non functional
45642,functional
69108,functional
6576,functional
63089,functional needs repair
21929,functional
5152,non functional
16814,functional
19870,non functional
12358,functional
5087,non functional
23037,non functional
18492,non functional
33982,non functional
72588,functional
37950,non functional
8840,functional
41017,functional needs repair
4364,functional
47516,non functional
4051,functional
55133,functional
72924,functional
62936,functional
34437,non functional
2119,non functional
20770,functional
73230,non functional
16003,functional
69395,functional
38427,functional
59821,non functional
7002,non functional
54496,non functional
36744,non functional
65976,functional
53498,functional
63564,functional
36653,functional needs repair
66317,non functional
44077,functional
66461,functional
58375,functional
18697,non functional
47762,functional needs repair
50144,functional
12696,functional
1762,functional
64997,non functional
62885,functional
56935,non functional
69169,non functional
13221,functional needs repair
31526,non functional
26416,functional
2395,functional
10663,non functional
44504,functional
54426,functional
12897,functional
60986,functional
16365,functional
61701,non functional
14295,functional
31825,non functional
41138,functional
18068,functional
50756,functional needs repair
10143,functional
33626,functional
10724,non functional
33675,non functional
32914,non functional
17467,functional
13988,functional
9907,functional
61705,functional
37275,functional
16967,functional
64877,functional
51717,non functional
70641,functional
1766,functional
29659,non functional
23519,functional needs repair
7096,non functional
2353,functional
57003,functional needs repair
5739,functional
64956,non functional
64766,functional
47429,functional
25637,non functional
32975,non functional
43783,functional
64821,non functional
71254,functional
59867,non functional
31885,non functional
6188,functional
50962,non functional
19380,functional
30555,non functional
10680,functional
6039,functional
71274,functional
30836,functional
9372,functional
12452,non functional
17081,functional
35941,functional
51681,functional
26051,functional
12261,functional
73651,functional
68381,functional
27418,non functional
11191,functional
65309,non functional
19902,non functional
12328,functional needs repair
3520,functional
22974,functional
45588,non functional
11174,functional needs repair
72657,functional
34133,functional
59714,functional needs repair
59790,functional
43997,non functional
72923,functional
17705,non functional
72796,non functional
23098,non functional
46086,functional
66840,non functional
48975,non functional
66003,functional
48144,non functional
25935,functional
2566,non functional
34002,functional
69763,functional
2210,functional
27067,functional
14444,functional
66293,non functional
2863,functional
244,non functional
15476,functional
30488,functional
47104,non functional
27112,functional
49557,functional
3264,functional
45040,functional needs repair
9916,functional
4321,functional
54799,functional needs repair
48691,non functional
3289,non functional
31854,functional
30254,functional needs repair
50400,functional
28244,non functional
37083,functional
5307,functional
65607,functional
32286,functional
25711,functional
68431,non functional
25682,non functional
16541,non functional
51120,functional
64368,functional needs repair
63234,non functional
10121,non functional
54728,non functional
6753,functional
50972,functional
66547,functional
28162,functional
29972,non functional
53258,functional
66073,non functional
16996,functional
19305,non functional
13653,non functional
59788,non functional
49820,non functional
28551,non functional
48372,functional
9334,functional
9871,non functional
52,functional
11402,non functional
45136,functional
52051,non functional
42707,functional
60501,functional
59735,functional
655,functional
4326,functional
57557,functional
17747,functional needs repair
3870,functional
50045,functional needs repair
61235,functional
48408,functional needs repair
45629,non functional
34750,functional
65923,functional
21497,non functional
63700,non functional
50230,non functional
42924,functional
25539,functional
13926,functional
60229,functional
8797,non functional
62957,functional
53120,functional needs repair
21009,functional
65874,non functional
41343,non functional
22831,non functional
48100,functional
73932,non functional
63086,non functional
38046,functional
12780,functional
64048,functional
72066,functional
44369,functional
70226,functional
59180,non functional
27730,functional
37639,functional
68700,functional
48451,non functional
65270,functional
46991,non functional
66994,functional
27811,functional
24148,functional
9796,functional needs repair
36892,non functional
44246,non functional
68658,functional
66111,functional
51232,non functional
36404,non functional
51574,non functional
58523,functional
38234,functional
10015,functional
35985,functional needs repair
49686,functional
70188,non functional
24677,functional
60756,non functional
41655,functional needs repair
24081,functional
57207,functional needs repair
3283,functional needs repair
63097,non functional
67335,non functional
1522,functional
22216,non functional
953,functional
55263,functional
46405,non functional
9112,functional needs repair
35890,functional needs repair
2945,functional
55363,non functional
63382,functional
58435,non functional
25796,functional
68146,non functional
32369,functional
4174,functional
4205,functional
31682,functional
69920,functional needs repair
55987,non functional
60550,functional
27299,functional
31733,functional
57058,functional
42339,functional
6574,functional
28276,functional needs repair
33358,non functional
57027,functional
41116,non functional
61455,non functional
63207,functional
22757,functional
67927,functional
60672,functional
19206,functional
33500,non functional
38487,functional
56940,non functional
16451,non functional
46787,functional
8322,non functional
66326,functional
27985,functional
64154,functional
41933,functional
19284,non functional
52820,functional
44680,functional
1935,functional
2829,non functional
66245,functional
1244,functional needs repair
39192,functional
14599,non functional
17788,functional needs repair
18345,non functional
39304,functional
47543,functional
19204,functional
73160,functional
3171,non functional
61683,functional needs repair
54396,functional
55925,functional
66751,functional
13603,non functional
15578,functional
27327,functional
5038,non functional
59888,non functional
65881,non functional
9283,functional
6272,functional
39998,non functional
64666,non functional
60888,functional
12838,functional
14963,functional
33410,functional
49769,functional
48414,non functional
2742,functional
74158,functional
19189,functional
12979,non functional
897,functional
4656,functional
5139,non functional
69211,functional needs repair
47622,non functional
53912,functional needs repair
40384,non functional
60306,non functional
29527,functional
23922,non functional
62056,functional
32374,non functional
10437,non functional
50681,functional
66756,functional
59089,functional
25014,functional
43417,non functional
3944,non functional
49408,functional
59328,non functional
35008,functional needs repair
71624,non functional
6269,functional
31727,functional
49017,functional
43191,functional
27163,functional
36294,non functional
48892,functional
29404,functional
57845,functional
38094,non functional
916,non functional
10084,functional needs repair
30051,functional
50487,functional
47301,functional
36060,functional
42139,non functional
58698,functional
58792,functional
48000,functional
60967,functional
8062,functional
55063,non functional
47077,non functional
18293,non functional
38747,functional
42043,functional
45694,non functional
3715,functional
48370,non functional
56999,functional
22639,functional
73672,non functional
34882,functional
10862,non functional
3937,functional
22393,functional needs repair
48075,non functional
14517,functional
72875,functional
57483,non functional
21726,functional
55126,functional
73807,non functional
24054,functional needs repair
25592,functional
12558,non functional
54621,non functional
65007,functional
25962,functional
3850,non functional
66908,functional
24633,non functional
71982,functional
39018,functional
66138,non functional
49242,functional
43608,non functional
6163,non functional
33514,non functional
61661,functional
7791,functional
55372,functional
66196,non functional
20575,functional
40258,functional needs repair
71648,non functional
54654,functional needs repair
72337,functional
42774,functional
13716,non functional
11814,non functional
69004,non functional
21738,non functional
19130,non functional
69052,non functional
16769,functional needs repair
43555,non functional
31860,functional
40680,non functional
71282,functional
24497,functional
53851,functional
68285,functional
227,functional
12773,non functional
58718,functional
15129,non functional
58458,functional
70034,functional
21384,functional
33397,non functional
18001,non functional
48229,functional
33359,functional
44083,functional needs repair
73626,functional
46356,functional
11493,functional
5015,functional needs repair
28882,functional
5284,functional
15352,functional needs repair
41960,functional
68613,non functional
13708,non functional
64123,functional
58509,non functional
63730,non functional
62326,non functional
57622,functional needs repair
54871,non functional
66957,functional needs repair
11501,non functional
23851,functional
23421,functional
73911,non functional
57611,non functional
65664,functional
14010,non functional
57543,functional
39264,functional
62168,functional needs repair
7880,functional
48743,functional
27303,functional
39044,functional needs repair
42968,non functional
26946,functional
57553,functional
51660,non functional
65446,non functional
74155,functional
42189,non functional
12474,functional
70387,functional
13589,non functional
54911,functional needs repair
544,non functional
38389,functional
38149,functional
55801,functional
67330,non functional
66383,non functional
71731,functional
72212,non functional
51719,functional
42875,functional
66911,functional
62263,non functional
15558,functional
19317,functional
18680,functional
46282,non functional
29852,functional
21008,functional
26895,functional
1243,functional
49429,functional
64294,non functional
10755,non functional
69771,non functional
24138,functional
52662,non functional
38676,non functional
3355,functional
57096,functional
59387,functional
42807,functional
27099,functional
66039,functional
65863,functional
53534,functional
50132,functional
28612,non functional
7759,functional
23194,functional
14090,non functional
12802,functional
39735,functional
18630,functional
47765,functional
6130,functional
43264,non functional
55008,functional
70810,non functional
25991,functional
50845,non functional
46236,functional
23020,functional
36647,functional
46904,functional
51409,non functional
13436,functional
63975,functional
17228,functional needs repair
8216,non functional
37178,functional
11892,non functional
4133,non functional
29735,functional
859,non functional
44349,functional
332,non functional
924,non functional
63183,non functional
15890,non functional
74239,non functional
67997,functional
60690,functional
54381,functional
24323,non functional
68767,functional
20872,functional
17493,functional
53123,functional
1150,functional
10701,functional
63678,non functional
66302,non functional
19463,functional needs repair
29830,functional
49507,functional
39296,functional needs repair
73253,functional
48895,functional
53453,non functional
5905,functional needs repair
48814,functional
40213,functional
39926,non functional
57398,functional needs repair
26782,functional
4123,functional
57550,non functional
29580,functional
25860,functional
37667,functional needs repair
19403,functional
12451,functional
18201,functional
32982,functional
23703,non functional
29883,functional
9130,functional
10141,functional
19330,functional
7607,non functional
32070,functional
22565,non functional
1006,functional needs repair
44425,functional
37163,functional
5479,functional
10286,non functional
4653,functional
31500,non functional
10152,non functional
40951,functional
32485,non functional
11517,functional needs repair
10818,functional
6122,non functional
30139,non functional
52742,functional
39431,non functional
33479,non functional
42210,non functional
61355,non functional
73241,non functional
11706,functional
29581,functional
64281,functional
45066,functional
2496,non functional
48696,functional needs repair
22316,functional
4768,functional needs repair
4981,non functional
47445,non functional
33909,functional
66634,non functional
15221,functional
40729,non functional
47107,non functional
55561,functional
6537,functional
54125,functional
36117,non functional
23107,functional
18796,non functional
42779,functional
28229,functional
67732,functional
6224,non functional
17848,non functional
59588,non functional
8336,functional needs repair
39589,non functional
54045,functional
64348,non functional
8047,functional
54487,functional
73708,functional
71830,functional
11470,functional
42525,non functional
6729,functional
27910,functional
46172,functional
55210,functional
16416,non functional
24287,non functional
41564,functional
9462,functional
7857,functional
3049,functional
8909,functional needs repair
43823,functional
63088,non functional
71128,non functional
30080,functional
36534,functional
47127,functional
32009,functional
55955,functional
17592,non functional
32101,non functional
62170,functional
29535,functional
36480,functional
47075,non functional
72427,non functional
35774,non functional
44611,functional needs repair
38820,non functional
51330,non functional
69785,functional
44924,functional
27435,functional
29414,functional
1993,functional
68902,functional
17813,functional
12330,functional
39330,functional
9793,non functional
35529,non functional
32003,non functional
45123,non functional
29702,functional
33484,functional needs repair
44093,functional
10635,non functional
73558,non functional
48730,functional
54219,functional
15214,functional
27291,non functional
38081,functional
73886,non functional
37001,non functional
72025,functional needs repair
29485,functional
9687,functional
7758,functional needs repair
15200,non functional
64947,functional
36282,functional
55446,non functional
53201,functional needs repair
26241,functional needs repair
30741,functional
68304,functional
14519,non functional
57386,functional needs repair
39723,functional
29008,functional
63993,functional needs repair
27480,functional
33338,functional needs repair
60362,functional
16558,functional
40578,non functional
14559,non functional
3906,functional
22075,non functional
14120,non functional
8505,functional
31054,non functional
3470,non functional
25109,functional
62943,functional needs repair
42773,functional
71852,functional
8711,functional
5289,functional
57252,non functional
25080,functional needs repair
68638,non functional
54024,functional
50539,functional
17586,functional
39416,functional needs repair
60561,functional needs repair
66828,functional
23495,functional
27662,functional
25033,non functional
22864,functional needs repair
43659,non functional
67923,non functional
3910,non functional
8306,non functional
48222,functional
52760,functional
20317,non functional
60265,functional
47991,functional
55285,non functional
44949,non functional
29514,functional needs repair
747,functional
60138,non functional
55105,functional
18251,functional
54414,non functional
29738,functional
5073,functional
31309,functional
36848,functional
40769,functional
49344,non functional
44467,functional
58814,non functional
10916,non functional
3694,non functional
42881,non functional
2096,non functional
52824,functional
41631,non functional
1999,functional
28347,functional
12429,functional
12188,non functional
26947,non functional
70806,functional
48357,functional
654,non functional
47943,non functional
43587,functional needs repair
68678,non functional
37854,functional needs repair
31949,functional
3566,non functional
63464,non functional
20358,non functional
11889,functional
67038,non functional
39738,functional
39996,non functional
73428,functional
72105,functional
68647,non functional
19362,functional
63985,functional
60437,functional
42429,functional
4955,functional
18005,functional needs repair
42634,functional
57950,non functional
6482,functional
51875,non functional
46462,functional
29469,functional
38158,non functional
52276,non functional
10621,functional
26433,functional
52891,functional needs repair
72263,functional
41088,functional
422,functional
69341,functional
33658,non functional
32144,functional
31235,functional
30018,functional
19161,functional
40071,functional
44594,non functional
53714,non functional
21880,functional
14808,functional
44140,functional
58607,functional
20571,functional
61452,functional
49879,functional
48399,non functional
65458,functional
73774,non functional
7227,functional
25936,functional
29382,functional
36103,non functional
10248,functional
32471,functional
32732,functional needs repair
65285,functional
17884,non functional
19140,functional
20421,functional
66610,non functional
49285,non functional
49591,functional
69970,functional
44327,functional needs repair
17459,functional
38698,non functional
18686,non functional
41878,functional
12783,non functional
42154,functional
11317,functional
55080,functional
53450,non functional
69186,functional
48089,functional needs repair
34081,non functional
32083,functional
34099,functional
34201,non functional
48671,functional
10721,functional
40593,functional
45875,functional
46792,non functional
50944,functional
11840,functional
25113,non functional
52465,functional
1568,functional
11242,functional
14449,functional
32524,functional
3222,functional
20479,non functional
21664,non functional
67265,functional
17296,non functional
47311,functional
14428,functional
44293,non functional
44360,functional
16644,functional
37411,non functional
2802,functional
4882,non functional
34491,functional
17149,non functional
17733,non functional
41284,functional needs repair
64609,functional
31896,functional
35472,functional
19394,non functional
16574,functional
35679,non functional
9695,functional
37289,non functional
19443,non functional
28487,functional
33387,functional
58807,non functional
49761,functional
56392,non functional
14898,non functional
70735,non functional
49816,functional
59641,functional needs repair
22868,functional needs repair
7697,non functional
9934,functional
58234,functional
66754,functional
49277,non functional
36411,functional
70909,non functional
37471,functional
44127,non functional
62571,non functional
73447,non functional
70992,functional
60500,non functional
56765,functional
42142,functional
20124,functional
53466,non functional
33264,functional
30072,non functional
53621,non functional
42614,non functional
22983,functional
57532,functional
18269,non functional
65753,non functional
17909,functional
69571,non functional
67029,non functional
24089,functional
26731,functional
18487,functional needs repair
2717,non functional
63641,non functional
67143,functional
53454,non functional
72707,functional
58196,non functional
13217,functional
62529,functional
43376,non functional
11758,non functional
62301,functional
49868,non functional
33413,functional
32095,functional
16223,functional
52802,functional
62961,functional
63537,functional needs repair
40790,functional
69018,functional
15206,non functional
63366,functional
69915,non functional
6554,functional
2577,functional
64367,non functional
31638,non functional
50213,functional
68319,functional
59842,non functional
48212,functional
58241,functional
9037,functional
49523,functional
56977,functional
67052,functional
35837,functional
72718,non functional
23622,functional
58250,non functional
71887,functional
46632,functional
48154,functional
35709,functional
68562,functional
47162,functional
31782,functional
9889,non functional
19884,non functional
67536,functional
18785,non functional
12137,functional
68710,functional
56592,functional
47576,non functional
1009,functional
11968,non functional
70562,non functional
57215,non functional
25650,non functional
71315,functional
8468,non functional
25547,non functional
61720,non functional
45346,non functional
20667,non functional
35581,functional
66659,functional
67455,non functional
53143,functional
7623,functional
61731,non functional
32784,functional
22419,functional
52977,non functional
55112,functional
53487,non functional
29757,functional
3558,non functional
31498,non functional
25869,non functional
22194,non functional
29497,functional
28056,functional
66624,non functional
3070,non functional
24807,non functional
18360,non functional
36241,functional
20799,functional
47250,functional
62444,functional needs repair
24638,functional needs repair
42994,functional
26198,functional
68531,functional
23801,functional
23217,functional
10453,functional
51284,functional
57796,functional
8884,functional
11494,non functional
52445,non functional
33829,non functional
72879,non functional
62506,functional
29717,non functional
27924,functional
61330,functional
17306,non functional
9195,non functional
28119,functional
25202,functional
68997,non functional
72672,non functional
57705,non functional
35105,functional
28150,non functional
55637,non functional
60446,functional
48497,functional
71203,non functional
68199,functional
16826,functional
6027,functional needs repair
29905,functional
8154,functional
18590,functional
33645,functional
65073,functional
30509,functional
26247,non functional
16563,functional
9677,functional
71127,functional
59759,functional needs repair
20510,functional
1966,functional
73582,non functional
30849,non functional
69898,functional
14514,functional
73133,functional
11342,non functional
33511,functional
60555,functional needs repair
69389,non functional
10599,functional
71890,functional
4886,non functional
41707,functional
6359,functional
38228,functional
16178,non functional
19709,functional needs repair
13485,non functional
17825,functional needs repair
20280,non functional
66941,functional
9591,functional
7770,functional
68922,functional
72677,non functional
74094,non functional
1980,functional
4594,functional
59831,non functional
35359,functional needs repair
23026,functional
26419,functional
12022,non functional
71780,functional
60032,non functional
7856,non functional
26212,functional needs repair
13265,functional
25472,functional needs repair
26118,functional
39935,functional
72518,functional
55690,functional
67721,functional
37409,functional needs repair
11254,non functional
74091,non functional
49443,non functional
13424,non functional
72093,functional
1941,functional
6723,functional
71614,functional
9467,functional
24701,non functional
58187,functional
54287,non functional
1896,functional
23261,non functional
73008,non functional
61779,non functional
6254,non functional
44691,functional
68712,functional
42106,non functional
12048,functional
19525,functional
58239,non functional
17816,non functional
13736,functional
10427,functional
21884,functional
31143,functional
23266,non functional
41908,functional
67996,non functional
19858,functional
38992,functional needs repair
35604,functional
8440,functional
34029,functional needs repair
9644,functional
34404,non functional
56924,non functional
59728,functional
29025,non functional
4410,functional
57225,functional
68109,functional needs repair
66484,non functional
17805,non functional
12391,non functional
68352,non functional
21762,functional
636,functional needs repair
62101,functional
10707,functional
58912,functional
1839,functional
22147,non functional
11531,non functional
54318,functional needs repair
62289,functional
67866,non functional
32691,non functional
63838,functional
54130,non functional
32275,functional
28029,functional
26263,non functional
44962,non functional
54801,non functional
23658,functional
70863,non functional
53815,functional
50544,functional
51728,functional
40397,functional
45981,functional
61388,functional
44477,functional
58715,functional
32631,functional
47490,non functional
14688,non functional
22299,functional
505,functional
23432,functional
39768,functional
44199,non functional
10167,functional
66267,functional
57872,non functional
61401,non functional
28419,functional
25782,non functional
19627,functional
21052,functional
32079,non functional
28962,functional
2859,functional
50303,non functional
23314,functional
53561,functional
1883,functional
64245,functional
7459,functional
5595,non functional
21925,functional
57491,non functional
67267,functional
36361,functional
59551,functional
28609,functional
70238,functional
18334,non functional
15747,functional
39619,functional needs repair
67821,functional
4323,non functional
36387,functional
24166,non functional
11442,functional
5562,functional
57631,functional
72969,non functional
18589,functional needs repair
52315,functional
34048,non functional
49624,non functional
21505,functional
28078,functional
41431,non functional
41575,non functional
31135,non functional
56150,non functional
5957,functional
74045,non functional
39854,functional
54112,functional
51149,functional
45744,functional needs repair
36628,functional
1722,functional
3485,non functional
19921,functional
26875,non functional
50418,functional
47195,functional
5132,functional
73272,functional
70454,functional
72433,functional
14091,functional needs repair
30903,non functional
10140,functional
39093,functional
1801,non functional
23966,functional
66,non functional
16311,functional
18218,functional
34007,functional
67607,functional
45430,functional
13998,non functional
55597,functional
13991,functional
55935,non functional
35672,functional needs repair
42900,functional
57170,non functional
67065,non functional
7338,functional
52196,non functional
15818,functional
44402,functional needs repair
45441,functional
27767,functional
57889,functional
18550,functional
39032,functional
73415,functional
8815,non functional
21854,non functional
51694,functional
28044,functional
14420,functional needs repair
45514,functional
2850,functional
37430,functional
28132,functional
65303,functional
66475,functional
57666,non functional
28762,functional
44701,non functional
39201,functional
11904,functional
32719,functional
26487,non functional
51386,functional needs repair
14376,non functional
32669,functional
64472,functional
58341,functional
14580,non functional
42967,functional
36665,non functional
66070,functional
4433,functional
24196,functional
27586,functional
50020,functional
24169,non functional
69411,non functional
14092,functional
20647,functional
36814,functional
49215,non functional
41892,non functional
66970,functional
35124,functional
34818,functional
51464,non functional
60041,functional
26112,functional
51707,functional
21898,functional needs repair
40274,non functional
68832,functional
61173,non functional
3544,functional
27488,non functional
8532,non functional
18475,functional
3590,functional
41254,functional
42489,functional
59868,functional
67892,functional
63958,functional
67925,functional
2047,functional
55423,functional
4284,non functional
41169,functional
55084,functional
59871,functional
70757,non functional
64932,non functional
38805,functional
38457,non functional
10011,functional
17538,non functional
33097,functional
7455,non functional
65840,non functional
52351,functional
38278,non functional
56964,functional needs repair
3110,non functional
5332,functional
67116,functional
69183,non functional
21085,functional
54060,functional
67060,functional
28864,non functional
21326,functional
7976,non functional
45706,non functional
21853,functional
13278,functional needs repair
65183,functional needs repair
55758,non functional
5768,non functional
72362,non functional
41195,non functional
94,functional
28627,functional
30502,functional
22457,functional
15960,non functional
52497,functional
55588,non functional
28453,functional
32093,functional
20215,functional needs repair
3240,functional
9367,functional
36039,functional needs repair
4539,functional
9208,functional
17966,non functional
60570,functional
60741,non functional
68704,functional
40783,non functional
35884,functional
9257,non functional
41001,functional
58260,functional
19890,functional
60238,non functional
6646,non functional
48367,functional needs repair
55720,non functional
36913,non functional
52057,non functional
44887,non functional
238,functional
39428,functional
38687,non functional
27785,functional
61145,non functional
47918,functional
43596,functional
47269,functional
60504,non functional
53484,functional
45821,functional needs repair
29621,functional needs repair
16643,non functional
37655,non functional
22152,functional
45498,functional
29863,non functional
43643,functional needs repair
17192,non functional
19331,functional
22138,functional
27,non functional
35756,non functional
33237,functional
3212,functional
20406,functional
5506,functional
73721,non functional
70344,non functional
22719,non functional
47814,functional
9349,functional
53883,functional
46721,functional
56845,functional
17027,functional
3695,non functional
21489,non functional
25662,functional needs repair
29603,functional
30203,non functional
67506,non functional
27629,non functional
53964,non functional
61991,functional
53723,functional
64244,functional
56870,functional
44894,functional needs repair
878,functional
59926,functional
32579,non functional
16638,functional
32738,non functional
23398,functional
41042,functional needs repair
20930,functional
15816,functional
25362,functional
50995,functional
7042,functional
73056,functional needs repair
43491,non functional
46227,non functional
36679,functional
54861,functional
71559,non functional
8762,non functional
62894,functional
63640,non functional
63091,functional
10368,functional
19656,non functional
39966,non functional
3297,functional
61925,non functional
37738,non functional
59372,functional
55337,functional
18342,functional
9230,functional
11792,functional
61896,non functional
42789,functional needs repair
51106,functional
26139,non functional
24835,functional
7300,functional
41555,functional
44800,functional
12357,non functional
57128,non functional
39429,functional
31951,functional
58065,non functional
18677,functional
12642,non functional
45854,functional
11002,functional needs repair
62947,functional
45364,non functional
52985,non functional
20276,non functional
62995,functional
5840,non functional
30787,non functional
41989,functional needs repair
40207,functional
8152,functional needs repair
1943,non functional
19817,functional
25232,functional
23453,functional
6851,functional
66044,functional needs repair
71246,non functional
16002,functional
52732,functional
60318,functional
14772,non functional
16445,functional
39757,non functional
25999,functional
54869,non functional
9753,functional
70005,functional needs repair
62933,functional
5941,functional
69149,non functional
63524,functional
73577,functional
15693,functional
61391,non functional
23818,functional
26579,functional
9030,non functional
5163,non functional
25135,functional needs repair
23031,functional
49441,functional
34889,non functional
37469,functional
69603,functional
67435,functional
63237,functional needs repair
6763,non functional
43092,functional
71924,non functional
61969,non functional
19565,functional
15051,functional
30432,non functional
14759,non functional
44728,functional
28963,non functional
63220,functional
33615,non functional
26680,functional
66863,functional
41536,functional needs repair
50172,non functional
69862,non functional
25626,non functional
40539,non functional
42544,functional
8247,non functional
34254,non functional
1043,non functional
37600,functional
23244,functional needs repair
44442,functional needs repair
48088,non functional
59618,functional
15843,non functional
10477,functional
36582,functional
73773,functional
13935,non functional
43310,functional
55563,non functional
2515,functional
11295,functional
8355,functional
25794,functional
18063,functional
9688,functional
73088,functional
69959,non functional
62860,non functional
46458,functional
20159,non functional
15513,functional
8868,functional needs repair
36378,functional
72037,non functional
28915,non functional
55156,functional needs repair
11118,functional
5520,functional
27302,functional
27324,non functional
12443,functional
73585,non functional
2008,functional
70376,non functional
62918,non functional
41826,functional
31548,functional
74191,non functional
68108,non functional
50082,functional
12447,functional
10219,non functional
63840,functional
26860,functional
4215,non functional
64679,functional
30420,functional
46310,functional
52460,non functional
68447,functional
37184,functional
70356,non functional
55842,non functional
30686,non functional
4412,non functional
28114,non functional
38018,functional
18448,non functional
518,functional
26381,functional
44417,functional
8595,functional
48163,functional
44673,non functional
18603,functional
7522,functional
34289,functional
53913,functional
25074,functional
54163,non functional
26740,non functional
49678,non functional
74146,non functional
25451,functional
17008,non functional
12500,non functional
37589,non functional
30381,non functional
27724,functional
63476,non functional
63829,functional
51711,non functional
23413,non functional
67299,non functional
44490,non functional
15979,functional
35214,non functional
3029,functional
62453,non functional
35440,functional needs repair
73337,functional needs repair
29435,functional
35127,functional
5420,non functional
72533,functional
15862,non functional
71849,functional
15788,non functional
46997,functional
10017,functional
39319,non functional
32876,functional
32316,functional
67561,functional
27343,non functional
70657,functional
16720,functional
61174,functional
44519,functional needs repair
4634,functional
33267,non functional
23060,functional
18411,non functional
14047,functional
12496,functional
32842,functional
86,functional
31090,functional
70341,non functional
22269,functional
71615,functional
48942,non functional
70420,functional needs repair
42234,non functional
59341,functional
64148,non functional
12848,functional
31726,non functional
24422,non functional
58828,functional needs repair
3441,functional
32800,non functional
45595,functional
52653,non functional
35821,non functional
19332,functional
29354,non functional
4787,functional
43298,non functional
56559,functional
31080,functional
72065,functional
67688,functional
14313,functional
49648,non functional
1249,non functional
8608,functional
31466,non functional
10313,non functional
25400,functional
22257,functional
22917,functional
27602,non functional
62852,non functional
63572,non functional
10468,functional
1738,functional
38810,functional
39852,functional
19854,non functional
68946,functional
54374,non functional
73711,functional
29492,functional
54888,functional needs repair
71966,functional
59112,non functional
59265,non functional
48447,functional
56581,functional
19194,non functional
73355,functional
53666,non functional
8360,functional
4755,non functional
14739,functional
2256,non functional
71415,non functional
4672,functional
64828,functional
40776,functional
42726,non functional
49024,non functional
29776,non functional
42487,non functional
35503,functional
55397,non functional
19303,functional
30898,functional
25310,functional needs repair
7361,functional
919,functional
49018,non functional
19699,non functional
69934,functional
12255,functional
42540,functional
10266,non functional
38775,functional
69695,functional
13823,functional needs repair
54498,functional needs repair
20641,non functional
68695,functional
35545,functional
6951,functional
46014,functional needs repair
43870,functional
27140,functional
30124,non functional
13578,non functional
73612,non functional
51736,non functional
70405,non functional
58412,functional
72110,functional
45168,non functional
23804,non functional
53089,non functional
8751,non functional
33725,functional
732,non functional
38032,functional
39604,functional
29376,functional
11711,functional
929,functional
67190,functional
49918,functional
25628,non functional
16596,functional needs repair
26701,functional
29796,non functional
73296,non functional
35719,non functional
31593,functional
66104,functional
4351,non functional
27219,functional
72201,functional needs repair
2806,non functional
70366,functional
47121,functional
1343,non functional
35766,non functional
19506,functional
30533,functional
57436,functional needs repair
22210,non functional
45723,non functional
62786,non functional
68649,non functional
40550,functional
5114,non functional
19691,functional
38808,functional
53644,non functional
60008,non functional
17625,functional
209,functional
53246,non functional
51861,non functional
26997,non functional
24451,functional
30738,functional
74135,non functional
10239,functional
10254,functional
36405,functional
32135,functional needs repair
56577,functional
6328,functional
29245,functional needs repair
61097,non functional
64242,non functional
28956,non functional
203,non functional
25406,non functional
67410,non functional
67605,non functional
37796,functional needs repair
39434,functional
18274,functional
22055,non functional
60820,non functional
64831,functional needs repair
43148,functional
4085,non functional
11054,functional
13668,non functional
36435,functional
17522,functional needs repair
19950,non functional
13144,non functional
39530,non functional
37870,functional
46058,non functional
64620,functional
6612,functional
63070,functional needs repair
45542,non functional
4661,functional
325,functional
63006,functional
13064,functional
43666,functional
41072,non functional
57749,non functional
21736,functional
47198,functional needs repair
33291,functional
20385,functional
63178,functional
2622,non functional
31355,functional
18199,functional
70424,non functional
65357,functional
22306,non functional
33347,non functional
10210,non functional
703,functional
19023,functional
45982,functional
54062,functional
52182,functional
71795,functional
37447,non functional
33191,functional
25019,functional needs repair
71371,functional
54718,functional
47825,non functional
58037,non functional
43321,non functional
71479,functional
59036,functional
48620,functional
4172,non functional
373,non functional
64704,functional needs repair
68791,non functional
56410,functional
38542,functional
19059,functional
60086,functional
18210,functional
21465,functional
53304,non functional
33767,functional
25965,non functional
26965,functional
71113,non functional
64384,functional
67574,non functional
40792,functional
49585,non functional
24909,functional
11609,functional
65775,functional
23276,functional needs repair
2748,functional
55124,functional
65225,functional
59099,functional
58547,non functional
5504,non functional
34856,functional
52254,functional
49039,functional needs repair
31607,functional
64145,non functional
25740,non functional
23344,functional needs repair
73718,non functional
35739,non functional
60866,non functional
32629,non functional
62425,non functional
52298,functional
36596,non functional
51408,functional
12183,non functional
55005,functional
57713,functional needs repair
45079,functional
37653,non functional
16266,functional
21302,functional
433,non functional
13338,functional
28208,functional
33048,functional needs repair
52062,non functional
44738,non functional
57947,non functional
71209,functional needs repair
450,non functional
13194,non functional
11845,functional
49305,non functional
48452,non functional
13166,non functional
9232,functional needs repair
15305,functional
41370,non functional
30163,non functional
40369,functional
50933,functional
16425,functional
66466,functional
1216,functional
16667,functional
14551,functional
2303,functional
9770,non functional
24827,functional
36945,functional
14450,functional
52128,functional
23353,functional
23872,non functional
69441,non functional
25045,functional
55399,non functional
44195,non functional
60276,functional needs repair
28558,functional
49338,non functional
66943,functional
33631,non functional
20277,functional
31815,non functional
51131,functional
1412,non functional
74197,functional
37324,functional
47206,functional
63289,functional
70171,non functional
47435,non functional
11871,non functional
14617,functional
36852,functional
62941,functional
37633,non functional
33636,non functional
1384,functional
62962,non functional
15900,functional needs repair
35073,non functional
46981,functional
69694,non functional
38224,non functional
7319,functional
54193,functional
36935,functional
27087,non functional
4538,non functional
31249,functional
33578,functional
74025,functional
18703,non functional
34609,non functional
53663,non functional
2301,non functional
51202,non functional
28531,non functional
49076,functional
64523,functional
18008,non functional
64223,functional
57419,functional
4156,functional needs repair
23009,functional
67329,functional needs repair
37287,functional
30760,functional
25015,functional needs repair
42243,functional
71563,functional
61309,non functional
21946,functional
64273,non functional
49736,non functional
36710,functional
34873,non functional
46652,functional
4877,non functional
30539,functional
46394,functional needs repair
26208,functional
17368,non functional
8996,functional
11693,functional needs repair
7960,functional
62203,non functional
70192,functional needs repair
28290,functional
47870,functional
19751,non functional
43742,functional
71028,functional
24731,functional
57725,non functional
47912,functional
26178,functional
21375,non functional
14076,functional
420,functional
63429,non functional
8817,non functional
22707,non functional
4162,non functional
30131,non functional
17555,non functional
10786,functional
73082,functional
49790,functional
59609,non functional
51629,functional
71767,functional
28928,functional
69242,non functional
52264,non functional
7474,functional
29426,functional needs repair
63637,functional
18160,functional
51596,functional
3174,non functional
2281,functional needs repair
34423,functional
19155,functional
31737,functional
37080,functional
37029,functional
4090,functional needs repair
10003,functional
24129,functional needs repair
62022,non functional
2267,functional
52461,non functional
25364,non functional
36219,functional
5603,functional
19071,non functional
9721,non functional
47530,non functional
28230,non functional
51643,functional
46369,functional
64359,functional
3927,functional
70389,functional
52208,non functional
60799,functional
16950,non functional
7031,functional
22554,functional
32806,functional
51722,functional
62148,functional
31247,non functional
70811,non functional
17274,functional
73820,functional
14822,functional
52871,non functional
26084,non functional
68660,non functional
5081,non functional
27117,functional
12504,non functional
53106,functional
63185,functional needs repair
1563,functional needs repair
60245,non functional
72610,functional
51617,non functional
36765,functional
71669,non functional
8212,functional
41637,functional
27342,functional
8020,functional
52166,non functional
55518,non functional
50315,non functional
68503,functional
14283,functional
30067,non functional
22741,non functional
15455,functional
5757,functional
72512,functional
5872,non functional
42981,non functional
24465,non functional
46684,non functional
1894,functional
3756,functional needs repair
45092,non functional
36987,non functional
56819,non functional
29987,non functional
72008,functional
40577,functional
69610,non functional
39439,functional needs repair
40233,functional
18810,non functional
6746,functional
659,non functional
70037,functional
28991,non functional
242,non functional
36161,non functional
22618,functional
53391,non functional
45662,non functional
2033,non functional
40259,functional
43687,functional
71205,functional
68938,functional
15688,functional
42723,functional
52113,non functional
26092,functional
2014,non functional
13904,functional
42926,functional
30580,functional
48631,non functional
56044,non functional
66742,functional
11184,functional
70964,functional
27574,functional
56724,functional needs repair
6440,non functional
38859,functional
11971,non functional
55689,non functional
29075,non functional
13650,functional needs repair
22972,functional
37710,functional
63315,functional
6398,functional
66237,functional
35680,functional
66190,functional
33513,non functional
49367,functional
54713,non functional
5666,non functional
56109,functional
8230,non functional
52559,functional needs repair
37543,non functional
45317,functional
1890,functional
37003,functional
50929,functional
62440,functional
3914,non functional
52912,functional needs repair
28984,functional needs repair
54934,functional
58728,functional
30445,functional
65322,non functional
19043,non functional
19633,non functional
9346,functional needs repair
60853,functional
56051,non functional
21742,functional needs repair
40841,non functional
14006,non functional
50713,non functional
36046,functional
71485,functional needs repair
21109,functional
8877,non functional
37680,non functional
65617,functional
36472,functional needs repair
46782,functional
44911,functional needs repair
56832,functional
17991,functional
1295,functional
1179,functional
46323,functional
43477,functional
16682,functional
70224,functional
37313,functional
29804,functional
52251,non functional
28440,functional
9725,non functional
8318,functional
40449,functional
72190,functional
57513,functional
6137,non functional
8299,functional
61098,functional
58237,functional
39912,non functional
2390,functional
5902,non functional
50579,functional
223,functional
72901,functional
25917,functional
69679,functional
5848,functional
17878,non functional
48346,functional
34811,non functional
30905,non functional
45436,functional
49607,functional
25895,functional
52763,functional
20319,functional needs repair
5622,functional
61750,functional
44715,functional
36929,functional
12972,functional
28788,non functional
48224,non functional
12969,non functional
46268,non functional
72738,functional
68494,functional
6292,functional
46911,non functional
52884,functional
256,functional
61544,non functional
65562,functional
43877,functional
21756,functional
19680,functional
59764,functional
55940,functional
69494,functional
60001,functional
52552,non functional
2235,functional
29390,functional
47901,non functional
45728,non functional
1011,functional
61055,non functional
55204,functional
38289,functional
60878,non functional
12894,functional needs repair
46804,functional
38699,non functional
7348,non functional
40744,functional
28105,functional
20594,functional
15642,functional
35768,functional needs repair
5260,functional
9638,non functional
72353,functional
7249,functional needs repair
15050,functional
40314,functional
52747,non functional
59522,non functional
10803,functional
15679,non functional
70495,non functional
35877,non functional
45748,functional
25201,non functional
67055,functional
74076,functional
32569,functional
28378,functional needs repair
27155,non functional
55989,functional
23298,functional
43243,functional
27255,non functional
67748,non functional
56946,functional
25494,functional
58268,functional needs repair
29026,non functional
35119,non functional
35394,functional
42002,functional
56444,functional
1497,functional
59034,functional
6702,non functional
49103,functional
60803,functional
17877,functional
20050,functional
30326,functional
32646,functional
15587,functional
64681,functional
53162,functional
43330,functional
38546,functional needs repair
24635,functional
51182,functional
12856,non functional
44907,functional
18696,functional
63345,functional
50535,functional
40116,functional
22758,non functional
34965,functional
32439,non functional
48874,functional
49945,non functional
2722,non functional
61274,functional
64815,functional
58505,functional
5355,non functional
17570,functional
28813,non functional
9737,non functional
67286,non functional
18638,non functional
33706,functional
63278,non functional
39162,non functional
67824,non functional
45068,functional
37932,functional
49934,functional
3169,non functional
58279,functional
18572,non functional
53669,non functional
8392,non functional
50404,non functional
32901,functional
60185,non functional
26992,non functional
65247,functional
49210,functional
39867,functional
47306,functional
29477,functional
53650,functional
24145,non functional
50378,functional
7326,functional
41186,functional
3876,functional needs repair
19202,functional
64213,non functional
33302,non functional
61266,functional
40162,non functional
53009,functional
30104,non functional
62550,functional
27142,non functional
60430,functional
12723,functional
34804,non functional
37496,functional
3423,non functional
41228,non functional
40104,functional
50724,non functional
73358,functional
56748,functional
5442,functional needs repair
35939,functional
68563,functional needs repair
70346,functional
59245,functional
68883,functional
60655,functional
71859,functional needs repair
57542,functional
13402,functional
70682,non functional
26304,functional
35698,functional needs repair
7314,functional
2144,non functional
38385,non functional
41947,non functional
60410,functional
49652,non functional
6856,functional
4811,functional
47676,non functional
20478,non functional
31523,non functional
11282,functional
57696,functional
65900,non functional
57039,functional
35297,functional needs repair
60101,functional
49139,functional needs repair
15083,functional
36954,functional
42833,functional
44776,functional
49491,functional
54048,functional
1730,functional
42520,functional
11966,non functional
48210,functional
57322,non functional
44912,non functional
60556,functional
26675,functional
36733,functional
21597,non functional
17022,functional
47200,functional
34380,functional
3354,non functional
25573,functional
61102,functional
73006,functional
44570,non functional
21041,functional
19151,functional
30363,functional
14392,functional
62842,functional
14206,non functional
66913,non functional
29097,functional
28905,functional
1905,functional needs repair
47123,non functional
23354,non functional
11509,non functional
62030,functional
15066,non functional
44240,functional
52388,non functional
26601,functional
73943,functional
40964,functional needs repair
1356,non functional
18153,functional
11512,functional
55170,non functional
70393,non functional
44816,functional
12974,functional
24855,non functional
9575,functional
70070,functional needs repair
50963,functional
37416,functional needs repair
25009,functional
56004,non functional
48008,non functional
40447,functional
46090,non functional
25403,functional
57441,non functional
38379,functional
52765,functional
12890,non functional
47470,functional
64057,non functional
4512,non functional
60394,non functional
12502,non functional
40870,functional
60709,non functional
21346,functional
64276,functional
41033,functional
47549,functional
71606,functional
20822,non functional
73737,non functional
71654,functional needs repair
52882,functional
9166,functional
65796,functional
59150,functional
37123,functional
52459,functional
45682,functional
57501,functional
3215,non functional
39555,functional
5415,functional
53542,non functional
49014,non functional
5558,non functional
33716,non functional
60456,non functional
34277,non functional
24554,functional needs repair
58663,functional
43267,non functional
8233,functional
22436,functional
7354,functional
62843,functional needs repair
25294,non functional
31717,non functional
14390,non functional
22450,functional
57862,functional
45846,non functional
27116,functional
12445,non functional
8289,non functional
9613,non functional
62614,functional
12425,non functional
28761,functional
20035,functional
17319,functional
33619,non functional
51188,non functional
48231,functional
31716,non functional
1027,functional needs repair
49708,non functional
39275,functional
19721,functional
62601,non functional
10395,non functional
50080,functional needs repair
55817,non functional
35,non functional
17206,functional needs repair
59167,functional
7270,non functional
2639,functional
55140,functional
58049,non functional
69585,functional
3253,functional
23073,functional
6034,functional
45470,non functional
63281,non functional
63380,non functional
58455,functional
20919,functional
28897,non functional
53077,functional
41807,functional
777,functional
1847,functional needs repair
16565,non functional
48694,functional
11663,functional
30999,functional
70631,functional
41607,functional
12467,functional
1279,non functional
48520,non functional
69946,non functional
55111,non functional
15697,non functional
6716,functional
27253,non functional
35910,functional
9238,functional
41184,functional
22717,non functional
29405,non functional
62824,functional
14135,functional
36149,functional
20419,functional
66878,non functional
18530,non functional
17748,functional
48278,functional
33194,functional
30421,non functional
1827,functional
46500,non functional
69425,non functional
16942,non functional
22692,functional
67032,non functional
45797,non functional
21679,functional
301,functional
69790,non functional
65293,non functional
57610,functional needs repair
72889,functional
52362,functional
63876,functional needs repair
50608,non functional
54975,functional
43899,functional
30027,non functional
35307,functional needs repair
15801,functional
55829,functional
71548,non functional
71051,non functional
70797,functional
36797,non functional
26873,functional
21174,non functional
61272,functional
820,functional
59896,non functional
4544,non functional
59777,functional
19617,non functional
6591,non functional
66324,functional
34386,functional
73521,non functional
1380,non functional
19519,functional
11797,non functional
3342,functional
61989,functional
21866,functional
47904,functional
65895,non functional
36333,non functional
50192,non functional
40630,non functional
32258,functional
11905,functional
59458,functional
32916,non functional
58934,non functional
15461,non functional
24581,non functional
22760,non functional
23081,functional
62821,functional
20560,functional
45014,non functional
22503,functional
46361,functional
18803,non functional
26341,functional needs repair
62616,functional
27912,non functional
52707,functional
5509,non functional
52943,functional needs repair
29422,functional
26299,functional
70674,functional
41092,functional needs repair
14687,non functional
57819,functional
7464,non functional
16737,non functional
2735,non functional
1579,functional
42931,non functional
11533,non functional
25091,non functional
33562,functional
43415,functional
51975,non functional
6563,non functional
43588,non functional
65193,non functional
47719,functional
22992,functional
11372,non functional
38309,functional needs repair
42762,functional
23871,functional
42508,functional
22551,functional needs repair
62049,non functional
23654,functional
30535,non functional
30714,non functional
72357,functional
4675,functional needs repair
43410,functional
39442,non functional
55939,non functional
29827,non functional
65700,non functional
34086,functional
41550,non functional
30766,functional
21960,functional
5631,functional
48936,non functional
57670,non functional
67749,functional needs repair
38822,non functional
34999,functional
41585,functional needs repair
57683,functional
67671,functional
58548,non functional
62281,functional needs repair
23104,functional
26396,functional needs repair
8627,non functional
12324,functional
20803,functional
1092,functional
46526,functional
25530,non functional
68597,functional
9863,non functional
59532,non functional
24720,non functional
54338,functional
68299,functional
5917,functional
44068,functional
40554,functional
64739,non functional
63313,non functional
12905,functional
40974,functional needs repair
14222,functional
39959,non functional
6805,functional
6089,non functional
27282,functional
9417,functional
64838,functional
1495,functional
9746,functional needs repair
33532,non functional
22190,non functional
64329,functional
2284,functional needs repair
24046,non functional
67189,functional needs repair
9287,functional
12164,non functional
32960,non functional
7843,functional
4427,functional
7449,functional
69684,non functional
32893,functional
61072,functional
27451,functional
58307,functional
68934,functional
11530,functional
58590,functional
69884,functional
42865,functional
16159,non functional
16659,functional
16188,functional needs repair
24815,functional
25205,functional
31968,non functional
22949,functional
15567,functional
4314,non functional
30935,non functional
38708,functional needs repair
19199,non functional
18383,functional
26654,non functional
72984,functional
18767,non functional
38156,non functional
7170,functional
58057,non functional
43810,functional
48129,functional
42280,non functional
39498,functional
32778,functional
74228,functional
28416,functional
44282,functional
31263,functional
68092,functional
71216,non functional
58612,functional
41660,functional
40621,functional needs repair
57021,functional
25394,non functional
25260,functional
14062,functional needs repair
36110,non functional
25426,non functional
55946,non functional
66940,non functional
3241,non functional
60587,non functional
3295,functional needs repair
16680,non functional
36955,functional
6526,non functional
9264,functional
65493,functional
49123,functional
65387,non functional
71446,functional
15940,non functional
42436,non functional
53099,functional
40761,functional
22362,functional
33411,non functional
1660,non functional
35926,functional needs repair
38254,functional
1850,non functional
68071,functional
41003,functional needs repair
65489,non functional
69802,functional
9937,functional needs repair
45034,non functional
61333,functional needs repair
66399,functional
38030,non functional
19889,functional
42885,functional
26351,functional needs repair
41694,functional
37486,non functional
11211,functional
34701,functional
65345,functional needs repair
8466,functional needs repair
17849,non functional
39882,functional
57712,functional
23367,functional
10901,functional
57206,functional
39811,non functional
23770,non functional
48983,functional
3255,functional
4459,functional
20007,non functional
65936,functional
62361,functional needs repair
5135,non functional
20740,non functional
59680,non functional
54786,functional
64252,functional
73646,functional
13717,non functional
27330,non functional
10100,functional
11638,functional
35532,non functional
68191,non functional
4011,non functional
46753,functional
48528,non functional
36213,functional
14189,non functional
33813,non functional
19522,non functional
71647,non functional
15045,non functional
15370,non functional
14939,non functional
43947,functional
62690,functional
72679,functional
361,functional
25783,non functional
23424,non functional
41401,functional
33583,functional needs repair
27244,functional
11710,functional
24481,functional
41946,non functional
48080,functional
23010,functional
62768,functional
1002,non functional
55697,non functional
26583,non functional
9324,functional
39392,functional
49100,non functional
12039,functional
32536,functional
65539,functional
33919,non functional
35271,functional
58041,non functional
35373,functional
19657,functional
20610,non functional
7432,functional
20291,functional
69825,non functional
42287,functional
28960,non functional
6989,non functional
58052,functional
20348,non functional
8412,non functional
40936,functional
8912,functional
13892,functional
11534,non functional
10389,functional
40816,functional
41639,non functional
72142,non functional
56151,functional
20989,functional
26764,functional
64952,functional
61894,non functional
41089,non functional
47225,functional
24575,functional
39831,functional
2535,functional needs repair
65938,functional
9079,functional needs repair
43740,non functional
52792,non functional
10241,non functional
62400,non functional
60364,functional
16868,functional
50977,functional
65609,functional
33705,non functional
33086,functional
1376,functional
68366,non functional
56661,functional
30415,non functional
5612,non functional
39707,non functional
42387,non functional
21210,functional
34283,non functional
16314,functional
60399,functional
12475,non functional
42673,non functional
64400,functional
46907,functional
47377,non functional
46047,non functional
10434,non functional
34172,functional
33380,non functional
25905,non functional
52865,functional
60365,non functional
71683,functional
7221,non functional
57471,functional
37865,functional
64119,non functional
52249,non functional
39266,functional
23223,functional
61315,functional
26952,non functional
25141,functional
55025,functional needs repair
18720,non functional
67746,non functional
23458,non functional
29489,functional
12110,functional
64847,non functional
31531,non functional
56441,non functional
53388,functional
16317,non functional
46600,functional needs repair
2928,non functional
34588,functional needs repair
27076,non functional
52429,non functional
34674,functional
5153,non functional
32210,non functional
3079,functional
64320,non functional
68824,functional
37162,functional
3636,non functional
63362,non functional
47247,functional
26669,non functional
63423,functional
62599,functional
20573,functional
24335,non functional
71447,non functional
13762,non functional
46202,functional
69557,non functional
31453,non functional
36457,functional
25183,functional
15322,functional
55851,non functional
67525,non functional
51065,functional
37829,non functional
26852,functional
8405,functional
28672,functional
60088,functional
16931,functional
34929,non functional
11525,functional
47560,non functional
56289,functional needs repair
46078,non functional
56750,non functional
24175,functional
5225,non functional
42732,non functional
14656,non functional
3822,functional
39824,functional
52525,non functional
39414,functional needs repair
14887,functional
45282,non functional
2537,functional needs repair
19180,functional
52898,non functional
12084,functional
27283,functional needs repair
16618,non functional
43177,non functional
59237,non functional
72371,functional
17716,non functional
23289,functional
52630,functional
8824,non functional
65845,functional
17979,non functional
19042,functional
32277,functional
29278,functional
74236,functional
65801,functional
3564,functional
28728,functional
40774,non functional
23210,functional
20597,non functional
65526,functional needs repair
61412,non functional
19911,functional
60873,functional
60272,functional
57817,functional
43712,functional
30593,functional
44029,non functional
10744,non functional
62785,functional
30183,non functional
62247,functional needs repair
59921,functional
68284,non functional
34125,functional
56647,functional
24180,non functional
71265,functional
12941,functional
48531,functional
22989,non functional
15926,functional
31482,functional
63636,functional
28318,non functional
57685,functional
33772,non functional
59557,functional
50062,non functional
44682,non functional
71411,non functional
14040,functional
46444,non functional
73605,functional
33673,functional
541,non functional
36438,functional
59640,functional
26756,functional
43216,functional
36267,functional needs repair
28572,functional
6433,functional
52812,non functional
28796,functional
54781,functional
55777,functional
58847,non functional
41207,non functional
10817,functional
34245,functional
61397,functional needs repair
28597,functional
37136,functional needs repair
56986,non functional
46549,non functional
30603,non functional
62445,functional
70926,functional needs repair
61310,functional
36293,functional
35339,functional
39741,functional
40078,functional
26144,functional
19893,non functional
13150,functional
67622,functional
36666,non functional
1064,non functional
8107,functional
55345,functional
42621,non functional
26318,functional
30386,functional
26467,functional
44452,non functional
32817,functional
5719,non functional
57448,functional
51517,functional needs repair
68045,non functional
31336,functional
49762,non functional
67306,functional
41749,functional
19537,functional
46439,functional needs repair
42086,functional
7451,non functional
66422,functional
50468,functional
49526,non functional
26175,non functional
15626,non functional
44882,functional
26302,non functional
12051,non functional
39574,non functional
71326,functional
12872,functional
61409,non functional
28466,functional
73659,functional
28791,non functional
29297,non functional
9393,functional
34334,non functional
9077,functional
2756,functional
10848,functional
7556,functional
13359,non functional
40323,functional needs repair
50486,functional
7931,functional
70172,non functional
48845,functional
10238,non functional
12380,functional
54239,non functional
57132,non functional
55493,functional
37023,functional needs repair
24016,functional
45894,non functional
856,functional
41773,functional
24777,functional
38725,functional
29039,functional
54870,non functional
47040,functional
40438,functional needs repair
67805,functional
17007,non functional
27631,functional
63919,non functional
59194,non functional
30256,functional
34702,non functional
5521,functional
68163,functional needs repair
50372,non functional
58437,functional
31874,functional
48352,functional
17324,non functional
41130,functional
22647,non functional
49183,non functional
29685,non functional
3196,non functional
66524,functional needs repair
50899,non functional
8377,functional
59001,functional
51076,non functional
3270,functional
70815,functional
45106,functional
32056,functional
38963,non functional
5126,non functional
29964,non functional
69498,non functional
62576,functional
40524,functional
52054,functional needs repair
47015,functional
44612,functional
27486,non functional
3001,functional
8237,non functional
9518,functional
33518,non functional
57781,non functional
15350,functional
25932,functional
71727,functional
39820,non functional
3529,functional
63804,functional
58584,functional
70516,functional
53417,functional
26270,non functional
48792,functional
6937,functional
53223,functional
64430,non functional
9407,functional
10847,non functional
17619,functional
20885,functional
59426,non functional
12246,functional
31038,functional needs repair
66404,functional
62284,non functional
3682,functional
28953,non functional
72439,functional
54405,non functional
29651,non functional
21599,functional
65175,non functional
19794,functional needs repair
2238,non functional
60856,functional needs repair
50398,functional
69638,functional
33168,functional needs repair
72079,non functional
65360,non functional
51103,non functional
5616,functional needs repair
51878,functional
16305,functional
55482,functional
73913,non functional
28439,non functional
59878,functional
14103,functional
8963,functional
30440,non functional
44148,non functional
46319,functional
62472,functional
26708,non functional
8935,functional
26545,non functional
9757,functional
51661,non functional
1194,functional
57656,functional
5265,functional
11165,non functional
61289,non functional
61362,functional
33945,functional
54154,functional
72415,functional
41794,non functional
22288,non functional
45930,functional
63900,non functional
43096,functional
56945,functional
57054,non functional
1375,non functional
13913,functional
26648,non functional
55384,functional
29683,functional
27000,non functional
35361,functional
16027,functional
54763,functional
73852,functional needs repair
4746,functional
13535,non functional
25715,functional
60009,non functional
73539,functional
44453,non functional
18661,functional
38668,functional
1790,non functional
42505,functional needs repair
41665,non functional
46821,functional
2787,functional
74014,functional
71450,non functional
35677,functional
68383,non functional
64151,non functional
34318,functional needs repair
501,functional
62305,functional
15247,functional
24288,functional
30240,non functional
20777,non functional
70803,functional
70133,non functional
50866,functional
45212,functional
53838,non functional
38589,functional
48390,non functional
43744,functional
23226,functional
8847,functional
24514,functional
60231,functional
5745,non functional
51739,non functional
35253,non functional
4971,functional
53398,functional
27745,functional
70888,non functional
31683,non functional
57402,functional
24177,non functional
29350,non functional
27735,non functional
30302,functional
40885,functional needs repair
22434,non functional
62836,non functional
11463,non functional
26232,functional
66627,functional
51721,functional
25326,functional
24574,non functional
30269,functional needs repair
4554,functional
70247,non functional
41417,functional
53048,non functional
26898,functional needs repair
5587,functional needs repair
23592,functional
24197,functional
10766,functional needs repair
73432,non functional
63368,functional
67004,functional
70410,non functional
45638,functional
70794,non functional
12104,non functional
72867,functional
65676,functional
13494,functional needs repair
35948,functional
73815,non functional
57911,functional
67505,functional
17381,functional
36800,non functional
68292,functional
13983,non functional
43672,functional
70601,functional
35958,functional
52867,non functional
56854,functional
50325,non functional
54069,functional needs repair
63684,functional
34903,functional
40739,functional needs repair
3704,functional
13702,non functional
63816,non functional
31935,functional
1950,functional
51450,non functional
10291,non functional
28633,functional
2234,functional
52130,non functional
20595,non functional
16514,non functional
49416,functional
41657,functional
70853,non functional
56607,functional
38249,non functional
37013,non functional
29500,functional
25213,functional
42463,functional
51663,functional
3223,functional
12272,non functional
27247,non functional
2259,non functional
20019,non functional
38325,non functional
70258,functional
68323,functional needs repair
45738,non functional
62825,functional
9449,functional
25541,functional needs repair
52996,non functional
31186,functional
60732,non functional
51231,non functional
43733,functional
45847,non functional
55184,non functional
48398,non functional
57286,non functional
8418,non functional
67795,functional
64917,functional
19554,functional
10540,functional
4562,functional
67223,functional
10324,functional
14275,non functional
42671,functional needs repair
39405,functional
69463,functional
63890,functional
45605,functional
1829,functional
56930,functional
18639,functional
17342,functional
62391,functional
16743,functional
52608,non functional
65420,functional
59534,functional
33932,non functional
71034,functional
73409,non functional
38829,non functional
33083,functional
6779,functional
7956,non functional
56531,functional
32845,functional needs repair
52966,functional
53807,non functional
10515,non functional
57326,functional
56757,non functional
14512,non functional
8379,functional
9659,functional
18320,functional
8252,functional
29684,functional
31022,functional
42757,functional
62703,functional
74149,non functional
61364,non functional
68040,functional
16966,non functional
63069,non functional
25963,functional needs repair
51267,functional
23507,functional
64703,functional
56732,non functional
61640,functional
64811,non functional
10147,non functional
16140,functional
25103,functional needs repair
45639,non functional
17720,functional
61396,functional
19404,functional
65298,non functional
53908,functional
13113,functional
58308,functional
6065,functional
60957,non functional
53686,non functional
48749,non functional
50309,functional
40377,functional
72083,functional needs repair
30623,functional
8618,non functional
62971,non functional
61802,functional
17167,functional
54705,functional
11190,functional
30358,non functional
37012,non functional
619,functional
57814,functional
48950,functional
62387,functional
64086,non functional
26523,non functional
65095,non functional
30457,non functional
29401,functional
22287,non functional
18614,functional
47439,non functional
36493,non functional
22985,non functional
15251,functional needs repair
66602,functional
28735,functional needs repair
32216,functional
69807,non functional
38906,functional
28812,non functional
53869,functional
8952,functional
55467,non functional
35211,functional needs repair
23391,non functional
7003,functional
3658,functional
28685,non functional
37733,functional
54204,functional
64226,functional
44671,functional
46015,functional
43030,non functional
6870,non functional
36705,functional
15220,functional
43105,non functional
5600,functional
49474,functional needs repair
14173,non functional
18036,functional
60592,non functional
68056,functional
17795,functional
5335,functional
46988,functional
65884,functional
61112,non functional
55121,non functional
36956,functional
42624,functional
56548,functional needs repair
16420,functional needs repair
42503,non functional
1351,functional
9823,functional
34145,functional
31940,non functional
23500,functional
55099,functional
33927,functional
49966,functional
50302,non functional
46125,functional needs repair
20393,functional
64698,non functional
66134,functional
16892,non functional
41629,non functional
60213,non functional
32602,non functional
67317,functional
46588,non functional
27948,functional
10790,functional
55765,functional
56953,functional
16068,non functional
54904,non functional
8748,functional
9486,functional
72259,functional
44569,functional
64147,functional
40381,functional needs repair
70851,functional
49614,functional
31661,non functional
54388,functional
33319,functional
73378,functional
5688,functional
36441,functional
9763,functional
48325,functional
34266,functional
45205,functional
47185,functional
20794,functional
41974,functional
69678,functional needs repair
65203,functional
11308,non functional
9154,functional
19327,non functional
62275,non functional
12637,functional
32553,non functional
16045,non functional
7889,functional
54506,non functional
20656,non functional
26121,functional
10102,functional
73331,functional
17593,non functional
69021,non functional
27971,functional
16839,functional
39591,non functional
72764,non functional
51775,non functional
60605,non functional
35430,functional needs repair
20972,non functional
44855,functional
65159,functional
70093,non functional
10033,functional needs repair
1281,functional
54011,non functional
61718,non functional
12286,functional
55406,functional
17891,functional
56539,functional
26022,non functional
11831,functional
54789,functional
33019,non functional
30204,non functional
45842,functional
70297,non functional
29983,non functional
61341,non functional
11504,non functional
22641,functional
22058,non functional
29805,functional needs repair
56612,functional
49541,non functional
24924,non functional
30847,non functional
4674,non functional
678,functional
14698,non functional
2469,non functional
11597,non functional
52142,functional needs repair
69517,functional
31725,functional needs repair
6755,functional
23066,non functional
65861,non functional
70054,non functional
12035,non functional
49772,functional
9015,functional
35326,non functional
48789,non functional
8678,functional
12785,functional
49008,functional
9173,non functional
48765,functional
39069,functional
44186,non functional
57121,functional needs repair
38196,functional needs repair
54509,functional
11586,functional
66000,functional
50836,functional
5247,functional
39585,functional
146,functional
50435,non functional
28081,non functional
33902,functional needs repair
1113,functional needs repair
32007,functional
68181,non functional
59543,functional
62097,functional
62175,functional needs repair
9739,functional
33172,functional
25175,functional needs repair
1646,non functional
36612,functional
7008,functional
62015,functional
25408,non functional
21997,functional needs repair
19091,non functional
70595,non functional
67253,non functional
54886,functional
32953,non functional
70567,functional
50058,functional
54349,functional
4906,functional
46622,functional
1614,functional
38780,functional
1682,non functional
30990,non functional
63246,functional
42955,functional
62642,non functional
44986,non functional
27821,non functional
72804,functional
35563,non functional
29411,functional
23012,functional
73776,functional
71060,non functional
11927,functional
50092,functional
43113,functional
44840,non functional
23713,functional needs repair
73412,functional
46233,functional
20274,functional
67037,non functional
45945,functional
38327,functional
62800,functional
16397,functional
5477,functional
51236,non functional
27784,functional needs repair
21320,functional
36399,functional
20784,functional needs repair
28850,non functional
30046,non functional
1062,functional
17879,functional
19924,non functional
41676,functional
66709,non functional
35697,functional
7488,functional
11610,functional
46578,functional
41689,non functional
60770,functional
38584,functional
47011,functional
22128,functional
46769,functional needs repair
65243,functional
49856,non functional
70381,functional needs repair
57881,functional
29281,non functional
15150,functional
43356,non functional
14407,functional
47792,functional
25600,non functional
28667,functional
59420,functional
20990,functional
29578,non functional
27711,functional
19088,functional
67315,functional needs repair
66783,functional
53684,non functional
23668,functional
21214,functional needs repair
30164,non functional
62068,functional
1339,functional needs repair
18281,functional
38377,non functional
47284,non functional
38205,non functional
19313,non functional
73157,functional
43082,non functional
26822,functional
45253,non functional
35228,functional
11294,functional
63950,functional
67586,functional
33926,functional
46175,functional
60513,functional needs repair
36780,non functional
33166,non functional
51815,functional
33109,functional
45335,non functional
43718,functional
44566,non functional
49854,functional
54195,functional needs repair
20359,functional
51729,functional
12789,non functional
28257,non functional
11809,functional
28640,functional
45867,functional
1637,non functional
17241,non functional
4227,functional
13066,non functional
21754,functional needs repair
4828,functional
49939,non functional
25524,functional
59515,non functional
2499,functional
50565,non functional
46707,functional
17224,non functional
37768,non functional
20611,functional
22308,functional needs repair
26841,non functional
6598,functional
56129,functional
69353,functional
67001,functional
57608,functional needs repair
32381,functional
36724,functional
48239,non functional
2543,functional
19308,non functional
71962,functional
25790,functional
34806,functional
67497,non functional
20695,functional
40622,non functional
44334,functional needs repair
8158,non functional
21685,non functional
26427,non functional
57896,functional
26172,functional
45473,functional
68523,non functional
27180,functional
56673,functional
39751,functional
66401,functional
43485,functional needs repair
39402,functional
69344,non functional
68590,non functional
29870,functional
32054,non functional
31070,functional needs repair
58127,functional needs repair
52837,non functional
29347,non functional
1696,functional
10597,functional
63939,non functional
41567,non functional
18037,functional
64307,functional needs repair
45984,functional
28858,functional
24307,functional
35280,non functional
20668,functional
20865,functional
58751,functional
72374,non functional
1190,non functional
27091,non functional
28589,functional
14640,functional
14421,functional
2273,functional
55769,non functional
15650,non functional
22289,functional
40004,non functional
22365,functional
6217,non functional
50510,functional
57141,functional
47611,non functional
27232,non functional
42923,non functional
56431,non functional
51805,non functional
20841,non functional
74129,non functional
42069,functional needs repair
26846,non functional
16977,functional
40021,functional
74163,functional
41711,functional
17976,functional
57556,non functional
54053,functional
1573,functional
40528,functional
54656,functional
29113,non functional
2927,functional
34692,functional
59581,functional
30032,functional
4125,non functional
711,non functional
29370,functional needs repair
18869,non functional
24388,functional
57946,functional
26809,functional
31145,non functional
52070,non functional
19488,functional needs repair
28367,functional
63188,functional
16880,functional
40552,functional
47967,functional
51549,functional
14433,functional
29133,non functional
13182,functional needs repair
11015,non functional
24503,non functional
19385,non functional
692,functional
40216,functional
55496,non functional
34600,functional
15490,non functional
57761,functional
27160,non functional
69577,functional
63721,functional needs repair
21763,functional
2958,functional
5551,non functional
52647,functional
49362,functional
8990,functional
73600,functional
65099,non functional
44493,functional
55202,functional
70518,functional
61639,functional
71702,functional
47472,functional
7755,functional
65279,functional needs repair
9772,functional
48518,functional
1588,non functional
56218,non functional
42477,non functional
66732,non functional
11760,functional
65922,non functional
40361,functional needs repair
70254,non functional
64519,functional
21392,functional
1584,functional needs repair
15503,functional
8769,non functional
51531,functional
70399,functional
54538,functional
61417,functional
70587,non functional
11447,functional needs repair
64063,non functional
56712,functional
52862,non functional
29533,non functional
33894,functional
49628,non functional
22808,non functional
20172,non functional
51168,functional
7059,non functional
72724,functional needs repair
54315,non functional
25781,functional
16137,functional needs repair
18096,functional
36193,non functional
61710,functional
51115,non functional
51355,non functional
740,functional
60215,non functional
62625,non functional
24036,functional needs repair
47307,functional
17859,functional needs repair
40012,non functional
57100,functional needs repair
57249,non functional
16112,non functional
5147,functional needs repair
36745,functional
22158,functional
677,functional
34644,non functional
18344,functional
34057,non functional
46965,functional
63826,functional
47590,functional
21803,functional
8411,functional
41253,functional
7981,non functional
43952,non functional
59332,functional
32543,functional
60467,functional needs repair
9457,non functional
31175,functional
34982,non functional
19977,non functional
19739,functional needs repair
69523,non functional
14281,functional
8013,non functional
66745,functional
55904,non functional
73078,non functional
58988,non functional
10180,non functional
8940,functional
4248,non functional
8400,functional
37591,non functional
57693,non functional
30048,non functional
52193,functional
15122,functional
11721,functional
49253,functional
37467,non functional
2224,non functional
13874,functional
56760,functional
50009,functional needs repair
46744,functional
50477,functional
5741,non functional
65135,functional
7410,non functional
65776,functional
19048,non functional
42254,functional
67649,non functional
56282,non functional
63412,non functional
43273,functional
61292,functional
18032,functional
25577,non functional
2130,functional
69339,functional
43589,non functional
59213,functional
6387,functional
36895,functional
50461,functional
32039,non functional
21902,non functional
4057,non functional
24599,functional
18815,functional
43906,non functional
64432,non functional
10619,functional
65860,functional
33374,functional
11503,non functional
368,functional
62004,non functional
41549,non functional
50584,functional
27923,non functional
46663,non functional
56886,functional
164,functional
61152,non functional
31558,functional
22806,functional needs repair
51334,functional needs repair
74167,non functional
38893,non functional
66199,functional needs repair
6299,non functional
55137,non functional
34413,functional
73766,functional
46998,functional
13738,non functional
43499,non functional
53748,non functional
29937,functional
39345,non functional
30648,non functional
54756,functional
65237,functional
32750,functional
47391,functional
34810,functional
32649,functional
42392,functional
61473,functional
13972,non functional
49038,functional
69835,functional
62631,functional
71381,non functional
46552,non functional
65626,non functional
29027,functional
1802,functional needs repair
13281,functional
66655,functional
62662,non functional
49473,functional
47534,functional
43748,functional
3475,non functional
8611,functional
3495,functional
70540,non functional
43861,functional
24768,functional needs repair
3755,functional
11395,non functional
13754,functional
36686,functional
40943,functional
59086,functional
57634,functional
28964,non functional
71630,functional
34627,non functional
24603,functional
72712,non functional
26461,functional
71836,functional
9235,non functional
53355,functional
39698,non functional
48364,non functional
37585,non functional
54198,functional
48305,functional needs repair
53518,non functional
70084,functional
36084,functional
4297,functional
42959,functional needs repair
69378,functional
13701,functional
17504,functional
70890,functional
61775,non functional
8872,non functional
65457,non functional
19121,non functional
7683,non functional
55201,functional
36166,non functional
58958,functional
4017,functional
32350,non functional
16506,functional
64278,functional
34761,functional
39109,functional needs repair
38882,non functional
39257,non functional
64122,functional
61029,non functional
54090,functional
31509,functional
48507,functional
72375,functional needs repair
26405,functional
27683,functional
30464,functional
67728,functional
28898,functional
66803,non functional
41593,non functional
20118,functional needs repair
35976,functional
58030,functional
18678,functional needs repair
8136,functional
9440,functional
71221,non functional
1778,functional
50857,functional
65732,functional
73295,functional needs repair
44508,non functional
62582,non functional
53866,non functional
38620,non functional
7311,functional
48040,non functional
41976,non functional
6664,non functional
56682,non functional
50179,non functional
47643,functional
44784,functional
6760,non functional
55424,functional
49009,functional
6044,non functional
29990,non functional
25404,non functional
16748,non functional
67983,functional
603,functional
20749,non functional
38307,functional
66748,non functional
8811,functional needs repair
15387,non functional
67868,functional
25053,non functional
34564,non functional
37515,functional
32466,non functional
21975,functional
33390,non functional
49994,functional needs repair
65006,non functional
9040,non functional
64941,non functional
45366,non functional
70671,functional needs repair
36352,non functional
55330,functional
4319,functional
68643,non functional
3922,functional
7248,functional
22031,functional
6050,functional
28400,functional
14941,functional
30598,non functional
52190,non functional
59039,non functional
46266,functional needs repair
30951,functional
16339,functional
49656,functional
31903,functional
54738,functional
65254,functional
29138,functional
46302,non functional
37868,functional
36231,functional needs repair
60772,non functional
63402,non functional
9550,functional needs repair
6248,functional
61429,non functional
20089,non functional
1551,functional needs repair
1624,functional
40755,functional
26991,functional
26690,functional
70175,functional
26970,non functional
1087,functional
20814,functional
19652,functional
6917,functional
24893,functional
8419,functional
51731,functional
22906,functional
66204,functional
68696,functional
6715,non functional
42286,functional
52692,non functional
64160,non functional
19614,functional
35454,functional
1174,functional
28107,non functional
59563,functional
23383,non functional
71073,functional
30985,non functional
29765,non functional
46316,functional
46198,functional
1750,functional
7586,functional
10783,non functional
60632,non functional
3968,functional
66063,functional
70864,non functional
11478,functional
61677,functional
60585,non functional
6632,non functional
58557,non functional
20811,functional
30088,functional needs repair
36201,functional
68216,functional
51884,functional needs repair
12342,functional
53527,functional
70260,functional
16421,functional
69555,functional
67654,non functional
21838,functional
15760,functional
6515,functional
40188,functional
38429,functional
65972,functional
23584,non functional
7219,functional
6076,functional
73020,functional
55625,functional
10832,non functional
73259,functional
6813,functional
40066,functional
6058,functional
58255,functional
14446,non functional
29448,non functional
60302,functional
36255,non functional
38535,functional
29306,non functional
72018,non functional
55943,functional
59074,non functional
28027,functional
71229,functional
44832,non functional
2824,functional
6579,functional
30616,functional
65736,functional
23200,functional
22583,non functional
61335,functional
70940,non functional
51297,non functional
20807,non functional
6469,functional
49608,functional
45936,functional
5058,functional
19401,functional
30304,functional
20840,non functional
42221,functional
44318,non functional
30130,functional
14396,functional
69166,non functional
69901,functional
65167,functional
6665,non functional
45619,functional
41570,non functional
23708,non functional
67163,functional
39135,functional
64363,functional
19974,functional
53448,non functional
8784,non functional
61823,functional
47707,non functional
49787,non functional
42292,functional
29563,non functional
33282,non functional
30210,functional
64740,functional needs repair
49853,non functional
51389,functional
52988,non functional
55387,non functional
55787,functional
59220,functional
35506,functional
9096,functional needs repair
17193,functional
594,non functional
35589,functional
16921,non functional
35090,functional
71375,functional
69645,non functional
44346,functional
26168,non functional
47618,non functional
60099,non functional
31945,non functional
44993,functional
60293,non functional
19142,non functional
28565,non functional
72735,functional
43735,functional
2092,non functional
33709,functional
17725,non functional
56210,non functional
37412,non functional
4994,non functional
11907,functional
68952,functional needs repair
69677,non functional
69980,functional
15896,functional
6040,functional
8070,functional
36849,functional
45675,non functional
13871,functional
68648,functional
5690,functional
12280,functional
49438,non functional
41722,non functional
20505,non functional
6644,functional
27002,functional
23,non functional
25838,functional
64321,functional
7946,functional
13796,functional
48307,functional
46221,non functional
57835,non functional
41260,non functional
69689,functional needs repair
7602,non functional
57051,functional
65886,functional needs repair
29042,non functional
54863,functional
49225,functional
63784,functional
1321,non functional
48705,functional needs repair
69117,functional
53783,functional needs repair
44706,functional
32017,non functional
5789,functional
30703,functional
14071,functional
44174,non functional
29935,non functional
40567,functional
51698,functional
11115,functional
32945,functional needs repair
16758,non functional
51345,functional
8853,functional needs repair
39116,non functional
11390,functional needs repair
39484,functional
7151,non functional
61986,non functional
57660,functional
46056,functional
13279,non functional
71941,non functional
72639,non functional
62072,functional needs repair
45516,non functional
29108,functional
69977,functional
40090,non functional
51548,functional
71568,non functional
40611,non functional
14065,non functional
10417,non functional
41485,non functional
61533,functional
38365,non functional
26441,non functional
57460,functional
47037,functional
54734,functional
6290,functional
51481,functional
12766,functional
49969,functional
23361,functional
29033,non functional
2895,functional
72154,functional needs repair
39603,functional
40801,functional
68600,non functional
3645,functional
58839,functional
72848,non functional
4945,non functional
26163,functional
21967,functional
26605,functional needs repair
31123,functional
4270,functional
27572,functional
26789,functional needs repair
40311,functional
36420,functional
25417,functional
51184,functional
64008,functional
32550,non functional
39987,functional
57573,functional
15279,non functional
11082,functional
18955,functional
17088,functional
4928,functional
30931,functional
13601,functional
18999,functional
49508,non functional
3337,functional
63952,functional
34605,functional
55567,functional
26929,non functional
43514,functional needs repair
27977,functional
55869,functional
68421,functional needs repair
62188,functional
71518,functional
30768,non functional
50266,functional
25807,non functional
24216,non functional
137,functional
29552,functional needs repair
8985,functional
62339,non functional
56420,functional
4241,non functional
40582,non functional
6662,functional
48060,functional
13377,non functional
14219,functional
23559,functional
6420,non functional
52579,functional
8731,non functional
42600,functional
14962,non functional
8029,functional
51573,functional
11381,non functional
19712,functional
38162,non functional
39874,functional
52735,non functional
55706,functional needs repair
17967,non functional
66884,functional
3818,non functional
51765,non functional
14479,functional
25529,non functional
45096,functional
29023,functional
60872,non functional
66834,non functional
53045,functional
49389,functional
67588,non functional
9115,non functional
51968,functional
38729,functional
21557,non functional
13008,non functional
18621,non functional
40019,non functional
71030,functional
18455,functional
23536,non functional
50883,functional
12957,functional
42730,non functional
38100,functional
28583,functional
4847,functional
31382,non functional
13843,functional
70194,functional
16123,non functional
28530,functional
5926,non functional
73387,non functional
2591,functional
1667,non functional
29771,functional
13858,functional needs repair
5711,non functional
71392,non functional
5718,functional
69201,functional
70438,non functional
60750,functional needs repair
13292,functional
2920,functional
74199,non functional
51828,non functional
35158,non functional
59164,non functional
36269,non functional
47839,non functional
25725,functional
68703,non functional
60544,non functional
33627,functional
42976,non functional
70754,non functional
25361,non functional
58648,non functional
5784,non functional
16927,non functional
28843,functional
15729,non functional
16180,functional
62594,non functional
33542,non functional
20395,non functional
21301,functional
8907,non functional
29641,functional
50073,functional
73817,functional
1791,functional
66931,non functional
48795,functional needs repair
73055,functional needs repair
50841,functional
35832,non functional
44021,non functional
30265,functional
20833,functional
42359,non functional
31152,functional
5871,functional
20451,functional
69197,functional
15014,functional
48641,non functional
45086,non functional
20176,functional
17176,functional
16173,functional
59179,functional
33313,non functional
58565,functional
50070,functional
12623,functional
2982,non functional
71249,non functional
4942,non functional
53196,functional
36324,functional
3918,non functional
55187,functional
8609,non functional
43951,functional
55602,functional
55417,non functional
14680,functional
51432,functional
21241,non functional
46865,non functional
47326,functional
51374,functional
14633,functional
40471,functional
29716,functional
41701,non functional
32202,non functional
37536,functional
26941,functional
69552,non functional
64594,functional
71732,non functional
3183,functional
21536,functional
54664,functional
50403,functional
53251,functional
249,functional
56795,non functional
67648,functional
10376,non functional
61148,functional
55734,functional
18542,non functional
47428,non functional
9918,functional
60378,non functional
23256,functional
19956,functional needs repair
47908,functional
9837,functional
43619,functional needs repair
36004,functional
39632,non functional
28711,functional
46429,non functional
53573,functional
54080,functional
29149,functional
63046,functional
58977,non functional
33832,functional
61740,non functional
21097,non functional
65434,non functional
53945,non functional
29047,functional
73754,non functional
50606,non functional
1940,functional
66301,non functional
40654,functional
65040,non functional
25839,functional
25488,functional
5782,functional
59930,functional
57727,functional
65817,functional
69173,functional
33788,functional
60158,functional
10203,functional
20004,functional
52143,functional
40467,functional
37630,non functional
11274,non functional
14013,non functional
41867,functional
17222,functional
59035,non functional
34225,functional needs repair
66159,functional
59491,functional needs repair
70317,non functional
42913,non functional
51077,non functional
70966,functional
19390,functional
3340,functional
43573,functional
60725,functional
25101,non functional
20462,functional
68370,functional
26868,functional
41896,non functional
44583,functional
10164,functional
11380,functional
72323,non functional
64421,functional
12206,functional
66812,non functional
22772,functional
784,functional
7527,functional
30758,functional
15609,functional
49151,functional
25816,non functional
71344,functional
35972,functional
67676,functional
58936,functional
29886,functional
1115,functional
31004,functional
2103,non functional
35896,functional
7131,non functional
41829,non functional
29679,functional
59529,functional
69979,functional
42426,functional
43173,functional
26862,functional
21858,functional
43323,functional needs repair
43103,non functional
23238,non functional
38258,functional
41261,non functional
41739,functional
9080,non functional
41053,non functional
6066,functional
54363,functional
17927,functional
57112,functional
46542,non functional
57289,non functional
10419,functional
47342,functional
70877,functional
15733,functional needs repair
28125,non functional
27666,functional
48774,functional
14562,functional
62377,non functional
55060,functional needs repair
58856,functional
6305,functional
4995,non functional
64772,non functional
46627,non functional
28455,functional
35218,functional
944,non functional
5845,functional
66793,non functional
4107,non functional
71803,functional
2412,functional needs repair
22516,functional
31776,functional
25238,functional
9980,non functional
12845,functional
52610,non functional
15103,functional
64986,functional
67453,functional
10511,functional
11637,functional
49360,functional
52389,functional
7563,functional
65248,non functional
42238,non functional
11915,non functional
66985,non functional
5793,non functional
34760,non functional
63747,functional
9887,functional
54458,functional
33886,non functional
62624,functional
6159,non functional
60715,functional
56533,non functional
38304,functional
54514,functional
68823,non functional
21135,non functional
8117,non functional
70041,functional
51873,functional
36272,functional
51723,functional
26533,functional
2089,functional
51141,functional
8023,functional
59855,functional
66225,non functional
71236,functional
38543,functional
55528,functional
23682,functional needs repair
45042,functional
66543,functional
63404,functional
33738,non functional
11769,functional
61193,functional
28255,functional
45667,functional
62564,functional
27636,functional needs repair
62722,functional needs repair
30564,functional needs repair
28295,functional
37315,non functional
34659,non functional
49154,functional needs repair
26775,non functional
18493,functional
23812,non functional
33460,functional
63925,non functional
22729,functional
657,non functional
12875,functional
19167,functional
16708,functional
7657,non functional
69692,non functional
14270,non functional
42001,functional
23273,functional
41008,functional
29943,functional needs repair
69820,non functional
18010,functional
18859,non functional
32378,functional
4087,functional
39817,functional
21235,functional
25902,non functional
55053,non functional
34374,non functional
65358,functional
21040,non functional
3568,functional
53703,functional
22791,functional
261,functional
10580,non functional
45405,functional
43187,functional
36670,functional
2291,functional
57088,functional needs repair
61175,functional
54031,functional
27468,functional
22197,non functional
3842,functional
17871,functional
32358,functional needs repair
49693,functional needs repair
10403,functional
2397,functional
58581,non functional
31379,functional
27135,functional
10341,non functional
47249,non functional
19981,functional
74072,functional needs repair
29353,functional
1698,non functional
13178,functional
45169,non functional
14177,functional
20228,functional
59663,functional
65733,functional
5641,functional needs repair
1751,functional
21784,non functional
65436,functional
1879,non functional
31886,non functional
13076,non functional
56007,functional
35724,functional
42386,non functional
29794,functional needs repair
35277,non functional
39976,non functional
53715,non functional
36570,functional
19851,functional
66607,non functional
32508,non functional
72720,functional
5128,functional
57961,non functional
50694,functional
10050,non functional
4650,functional
7056,non functional
67898,functional
20774,non functional
57450,functional
67670,functional
66749,functional needs repair
60965,functional
53070,functional
42141,non functional
69455,functional
73809,non functional
67909,functional needs repair
64885,functional needs repair
64064,functional
9906,functional
53109,non functional
17531,functional
62838,functional
67880,functional
35618,non functional
59489,functional
39384,non functional
38074,functional needs repair
45240,non functional
1757,functional
45226,functional
69988,functional needs repair
328,functional
3357,functional
62166,non functional
65147,functional
43062,functional
48947,functional
61602,non functional
38613,functional needs repair
69869,functional
10478,non functional
45286,non functional
40260,functional
20433,functional
4688,non functional
52827,functional needs repair
64910,functional
7479,non functional
62735,non functional
31841,functional
1668,functional
32428,non functional
7578,functional
67444,functional
57965,functional
24817,functional needs repair
36198,non functional
61390,functional
49131,functional
33861,functional
16914,functional
11155,functional
22142,functional
57317,non functional
38021,non functional
15359,non functional
3242,functional
60539,functional
24061,functional
63911,non functional
21464,non functional
34994,non functional
72815,functional
71358,functional
67110,non functional
11807,functional
41430,non functional
72556,functional
53040,functional needs repair
7972,functional needs repair
61516,functional
51313,functional
33985,functional needs repair
41066,non functional
14180,non functional
6539,non functional
3075,non functional
71797,functional
69210,functional
36986,functional
65813,functional
27005,functional
16736,non functional
33874,functional
12917,non functional
43317,non functional
39001,non functional
21198,functional
44995,non functional
26082,non functional
43800,functional
56201,functional
33010,functional
59159,non functional
42019,non functional
17524,functional needs repair
614,non functional
61958,non functional
48715,functional needs repair
37579,non functional
57122,non functional
33851,functional
41365,functional
19754,non functional
12761,functional
56336,functional
676,functional needs repair
49687,non functional
52147,functional
23844,functional
26682,functional
14462,non functional
4523,functional
3675,functional
48654,functional
6435,functional
44276,non functional
61154,functional
46528,non functional
14016,functional
48932,non functional
3238,functional
28567,functional
27277,non functional
11984,non functional
14001,functional
49797,functional
63609,functional
53028,functional
29838,functional
69476,functional
16035,non functional
31994,functional
61358,non functional
70003,non functional
58058,functional
50536,functional
7055,functional
15072,functional needs repair
2699,non functional
199,functional
58033,non functional
27841,functional
23924,functional
4036,non functional
18262,functional
19293,functional
67522,functional needs repair
56975,functional
25810,functional
69589,functional needs repair
41837,functional
19382,functional
42575,non functional
56251,non functional
72615,non functional
55307,non functional
60657,functional
26067,functional
28656,functional
56687,functional
17427,functional
16202,non functional
59011,functional
2497,functional
48294,non functional
17102,non functional
73695,functional
37957,functional
59688,non functional
70462,non functional
10042,non functional
51136,non functional
36509,non functional
34887,non functional
47479,non functional
37076,functional
5568,non functional
53959,non functional
57458,functional
53379,functional
68743,functional
7284,non functional
67577,functional
53979,non functional
31146,functional
17824,functional
14097,non functional
70233,non functional
63142,functional
18551,functional needs repair
31432,functional
68813,functional
69649,functional
46850,functional
10227,non functional
48538,functional
15319,functional
13804,functional
46711,non functional
69220,non functional
22007,functional
66846,functional
25078,functional
26004,functional needs repair
61831,non functional
4494,functional
53233,functional needs repair
29626,functional
8875,functional
53987,functional needs repair
68821,non functional
18357,non functional
52223,functional
57559,functional needs repair
53021,functional
62749,non functional
42033,non functional
21028,functional
37030,non functional
27320,functional
53565,functional
42961,functional
30068,functional
46728,functional
60322,functional
34915,functional
58199,functional
53200,functional needs repair
9706,functional
24881,functional needs repair
50183,functional
51774,non functional
36624,non functional
26160,functional
3826,non functional
67609,functional needs repair
71712,non functional
30089,functional
60470,functional
1619,functional
51687,functional
46899,non functional
47047,non functional
17454,functional
49341,functional
5337,functional
66513,non functional
41623,functional
25698,functional
5705,non functional
9783,functional
73959,non functional
25899,functional
59259,functional
23806,non functional
40760,non functional
12984,functional
59899,functional
62888,functional
37415,functional needs repair
48939,functional
63924,functional needs repair
2464,functional needs repair
20926,non functional
54527,non functional
27769,non functional
12166,functional
72244,functional
43667,non functional
71916,functional
30160,functional
32589,functional
20860,functional
51508,functional
65042,functional
35045,functional
66228,non functional
14277,functional
44247,non functional
39969,non functional
74003,functional
15055,non functional
19785,functional
70333,non functional
45789,functional
71181,non functional
37595,functional
44918,non functional
24751,functional
66697,non functional
9027,functional
27226,non functional
44848,non functional
937,non functional
53981,functional
45740,non functional
23742,functional
62524,non functional
4220,functional
28908,functional
9801,functional
39172,non functional
37441,non functional
50216,functional
33715,non functional
32671,functional
51102,functional needs repair
37095,functional
33849,functional
65461,non functional
42977,non functional
69195,non functional
27389,functional
40913,functional
15845,functional
43887,non functional
70552,functional
5899,non functional
44646,non functional
40465,functional
48482,non functional
19683,functional
71622,functional
62205,non functional
38180,functional
990,functional
15191,functional
36851,functional
59212,functional
62878,functional
34244,non functional
48448,non functional
55938,non functional
48888,functional
7438,non functional
11499,non functional
32260,functional needs repair
25179,non functional
10255,non functional
19783,non functional
36138,functional
68607,functional
23603,non functional
10312,non functional
17521,non functional
58124,functional
20290,functional
37542,functional
55152,functional
57136,functional
25710,functional
11326,non functional
56779,functional needs repair
39212,non functional
39941,functional
27400,non functional
38010,functional
47019,functional
25508,functional
51755,functional
19263,functional
15730,functional
30608,functional
54357,functional
38957,functional
27050,non functional
14334,functional
31985,non functional
41453,non functional
19536,functional
29341,non functional
27065,functional
20494,functional
69786,functional
53449,non functional
10339,functional
23456,non functional
35141,functional
41845,functional
68116,non functional
69735,functional
57056,non functional
48095,non functional
3303,functional needs repair
40652,functional needs repair
32362,functional
34749,functional needs repair
35725,functional
45231,functional
11756,functional
10952,functional
23369,non functional
49000,non functional
22143,functional needs repair
14096,functional needs repair
8647,functional
33051,non functional
38133,functional
53770,functional
5000,non functional
64810,functional
11982,functional
47067,non functional
65195,non functional
16660,non functional
31461,non functional
72321,non functional
63081,functional
38357,non functional
71511,functional
67782,functional
72725,functional needs repair
47205,functional needs repair
34052,non functional
63143,functional
25693,functional
21747,functional
65030,functional
37564,functional
47261,non functional
25501,non functional
48658,non functional
25289,functional
72196,non functional
417,non functional
49035,non functional
14990,non functional
730,functional
8814,functional
20846,non functional
15622,functional
58679,functional
55688,non functional
26498,functional
43876,functional
67642,functional
51960,non functional
22178,non functional
6945,non functional
32812,non functional
48073,functional
46479,functional
33881,non functional
60379,functional
4817,functional
51780,non functional
65085,non functional
34297,functional
16725,non functional
39208,functional
27669,non functional
29174,non functional
64948,functional
47638,non functional
33221,non functional
12759,functional
21417,non functional
59566,functional
47526,non functional
53988,non functional
26933,non functional
67169,functional needs repair
42266,non functional
19018,functional
18636,non functional
8092,functional
59710,functional
52060,functional needs repair
40781,functional
7727,non functional
1904,non functional
33207,functional
16786,functional
65276,functional
31869,functional
19211,functional
22282,functional
26043,functional
66788,functional
34406,non functional
40277,non functional
23954,functional
35637,functional
36736,non functional
15463,functional
51952,functional
45654,non functional
12239,functional needs repair
69967,functional
22191,functional
6323,non functional
13742,functional
63445,non functional
73935,functional
27939,functional
37570,functional
29945,non functional
42719,non functional
5980,functional
12459,non functional
8096,functional
15525,functional
65572,functional
30668,functional
38612,non functional
11583,functional needs repair
41680,non functional
5288,functional
27038,functional
41487,non functional
63040,functional
47076,non functional
68499,functional
68605,non functional
22201,non functional
14070,non functional
29604,functional
63746,functional
28280,non functional
60195,functional
55381,functional
45411,non functional
27967,functional
20874,non functional
29536,functional
45161,functional
8408,functional
60649,non functional
59181,functional
47357,functional
48039,non functional
50323,non functional
69120,non functional
42878,functional
35455,functional
30579,functional
52246,functional needs repair
18146,functional
50531,functional
53952,functional
30779,functional
56736,non functional
53530,non functional
41831,functional
50406,non functional
43708,functional needs repair
46645,functional
34147,non functional
58723,functional
56911,functional
52902,functional
59028,non functional
30753,functional
46216,functional
43400,functional
30231,functional
19529,functional
43447,functional
32408,non functional
67420,functional
14403,non functional
65808,functional
72671,functional
66327,non functional
31981,non functional
53420,non functional
37364,non functional
21841,non functional
35038,functional
33918,non functional
29692,functional
13317,functional
45381,functional
23164,functional
19736,functional
66870,functional
66570,non functional
6604,non functional
52583,functional
20640,functional
17090,functional needs repair
54940,functional needs repair
42435,functional
9083,non functional
64009,non functional
17903,functional
39719,functional
52288,non functional
34736,functional
33888,functional
58443,functional
56620,non functional
53413,non functional
57854,functional
2492,non functional
14415,functional needs repair
58713,functional
66597,functional
50293,functional
6340,non functional
22592,functional
5455,functional
61934,functional
1199,functional
60970,functional
44633,functional
36245,non functional
23433,functional
21406,non functional
15096,functional
15026,non functional
51358,functional
14655,functional
63126,non functional
65482,functional
40125,functional needs repair
11724,non functional
69384,non functional
23292,functional
10044,non functional
27886,functional needs repair
5378,functional needs repair
58428,non functional
32199,functional
53563,functional
40415,functional
55676,non functional
66218,non functional
57242,non functional
16190,functional
45037,functional
62717,functional needs repair
44639,functional
3628,non functional
14167,functional
61792,functional
72090,functional needs repair
12245,functional
40225,functional
43930,functional needs repair
3396,functional
54166,non functional
4702,non functional
17860,functional
31020,functional
45471,functional
60150,non functional
47709,functional
7594,non functional
71664,non functional
27628,functional
8244,functional
34006,functional
22088,functional needs repair
16632,functional
58888,non functional
44502,non functional
26184,functional
16320,functional needs repair
74077,non functional
72886,non functional
9229,non functional
47653,functional
49808,functional
40146,non functional
37556,non functional
44134,functional needs repair
59094,non functional
50948,functional
32127,functional
38267,functional needs repair
40941,non functional
18845,functional needs repair
19975,functional
63101,functional
56839,functional
8255,functional
31391,non functional
36266,functional
46734,non functional
9450,functional
38248,functional needs repair
10245,functional
7320,non functional
8478,functional
71340,non functional
66492,functional
11798,functional
59880,functional needs repair
59138,functional
70638,functional
6282,functional
29111,functional needs repair
36209,functional
26059,non functional
20778,functional
15478,non functional
62956,functional needs repair
29656,functional
3286,functional
68287,functional
43987,functional
43133,functional
5030,non functional
16836,functional
37344,functional
39171,non functional
69837,functional needs repair
38186,non functional
21955,functional
8555,non functional
20322,functional
60656,functional needs repair
26324,non functional
15286,functional
53344,functional
51870,functional
54155,functional
6627,functional
41126,non functional
18358,non functional
69416,functional
589,functional
26627,functional
71954,non functional
15169,functional
41022,non functional
21073,functional
7149,functional
14155,functional
50737,non functional
66125,functional
33307,non functional
46793,non functional
68159,functional needs repair
70141,functional needs repair
20179,functional
33235,non functional
22212,functional
7180,functional
41601,functional
57272,functional
58709,non functional
7792,functional
14335,functional
69983,non functional
17028,functional
21078,non functional
22907,functional
33253,non functional
5702,non functional
2749,functional
12045,non functional
66464,non functional
59517,functional
3519,functional
22693,non functional
63435,non functional
48464,functional
54562,functional needs repair
32716,functional
11349,functional
69170,functional
49046,non functional
44785,functional needs repair
1689,functional
67105,functional
12082,non functional
2428,functional needs repair
54682,non functional
21139,non functional
38223,functional
67763,functional
16879,non functional
44524,non functional
6345,functional
49413,functional
56850,functional
33647,non functional
50370,non functional
4599,non functional
22500,non functional
46921,functional
33946,non functional
22664,non functional
19553,functional
13314,functional needs repair
45219,functional
17247,non functional
69774,functional needs repair
9421,functional
35512,functional
14434,non functional
51650,non functional
48952,functional
31771,functional
73286,functional
58264,functional
70951,non functional
71087,non functional
7577,non functional
28686,functional
15330,functional
65578,non functional
4478,functional
49107,functional
21341,functional
6546,non functional
39367,non functional
44078,non functional
56602,functional
44567,functional
25438,functional needs repair
30159,functional
40446,functional
1556,functional
64106,functional
37605,non functional
60545,non functional
69574,functional
70218,functional
28485,functional
64971,functional
41882,non functional
27938,non functional
20492,non functional
4343,functional
44636,non functional
66287,functional
24372,functional needs repair
47385,non functional
2708,functional
11659,functional
24589,non functional
37810,functional
443,functional
6798,non functional
20407,functional
17072,functional
55761,functional
64580,functional
25875,non functional
25355,non functional
3903,functional
73512,non functional
34830,functional
57698,non functional
60723,functional
31989,non functional
65438,non functional
29359,non functional
24199,non functional
20819,functional
30893,non functional
302,functional
10452,functional
39839,functional
9397,functional
23241,functional
73288,non functional
26866,functional
59211,functional
72349,functional
12550,functional
36181,functional
46428,functional
27619,functional
66992,non functional
49804,functional
53767,functional needs repair
26642,functional
20780,non functional
3943,non functional
66765,non functional
51584,non functional
45012,functional
20596,functional
22408,functional needs repair
24244,non functional
65329,functional
21140,non functional
69539,non functional
39226,non functional
15516,functional
20333,non functional
63334,non functional
29515,functional
57735,functional
39082,functional needs repair
51810,functional
58321,non functional
56496,functional needs repair
73363,functional
31351,functional
19226,functional
2108,functional
59490,functional
46577,functional
40712,functional
14467,non functional
14901,functional needs repair
28411,functional
66529,non functional
47129,non functional
62159,functional
68164,non functional
24830,non functional
42983,non functional
24519,non functional
71856,functional
47781,functional
37749,functional
50549,non functional
11952,functional needs repair
69388,functional
28967,functional
15028,functional
40703,functional needs repair
31756,non functional
21015,non functional
66890,functional
30693,functional
9564,functional
17174,functional
60244,functional
36592,non functional
38631,functional
53571,functional needs repair
32472,functional
31957,non functional
47728,functional needs repair
2377,functional
37567,functional
26619,functional
30281,functional
32747,functional
34628,functional
10678,functional
54636,non functional
54685,functional
357,functional needs repair
35460,non functional
51421,non functional
35594,functional
15073,functional
48030,functional
37987,functional needs repair
56030,non functional
73969,functional
15456,functional
15716,non functional
57370,functional
21282,non functional
52712,functional
25731,non functional
63521,functional needs repair
50518,functional
62135,non functional
47027,non functional
23646,functional
5096,non functional
60821,functional needs repair
14228,functional
15308,functional
1944,non functional
34359,functional
49044,functional
35750,functional needs repair
71550,functional needs repair
64987,functional
9859,non functional
38683,functional
51121,non functional
43621,functional needs repair
46967,non functional
30173,non functional
58489,functional
68258,non functional
37976,functional
53717,non functional
35082,functional
13274,functional
5958,functional
610,non functional
39532,non functional
17678,non functional
33568,non functional
69263,functional
4160,non functional
20867,functional
21195,non functional
11074,functional
14353,functional needs repair
50578,functional
22650,functional
48316,functional
17184,functional
27962,non functional
32897,functional
9777,functional
60194,functional
1463,functional
59231,functional needs repair
40254,non functional
40683,functional
27205,non functional
24595,functional
43492,functional needs repair
64965,non functional
69119,non functional
56483,functional
69530,functional
26088,functional
4806,functional
12232,functional
30531,functional
18433,non functional
23232,non functional
49212,functional
634,functional
65148,non functional
68256,functional
48992,functional
38913,functional
42939,functional needs repair
53760,functional
6525,functional
40220,non functional
23916,non functional
4993,non functional
11975,non functional
57163,functional
58546,non functional
24521,non functional
9534,functional needs repair
45716,functional needs repair
59370,non functional
10542,non functional
17383,non functional
63180,non functional
60736,functional
4441,non functional
45343,functional
70513,functional
12450,non functional
69175,functional
61324,functional
43760,functional
40437,non functional
22006,functional
70622,functional
34492,non functional
25497,functional
45233,non functional
36934,functional needs repair
56330,functional needs repair
29846,functional
4476,non functional
71741,functional
20217,functional
69017,non functional
30235,functional
319,functional
4564,functional
3941,functional
10758,functional
30637,functional
70687,functional
41858,functional
66148,non functional
64440,functional
31822,functional
51317,non functional
20687,functional
39578,functional
14395,functional
720,non functional
11239,non functional
62130,functional
46297,functional
1196,functional
23231,functional
62597,functional
12222,functional
33259,functional
58490,functional needs repair
21811,functional
73530,non functional
13062,functional
74204,functional
44112,non functional
12901,non functional
16433,functional
20904,functional
55538,non functional
60124,non functional
65271,functional
35952,functional
69207,functional
59890,functional needs repair
28608,functional
67293,non functional
15875,functional
72182,functional
70365,functional
59206,functional
36135,functional
68804,functional
39521,non functional
17539,non functional
29462,functional needs repair
13647,non functional
61294,functional
10444,non functional
20090,functional
69563,functional
33381,non functional
59250,functional
48683,non functional
555,functional needs repair
2660,functional
53564,functional
6348,functional
9061,functional
18816,functional
55193,non functional
34815,non functional
71150,non functional
23213,non functional
35977,functional
18047,non functional
71380,functional
63988,non functional
19803,functional
22196,non functional
33217,non functional
67162,functional
39058,functional
45175,functional
40875,functional
15973,functional
18953,functional
48644,functional
3663,non functional
24634,non functional
73654,functional
27916,functional
49770,non functional
2120,non functional
39699,functional
1769,non functional
23673,functional
8071,functional
68888,functional
17100,functional
47141,functional
118,functional
72582,functional
60058,functional
56655,functional
48916,non functional
29092,non functional
63181,functional
23144,functional
38117,functional
40976,non functional
70106,functional
41762,non functional
34232,functional
5003,functional
37791,functional needs repair
32044,non functional
63500,functional
68496,non functional
56849,functional
21105,functional
14572,functional
62898,non functional
46106,functional
30428,functional
16230,functional
21878,functional
14710,functional needs repair
58531,functional
47805,functional
35308,functional
24401,non functional
45437,functional
41825,non functional
1054,non functional
66349,non functional
23908,functional
68581,functional
22767,non functional
26282,functional
60684,non functional
17335,non functional
41992,functional
7480,functional
11429,non functional
33679,functional
16089,non functional
34947,non functional
31835,functional
41484,functional
70685,functional
40292,non functional
23135,functional
8603,functional needs repair
22413,functional needs repair
43592,functional
62619,functional
50698,functional
37057,functional
48331,functional needs repair
1609,functional
42437,functional
64152,functional
42403,non functional
65497,functional
41543,functional
30091,non functional
13376,functional
42559,functional
38047,functional
30195,functional
5601,functional
35867,functional
14253,functional
72384,non functional
26357,non functional
16231,non functional
7890,functional
45999,functional
28910,non functional
39239,non functional
71566,functional
44749,functional
23535,non functional
59023,functional needs repair
39497,functional needs repair
72553,functional
21771,functional
32104,functional
5791,non functional
49817,functional
65601,functional
22644,non functional
4670,non functional
52879,functional
52021,functional
32138,functional
55079,functional
9901,functional
6016,functional
45538,non functional
1626,functional
48120,functional
45077,functional
46045,non functional
59243,non functional
26434,functional needs repair
61172,non functional
53397,non functional
9267,functional
45536,functional
62169,functional
28693,non functional
15698,functional
52916,functional
29711,functional
43956,functional
69057,non functional
64088,functional needs repair
62356,functional
71370,functional
53288,functional
4044,functional
60865,non functional
35403,non functional
63247,functional
60868,non functional
37525,non functional
73830,non functional
64450,functional
39565,non functional
3815,functional
11202,functional
17089,non functional
69270,non functional
53878,non functional
45306,functional
26210,functional
59621,non functional
11549,non functional
73999,functional
55553,functional
44413,functional
27522,non functional
8516,functional needs repair
54539,functional
26017,non functional
51319,non functional
55830,functional
15604,functional
60113,functional
29718,functional
72239,functional
53758,functional
69758,non functional
45221,functional
28492,functional needs repair
7148,functional
1615,functional
61736,non functional
11703,non functional
37725,non functional
18046,non functional
5594,functional
59611,functional
1059,functional
29154,non functional
44363,non functional
24302,functional
29952,functional
55217,functional
23074,functional
56266,non functional
29867,functional
5911,functional
38322,non functional
45178,non functional
50898,functional
3857,functional
51331,functional
23710,functional
42443,non functional
11848,non functional
58297,non functional
3681,functional
43746,non functional
10955,functional
7752,functional
61754,functional needs repair
57401,functional
59947,functional
15236,functional
5009,functional
53167,non functional
64860,non functional
24952,non functional
15353,functional
16126,non functional
58923,functional
35163,functional
70514,functional
30318,non functional
48187,functional
30841,functional
34554,functional
27192,functional
32069,functional
38842,non functional
43305,non functional
26072,non functional
12041,non functional
30339,functional
4041,functional needs repair
30437,functional
40971,functional
2296,functional
2441,non functional
9110,non functional
64618,functional needs repair
15553,functional
23847,functional
40333,non functional
67102,functional
13411,non functional
6936,functional
5986,functional
72590,functional needs repair
47599,functional
32661,non functional
29472,functional
1280,functional
56710,non functional
8881,non functional
30966,non functional
27806,non functional
34878,functional
27045,non functional
4764,functional
40048,functional
52304,non functional
41176,functional
43256,non functional
71063,functional
58815,functional
16273,functional
73198,non functional
12981,non functional
66640,non functional
48340,functional needs repair
34246,non functional
480,functional needs repair
34654,functional
35669,non functional
74097,non functional
65102,functional
987,functional
6094,functional
10631,functional needs repair
63349,functional
10416,functional
31587,functional
49270,functional
68572,functional needs repair
25770,functional
23004,functional
53038,functional
4745,non functional
60125,non functional
44292,functional
51658,non functional
4083,functional
10939,functional
13924,functional
66307,functional
4557,non functional
48887,functional
16628,non functional
10992,non functional
63376,functional
52640,non functional
67213,functional
32851,non functional
1528,non functional
46447,functional
330,functional
14369,functional
57981,functional
56085,non functional
52179,non functional
25399,functional
72457,functional
51230,functional
49806,functional
17605,functional
30894,non functional
69964,non functional
5505,functional
28573,non functional
67747,non functional
58702,functional
44857,non functional
33872,functional
47635,functional
71957,functional needs repair
40807,functional needs repair
40687,non functional
11566,functional
51272,non functional
34581,functional
33132,functional
60076,functional
5469,functional needs repair
28692,functional
69618,functional
23644,non functional
49793,functional
30936,non functional
52911,functional
6681,non functional
45188,functional
72181,non functional
10909,functional
25337,functional
4081,non functional
2186,functional needs repair
19475,functional
60654,functional
66642,functional
21713,functional
16067,functional
72962,functional
38657,functional
70651,functional
31196,functional
20188,non functional
64586,functional
23819,non functional
59776,functional
8669,non functional
5890,functional
55856,functional
42590,non functional
46110,non functional
72698,functional
5804,non functional
28512,functional
12097,functional
15074,non functional
35765,functional
16301,functional
15640,functional
40939,functional
10958,functional
7447,functional
7559,non functional
66131,non functional
14974,functional needs repair
36490,non functional
6253,functional
59464,non functional
73125,functional
4291,non functional
22071,functional
36048,non functional
26833,functional
4819,non functional
15327,functional
59906,functional
42641,functional
64215,functional
30520,non functional
21098,non functional
5579,functional
336,non functional
11323,functional
73150,functional
3542,functional
17809,non functional
73729,non functional
30022,non functional
29853,functional
17776,functional needs repair
53457,functional
30915,functional needs repair
52266,functional
67083,functional
8976,functional
26119,functional
32125,functional
71671,functional
27757,non functional
60721,functional needs repair
14229,functional
58762,non functional
67011,functional
45005,functional
52676,functional
68339,functional
3067,non functional
16247,functional
5004,non functional
38425,functional
56662,functional
2099,functional
50848,functional
73089,non functional
27975,functional
58091,non functional
12581,non functional
27901,functional
30451,functional
6157,non functional
19061,non functional
53637,non functional
1893,functional
200,functional
59723,non functional
35079,non functional
37458,functional
11063,functional
24125,functional
52974,functional
52110,non functional
10688,functional
57568,non functional
69331,functional
29712,functional needs repair
51375,functional
68245,functional
8164,non functional
40405,functional
36507,non functional
10634,functional
857,non functional
3757,functional
40158,non functional
16377,functional
33158,functional
36520,non functional
64955,functional
21452,functional
3405,non functional
21807,non functional
32561,functional
68123,functional needs repair
20000,functional
65931,functional
33179,non functional
47682,non functional
72430,non functional
63850,non functional
66108,functional
50491,non functional
30442,functional
53364,functional
41928,functional
1813,non functional
17624,functional
25611,non functional
66729,non functional
12421,functional
45041,functional
30652,functional
24252,functional needs repair
70994,functional needs repair
3092,functional
43553,functional
44884,non functional
14722,functional
33122,non functional
46490,functional
13760,functional needs repair
139,functional
21311,non functional
55686,non functional
35195,non functional
39596,functional
416,functional
28133,functional
30260,functional needs repair
14134,functional
37730,non functional
48132,functional
48629,non functional
15823,functional needs repair
40164,non functional
64705,non functional
13699,functional
54443,functional
11723,non functional
49016,functional
19019,non functional
43792,functional
27914,non functional
39049,functional
55435,functional
46416,functional
19892,functional
54327,non functional
74,non functional
50,functional
32854,non functional
56359,functional
13570,functional
21805,non functional
53140,non functional
20225,functional
40424,functional
15937,non functional
47320,functional
11574,functional
24911,functional
1220,functional
51662,non functional
40084,functional
18772,functional
40736,functional
40670,non functional
10731,functional
72573,non functional
24898,non functional
48495,functional
28186,functional
6247,functional
46140,functional
34936,functional
24065,functional needs repair
1086,functional
36478,non functional
66662,functional
11955,functional
42616,functional
25685,functional needs repair
23229,functional
62684,functional
18743,functional
42761,functional
65987,non functional
54885,functional
63379,functional
54534,non functional
24935,non functional
26865,non functional
48324,non functional
27388,non functional
69142,functional
55810,functional needs repair
7947,functional
45403,non functional
52037,functional needs repair
22371,functional
22765,functional
25758,functional
71688,non functional
15481,functional
29851,non functional
15579,non functional
45421,functional
60131,functional
58600,functional
56118,functional
60641,non functional
63055,non functional
52273,non functional
63905,non functional
63984,functional
16685,functional
40264,non functional
53292,functional
52511,functional
35059,functional
66107,non functional
58473,non functional
31254,functional
36695,functional
68423,functional
26108,non functional
14265,functional
73193,non functional
71046,non functional
16635,functional
66486,functional needs repair
10882,functional
1753,functional
31519,functional needs repair
28340,functional
65794,functional
3562,non functional
69171,functional
31221,functional needs repair
52437,functional
53493,functional
48810,functional
9303,functional needs repair
71983,non functional
54382,non functional
62874,non functional
33026,functional
59004,non functional
12308,non functional
58055,non functional
2898,functional
40999,functional
71191,functional
21748,functional
65924,non functional
50635,non functional
2393,functional
10074,non functional
66623,non functional
5721,non functional
40861,non functional
10606,non functional
46487,functional
62075,functional
43271,non functional
27611,non functional
33214,functional
18758,functional
26007,functional
22934,functional
19805,functional
68650,functional
49409,non functional
2849,functional
2121,non functional
63284,non functional
73138,non functional
31563,functional
20447,functional needs repair
9658,non functional
29030,non functional
35225,functional
44850,non functional
44263,non functional
13415,non functional
4922,non functional
67432,functional
1628,non functional
4902,functional
13146,functional
22067,functional
43107,functional
43807,non functional
49045,functional
71844,functional
73523,functional
56293,non functional
2426,functional needs repair
51025,functional
2772,non functional
69178,functional
31594,functional
6720,non functional
24655,functional
40088,functional needs repair
73498,functional
43781,functional
18967,functional
64241,functional
70971,functional
42061,non functional
56261,functional
27928,functional
51022,functional
23016,functional
70783,non functional
67809,functional
25785,functional needs repair
16654,non functional
65037,functional
11131,functional
8288,non functional
37682,functional
7851,functional
998,functional
6532,non functional
43452,non functional
74168,functional needs repair
53184,functional
17933,functional
2424,functional
55364,functional
7370,non functional
5214,non functional
41855,non functional
63517,non functional
45413,non functional
39974,functional
11218,functional
23753,functional needs repair
68734,non functional
40991,functional
8684,functional
43431,functional
59393,non functional
43169,non functional
23141,non functional
36719,non functional
73111,functional
59151,functional needs repair
53547,non functional
14286,functional
32762,functional
68682,non functional
55303,functional
68505,functional
23225,functional needs repair
55057,functional
14575,functional needs repair
14197,non functional
491,functional
28510,functional
7332,non functional
56800,non functional
27865,functional
12836,functional
35129,functional
50306,functional
64500,functional
58868,non functional
26576,functional
48856,non functional
6816,functional
18370,functional
73640,functional
62396,functional
64872,functional
62520,functional needs repair
7513,functional
7532,non functional
37424,functional
68091,functional needs repair
33858,non functional
10973,functional
27086,functional needs repair
32710,functional needs repair
65781,functional
54872,functional
48567,functional needs repair
60458,functional
19476,non functional
51801,non functional
16953,non functional
72152,functional
47574,functional
1843,functional needs repair
46681,non functional
43421,functional
32153,non functional
73618,non functional
72426,functional needs repair
42889,functional
58244,functional
42548,non functional
61828,functional needs repair
7778,functional
7161,non functional
21817,functional
13776,functional
39967,non functional
56309,functional
10290,functional
6343,non functional
5590,functional
14082,non functional
40732,functional
57585,functional
26214,functional
19005,functional needs repair
43567,non functional
54928,non functional
42414,functional
73380,non functional
34239,non functional
26366,non functional
3133,non functional
62967,non functional
55740,functional
61366,functional
2250,non functional
29074,non functional
28013,functional needs repair
20669,non functional
35034,functional
14613,functional
57677,functional
62827,functional
62880,non functional
25598,non functional
42023,non functional
35323,functional
3328,non functional
51890,functional
34449,functional
37355,functional
52551,non functional
14348,functional
61229,non functional
207,functional
41118,non functional
11688,functional
13953,non functional
40806,functional
51764,non functional
58793,non functional
10553,functional
25017,non functional
29096,non functional
6663,non functional
23972,non functional
11130,functional
58467,non functional
43279,functional
17583,functional
23707,functional
4046,non functional
73430,functional needs repair
68869,non functional
41765,non functional
24360,functional
35019,functional needs repair
28435,functional
59509,non functional
4908,functional
55781,functional needs repair
33328,functional
38331,functional
14606,non functional
12310,non functional
18122,non functional
63080,functional
73236,functional
22944,functional needs repair
64277,non functional
11101,functional
59193,functional
68209,functional
10156,functional
11997,functional
27145,functional
21935,non functional
58908,functional
12787,functional
23329,non functional
22577,functional
25845,non functional
9198,functional
62409,non functional
9738,functional
21962,non functional
14787,functional
44159,functional
56691,functional
31786,non functional
5638,functional
2705,functional needs repair
23363,non functional
7057,non functional
20262,functional
37566,functional
15582,non functional
59772,functional
35998,functional
10400,non functional
73060,functional
52019,functional
11252,functional
18924,functional
30651,functional needs repair
17336,functional
15238,functional
36318,non functional
48665,functional
67538,functional
46218,non functional
55485,functional
63638,functional needs repair
38393,functional
3868,functional needs repair
74243,non functional
15092,non functional
17326,non functional
18041,non functional
5907,functional
59513,non functional
34859,non functional
32611,non functional
46585,non functional
67691,functional
14105,functional
70245,non functional
479,functional
61418,functional
36908,functional
40107,functional
25931,functional
73441,non functional
10990,functional
70695,non functional
50753,non functional
9671,non functional
14314,non functional
24009,functional
33478,functional
57053,non functional
38846,non functional
43444,functional
58299,functional
22743,non functional
11810,non functional
38571,functional
38912,non functional
49695,non functional
40566,functional
59854,functional
47767,non functional
31172,non functional
40488,functional
4247,functional
49799,non functional
46083,functional needs repair
15298,non functional
63805,functional
31028,non functional
34388,non functional
5875,non functional
28499,non functional
50417,non functional
20870,functional
66090,functional
67778,non functional
51748,non functional
30573,functional
4223,non functional
74121,functional
71625,functional
34513,non functional
34447,non functional
33270,functional needs repair
30166,non functional
28878,functional
12055,functional
8673,functional
41324,non functional
33528,non functional
9818,non functional
4722,functional
51898,non functional
48391,functional
56804,functional needs repair
57986,non functional
19649,non functional
58689,non functional
20771,functional
51051,non functional
69374,functional
406,non functional
51324,functional
72315,functional
25746,non functional
49855,functional
45850,functional
37760,functional
32503,functional
11421,functional
29457,functional
34323,non functional
27300,functional
8396,functional
42447,functional needs repair
28362,functional
15460,non functional
26564,functional
6831,non functional
29288,functional
54628,functional
44825,functional
57959,non functional
26796,non functional
31212,non functional
27698,functional
28675,non functional
8667,non functional
37461,non functional
58587,non functional
28631,non functional
64830,functional
53568,functional
53438,functional
9714,non functional
33904,non functional
8689,functional
71434,non functional
54620,functional
58948,functional
15830,functional
69904,functional
5215,non functional
56764,non functional
8675,non functional
56893,functional
4450,functional needs repair
58095,functional
20580,functional
3697,non functional
45905,non functional
70904,non functional
21175,non functional
44797,functional needs repair
52420,functional needs repair
60994,non functional
1860,functional
59460,functional needs repair
19324,functional
10300,non functional
3709,functional
14972,non functional
36444,functional
72880,functional
36432,functional
42957,functional needs repair
53069,non functional
13138,functional
13893,functional needs repair
69634,functional
55834,functional needs repair
44971,functional
66114,non functional
30896,non functional
63897,functional
15331,non functional
71007,functional
60396,functional
31736,functional needs repair
33784,functional
39961,functional
67312,non functional
43630,functional
14478,non functional
3989,functional
48202,functional
7748,functional
38480,functional
21859,non functional
61302,functional
46702,non functional
61853,functional
51329,non functional
33699,functional
40927,non functional
10262,functional
42449,non functional
18297,functional
35085,non functional
65829,non functional
34471,non functional
40051,functional
10988,functional
42416,non functional
10657,functional
56785,non functional
37171,non functional
37070,functional needs repair
23661,functional
64516,functional
9246,functional
5314,non functional
7547,non functional
44590,functional
73665,non functional
49973,non functional
2881,functional
49660,functional
35360,functional
45428,non functional
17746,functional
65139,functional
2289,non functional
8891,non functional
42131,functional
70891,non functional
65204,non functional
20518,functional needs repair
42009,functional
61937,functional
18317,non functional
50127,non functional
69304,functional
73224,functional
47672,non functional
10682,functional
48333,non functional
45006,functional
68140,functional
17822,non functional
13640,functional
23747,functional needs repair
71414,functional needs repair
3095,functional
62436,non functional
1227,non functional
4644,functional
3530,functional
18933,functional
71931,functional
30431,non functional
61054,non functional
1616,functional needs repair
51088,functional
23209,functional
72491,functional
20829,functional needs repair
20361,non functional
40378,functional
61268,non functional
48989,functional
61827,functional
59745,functional
23891,functional needs repair
53222,non functional
66113,non functional
53607,non functional
38083,functional
69842,functional
43411,functional
38178,non functional
61201,non functional
35984,functional
45526,functional needs repair
53338,non functional
8007,functional
21575,non functional
1382,functional needs repair
18316,functional
53639,functional needs repair
69505,functional
62877,non functional
25046,non functional
62867,non functional
44520,functional
20287,functional
72859,functional
23873,functional
12437,non functional
66311,functional
71074,non functional
61126,non functional
2747,functional
9071,functional
42625,functional
37383,non functional
29773,functional needs repair
61524,functional
20167,functional
16072,functional
69926,functional
55633,functional
8506,functional needs repair
40297,functional
21342,functional
43914,functional
65075,functional
41895,non functional
222,non functional
57932,functional
9222,functional
54492,functional
49037,functional
23630,functional
46464,non functional
31855,non functional
31873,functional needs repair
2641,non functional
44297,functional
2323,non functional
65610,functional
43443,non functional
27498,functional needs repair
12728,non functional
71327,non functional
42570,non functional
51162,non functional
48768,non functional
56901,functional
9466,functional needs repair
26984,functional
4497,functional
25886,non functional
37697,functional
12339,non functional
19080,functional
26362,non functional
66887,non functional
59972,non functional
40648,functional
38838,functional needs repair
27597,non functional
18660,functional
64819,non functional
69727,non functional
23570,functional
177,non functional
22523,non functional
72381,functional
22915,non functional
53944,non functional
5933,non functional
19125,functional
33530,non functional
67627,functional
46945,non functional
46534,functional
20828,functional
16533,functional
22132,functional
41811,non functional
57150,non functional
7716,non functional
11992,functional
65301,functional
70272,functional needs repair
28142,non functional
58580,functional
56518,functional
43221,functional
49381,non functional
51167,non functional
62424,functional
17691,functional
21385,functional needs repair
71829,functional
69718,non functional
19875,functional
60526,non functional
1811,non functional
58574,functional
72869,functional
1833,non functional
65473,functional
52082,non functional
66672,functional
34134,functional needs repair
18070,non functional
8327,functional
20925,functional
35860,non functional
20362,functional
17328,functional
29428,functional needs repair
34762,non functional
68392,functional
53949,non functional
70396,non functional
63651,functional
17277,functional
43013,functional
64387,non functional
10035,functional
68327,functional
73018,non functional
13862,functional needs repair
54029,functional
60106,non functional
45216,non functional
43022,functional
33510,non functional
29311,functional
30152,functional
9468,functional
35617,functional
35516,non functional
11754,non functional
4949,non functional
30863,functional
14620,non functional
5846,functional
2736,non functional
18752,functional
43200,functional
16489,functional
3614,functional needs repair
60382,functional
34846,functional
19247,functional
35988,functional
33126,functional
39004,functional
7612,functional
5715,non functional
29176,functional
16890,non functional
40985,non functional
14242,non functional
69632,functional
30781,non functional
32692,non functional
38229,functional
52761,functional
65265,functional needs repair
23328,functional
53416,functional
45195,non functional
6295,non functional
7467,functional
74103,functional
13584,non functional
72634,functional
54028,functional
41437,functional
33014,functional
38105,non functional
43182,functional
18103,non functional
15661,functional
58086,functional
28777,non functional
5450,non functional
1852,non functional
59673,functional needs repair
68889,functional
17542,functional
73061,functional
13345,functional
53489,functional
24660,non functional
43787,functional
30765,functional
45153,functional
31423,functional needs repair
47896,non functional
39687,functional
15437,functional
30519,functional
39819,functional
28211,functional needs repair
32655,functional
40598,functional
13484,functional
30910,non functional
21434,functional
16824,non functional
38786,functional
48779,functional needs repair
60493,non functional
41715,functional
62131,functional
40043,functional
20423,non functional
30411,functional
3849,functional
47725,functional
7790,functional
33807,functional
24810,functional
19479,functional needs repair
42405,non functional
10316,functional
31092,functional
25431,functional
68812,functional
63482,functional
10327,functional
60191,functional
13256,functional
53761,functional
13055,functional needs repair
48061,non functional
49030,functional
49200,functional
62855,functional
38874,non functional
57127,functional
65920,non functional
41999,functional needs repair
33564,non functional
19413,non functional
68937,non functional
40938,functional
24872,non functional
35154,functional
7253,non functional
66814,functional
48854,functional
30941,non functional
33744,non functional
59769,functional
21830,non functional
62402,functional
45412,functional needs repair
16543,non functional
17836,non functional
34930,functional
39419,functional
42261,functional
43611,non functional
63888,functional
67389,functional needs repair
43195,functional
3026,non functional
66596,functional
73576,functional
21285,non functional
15,non functional
63303,functional
71477,non functional
454,functional
28865,functional
40968,functional
64051,functional needs repair
27723,functional
57015,non functional
66517,non functional
41675,functional
66622,non functional
34150,non functional
26867,functional needs repair
1126,non functional
49785,functional
70474,functional
71642,functional
15970,functional
57281,functional needs repair
38807,functional
72476,functional
54612,functional needs repair
69999,functional
13630,functional
16852,functional
60083,functional
30301,functional
62158,functional
47977,functional
14989,functional
21640,functional
44534,functional
46054,functional
41427,functional
15258,functional
46697,functional
57737,functional
64687,non functional
31420,non functional
4536,functional needs repair
7987,functional
42526,non functional
72703,functional
50139,non functional
6854,non functional
72440,functional
50552,functional needs repair
10679,functional
23574,functional
47826,functional
16192,functional
54925,functional needs repair
35243,functional
27512,non functional
64015,functional
45505,functional
23523,non functional
47282,functional
44306,functional needs repair
8515,non functional
42478,functional
34390,non functional
17687,functional
61316,non functional
9551,non functional
41470,functional
67756,functional
5736,functional
17142,functional
11269,non functional
8550,functional
11938,non functional
67767,functional needs repair
23441,non functional
32048,functional
48875,non functional
70720,functional
19086,non functional
40944,non functional
50943,non functional
13257,non functional
8865,non functional
12648,functional
50355,non functional
61874,functional
15157,functional
5431,functional
53675,functional
21331,functional
56394,functional needs repair
64338,functional
30864,functional
15075,non functional
39403,functional needs repair
4367,non functional
71320,non functional
65404,functional
73968,functional
62344,functional
60175,non functional
29015,functional
19677,functional
11405,functional
51905,functional
7287,functional
62478,functional
44965,functional
27326,functional
8548,non functional
16602,non functional
71195,functional
64000,functional
7167,non functional
24691,functional
62177,functional needs repair
12470,functional
22872,functional
32510,functional
61655,functional needs repair
72977,functional
12718,non functional
63508,non functional
54857,non functional
48288,functional
11209,functional needs repair
64342,non functional
64858,functional
50250,functional needs repair
59786,non functional
71915,functional
20954,functional
23636,functional
71763,functional
13725,functional
32303,functional
6220,functional
27215,non functional
47232,functional needs repair
8025,functional
39435,functional
17365,non functional
18587,non functional
1617,non functional
21660,functional
6302,non functional
65077,non functional
26269,functional
69259,functional
71943,non functional
43362,non functional
30695,functional
41227,non functional
57638,non functional
20839,functional
5386,functional
15452,functional
4380,functional
12724,functional
31642,non functional
45785,functional
45665,non functional
11013,functional
20069,functional
45950,functional
15491,functional
2763,functional
68184,non functional
31444,functional
36124,non functional
32384,non functional
18558,functional
51153,functional
59304,functional
50283,non functional
10897,functional
54723,non functional
15141,functional
2689,functional
15741,non functional
46881,non functional
47473,functional
18856,functional
7714,functional
22330,functional
22495,non functional
37203,non functional
32947,non functional
44725,functional
60214,functional needs repair
1144,functional
34601,functional
54511,non functional
26008,functional
72837,non functional
48962,functional
47042,functional
41462,non functional
58538,functional
15515,functional needs repair
72995,functional
15272,functional
13261,non functional
4580,non functional
49304,functional
23579,functional
70978,non functional
15780,functional
49311,non functional
3338,non functional
37532,functional
37156,functional
4534,non functional
49205,functional
71635,non functional
41226,non functional
33335,functional
60652,functional
48732,non functional
58224,functional
57690,functional needs repair
52160,functional
43815,functional
49715,functional
18850,functional
62926,non functional
66151,non functional
57278,non functional
22809,non functional
59991,non functional
23149,non functional
21357,functional
35644,functional needs repair
20350,non functional
61134,functional
18900,non functional
25608,non functional
39370,non functional
73838,non functional
71005,non functional
58183,functional
25808,functional
67869,functional needs repair
63276,functional
11949,non functional
28073,functional
5297,functional
23222,non functional
41395,functional needs repair
28494,functional
61569,functional
37790,functional needs repair
6765,non functional
58476,functional needs repair
62906,non functional
43203,functional
60383,functional
24594,non functional
43149,non functional
29395,functional needs repair
43412,functional
61074,non functional
53396,non functional
42188,non functional
10641,functional
19398,non functional
8366,non functional
61129,functional
61646,non functional
63102,functional
54703,functional
33396,functional
631,functional
58021,non functional
62510,non functional
47397,functional
22070,non functional
35991,non functional
48470,functional
17147,non functional
71610,non functional
32686,functional
11584,functional
33694,functional
32528,non functional
11185,functional
1034,non functional
2603,non functional
26529,functional
73289,functional
23593,functional
54013,non functional
72782,functional needs repair
7489,non functional
63305,functional
16023,non functional
45777,non functional
42260,functional
38970,functional
14743,non functional
46344,non functional
38558,non functional
14652,non functional
11355,functional
48175,non functional
7721,functional
55911,functional needs repair
30886,non functional
66880,non functional
70098,non functional
52472,non functional
59215,non functional
53197,non functional
67699,non functional
27589,non functional
18578,functional
8079,functional needs repair
29418,functional
57000,functional
56371,non functional
44357,non functional
53116,functional
2488,non functional
7671,non functional
63729,functional
26567,functional
67281,non functional
42095,functional
54449,functional
36395,functional needs repair
66006,non functional
1914,functional needs repair
62483,functional
28458,functional
46454,non functional
14953,non functional
1691,functional
60914,functional
11136,functional
13860,non functional
33911,non functional
811,functional
46812,non functional
6643,functional
4874,non functional
29141,non functional
17523,functional
55428,functional
65066,functional
40666,non functional
15971,non functional
39939,functional
30572,non functional
22054,non functional
56520,functional
52935,functional needs repair
34177,functional needs repair
48206,non functional
71516,non functional
47850,functional needs repair
724,non functional
39676,functional
28740,functional needs repair
69244,functional
59484,non functional
36495,non functional
47101,functional
74085,functional
28491,functional
46482,functional needs repair
7703,functional
12801,functional
47345,non functional
24289,functional
73249,functional
14663,functional
12604,functional
28862,non functional
2416,non functional
19375,functional
52636,functional
53947,functional
4808,functional
44015,non functional
8866,functional
53166,functional needs repair
49502,functional needs repair
15785,non functional
71547,non functional
53843,functional
11011,functional
7749,non functional
6943,non functional
12797,non functional
21057,non functional
65435,functional
49835,functional needs repair
21239,non functional
65403,non functional
71378,functional
50805,functional
15643,functional
72987,non functional
73587,functional
67433,functional
70846,functional
54465,functional
43917,functional
52050,non functional
71010,functional
51203,non functional
67839,functional
60697,functional needs repair
63130,functional
47987,non functional
39536,non functional
56599,functional
64233,non functional
51402,functional
13254,non functional
26976,non functional
13342,functional needs repair
8159,functional
51733,non functional
62713,non functional
44211,functional
23434,non functional
37290,functional
54571,functional needs repair
17203,non functional
40892,non functional
57134,functional
16001,functional needs repair
17500,functional
4524,non functional
27933,functional
55405,functional needs repair
2834,non functional
40316,non functional
45184,non functional
57839,non functional
48570,functional
70697,non functional
29129,non functional
46164,functional
74001,functional
18624,non functional
1114,non functional
18656,non functional
8507,non functional
50006,functional
62849,functional
42956,functional
49104,non functional
10725,non functional
14391,non functional
62092,non functional
52817,non functional
34784,non functional
15961,functional
71950,non functional
55463,non functional
10894,functional
41155,functional
32336,functional
54957,non functional
37602,functional needs repair
42144,functional
50017,non functional
36839,non functional
69880,non functional
54197,functional
22348,functional
57378,non functional
16746,functional
19640,functional needs repair
31051,functional
10532,functional needs repair
50522,non functional
41849,functional
58325,non functional
1823,functional
52754,functional
24808,non functional
27861,non functional
7288,functional
25148,functional
34617,functional
25207,non functional
65872,functional
73039,non functional
15121,non functional
44341,non functional
13286,non functional
21021,functional
64662,non functional
53345,non functional
55452,functional
36564,functional
15302,non functional
27884,non functional
6561,functional
13992,functional
52500,functional
25610,non functional
13500,non functional
26227,non functional
18991,functional
12493,non functional
28479,functional
62116,functional
26653,non functional
33988,functional
2021,non functional
12077,non functional
32511,functional needs repair
68486,functional
68074,non functional
30243,functional
44330,non functional
36251,functional
72569,functional
62268,functional
54773,non functional
68187,functional
48380,non functional
45050,non functional
62233,functional
54912,functional
49272,non functional
35632,functional
20140,functional
3838,functional
72049,non functional
2685,functional
36168,functional
55408,non functional
69096,non functional
69163,non functional
7696,non functional
6624,functional
17869,functional
36074,functional
5318,non functional
5633,functional
71529,non functional
29652,functional
66005,non functional
47551,non functional
55382,non functional
17123,functional
59978,functional
37661,functional
42765,non functional
54841,non functional
32297,functional
1124,non functional
51799,non functional
18729,functional
36555,functional
62799,non functional
60789,non functional
48176,non functional
34451,non functional
327,non functional
14544,functional
73880,non functional
46931,functional
33421,functional
5714,functional
5852,non functional
9625,functional
6837,functional
12085,functional
40026,functional
60675,functional
56269,functional
4529,functional
52545,non functional
70367,non functional
2280,non functional
15670,functional needs repair
13993,non functional
45002,functional needs repair
17263,functional needs repair
70566,functional
29955,non functional
29999,non functional
71640,functional
45355,functional
15813,non functional
57560,non functional
44120,functional
66077,functional
25699,non functional
49606,functional needs repair
54825,functional needs repair
3536,non functional
1393,non functional
51599,functional
21374,functional needs repair
27670,non functional
15243,functional
2282,non functional
47103,functional
42750,functional needs repair
29710,functional
17361,non functional
11985,non functional
33038,non functional
58186,non functional
9078,non functional
40690,non functional
26068,non functional
73019,functional
12868,functional
65163,non functional
42549,non functional
24428,functional
40452,functional
67509,functional
47134,functional
28425,functional
72959,non functional
16929,functional
13380,functional
43681,non functional
15179,non functional
21990,non functional
32866,functional
57847,non functional
63373,functional
39778,functional needs repair
59508,non functional
2411,non functional
57587,functional
19524,functional
58512,functional
21077,non functional
33255,non functional
69886,non functional
13099,functional
45388,functional
69798,functional
60324,functional
41979,non functional
15457,non functional
44213,functional
70050,functional
31763,functional
67399,functional
57684,functional needs repair
58089,functional
52798,functional
56031,functional
56993,functional
23918,functional
71560,non functional
37390,non functional
42413,non functional
70215,non functional
19474,functional
19010,non functional
61623,functional
67452,non functional
40973,non functional
39181,functional
58434,functional
16698,functional
15677,non functional
47174,functional
28839,functional
14285,functional
39577,functional needs repair
21055,functional needs repair
59418,functional
27913,non functional
2245,non functional
24087,non functional
5424,non functional
39205,functional
38763,functional
62127,functional
65688,functional
6018,non functional
17855,functional
1633,functional needs repair
9517,functional needs repair
49882,functional needs repair
35566,functional
16296,functional
32037,functional
26854,functional
32046,non functional
70524,non functional
25266,functional needs repair
62682,non functional
45160,non functional
63413,non functional
47847,functional
70142,non functional
24396,non functional
18791,non functional
58331,non functional
16218,non functional
68102,non functional
60246,functional
36298,non functional
6557,functional
5228,non functional
38054,functional
39661,functional
67430,non functional
47848,functional
25125,non functional
52795,functional
18731,functional
39077,functional
33243,non functional
67582,non functional
63352,functional
55738,functional
71393,non functional
60793,functional
21431,functional
74151,functional
59192,non functional
48912,non functional
39838,non functional
68376,functional
17378,non functional
40515,functional
54599,functional
58411,functional
38370,functional
69965,non functional
59419,functional
40589,non functional
59671,functional
31224,functional
67685,functional
70559,non functional
72938,functional
16110,non functional
62830,functional
33278,functional
65658,functional
3974,functional
29127,non functional
37676,functional
28918,functional
17014,functional
67564,functional
34497,non functional
73461,non functional
1500,non functional
20995,functional
62533,non functional
48010,functional needs repair
15545,functional
5095,functional
57791,functional
2305,functional
55041,functional
21332,functional
35968,functional
46731,functional
38291,functional needs repair
26840,non functional
73671,non functional
14323,non functional
5256,functional
12053,functional
57427,non functional
72925,non functional
21646,non functional
41247,functional
56688,non functional
62789,functional
64498,non functional
49533,functional
42699,functional
31699,non functional
69343,functional
44826,non functional
55656,non functional
25375,functional needs repair
19544,non functional
54107,non functional
62024,non functional
21743,functional
51845,functional
34707,non functional
54379,functional
49912,functional
19298,functional
7372,functional
12861,functional needs repair
39526,functional needs repair
53659,non functional
19485,non functional
72616,non functional
66720,functional
224,functional
54126,functional
24234,non functional
51773,non functional
16854,functional
29998,functional
29053,functional
29819,functional needs repair
26516,non functional
63013,non functional
39482,functional
23910,functional
21794,functional
59672,non functional
66891,functional
72799,functional
49911,non functional
51031,functional
39651,functional
22176,functional
12734,non functional
10382,functional
72125,functional
66060,functional
8000,functional
13170,functional
32443,functional
34729,non functional
54075,functional
71729,functional
19487,functional
24971,non functional
10675,functional
62450,non functional
46958,functional
74161,non functional
25638,functional
4206,functional needs repair
24597,non functional
9619,functional
64127,functional
26291,non functional
47613,non functional
19578,non functional
59197,non functional
72882,non functional
47602,non functional
26091,functional
47074,functional
70180,functional
24489,non functional
2453,functional
45113,functional
28807,non functional
72252,functional
25605,functional
11785,functional
52347,functional
29224,functional
26224,non functional
69255,functional
17676,non functional
72331,non functional
37201,non functional
37606,functional
26559,functional needs repair
36896,functional
43557,non functional
33589,non functional
54876,non functional
54963,non functional
69373,non functional
54854,functional
57536,functional
11973,non functional
47716,non functional
60658,functional
29940,non functional
7799,functional
17629,non functional
67075,non functional
7965,functional
70991,non functional
34312,functional
46704,non functional
71470,non functional
53346,non functional
28009,non functional
15052,functional
23269,non functional
69279,functional
10639,functional
68474,functional
36356,functional
15464,non functional
56017,non functional
31586,functional
74166,functional
68218,functional
46311,functional
31941,functional
68385,functional
3633,functional
73063,functional
2035,non functional
40772,non functional
45820,non functional
757,non functional
17977,non functional
22852,functional
64945,non functional
24648,functional
71660,non functional
60566,functional
25405,functional
48297,functional
22776,functional
48914,functional
32836,functional needs repair
17046,functional needs repair
6531,functional
6228,functional
40906,functional
29615,non functional
53312,functional
27879,non functional
25892,functional
45552,non functional
53179,functional needs repair
55064,non functional
41333,functional
63316,functional
62426,non functional
52842,functional
10124,non functional
38276,non functional
9204,non functional
70121,non functional
70557,functional needs repair
64050,functional
32398,non functional
41620,non functional
45395,functional
60907,non functional
42407,functional needs repair
45758,functional
71512,functional
55535,non functional
62475,functional
4664,non functional
8523,functional
72314,non functional
42421,functional needs repair
1552,non functional
62372,functional needs repair
59083,functional
7407,non functional
44460,non functional
57446,functional
29388,functional
51612,functional
53377,functional
31407,functional
851,functional
10386,functional
1029,non functional
17679,functional
160,functional
40560,functional
60408,functional
13007,functional needs repair
49888,non functional
43394,functional
71275,functional
56121,functional
2197,non functional
71918,functional needs repair
27075,functional
59189,functional
15284,non functional
108,functional
19935,functional
44909,non functional
38475,functional
39040,functional needs repair
68338,functional
40653,functional
3938,non functional
31232,functional
21737,functional
6639,non functional
68782,functional
14999,non functional
33401,functional
46736,functional
37970,functional
32345,functional
57757,non functional
34169,functional needs repair
32572,non functional
68690,non functional
41978,functional needs repair
59268,functional
24940,functional
63509,non functional
36526,non functional
3814,non functional
8730,functional
16057,functional
31947,functional needs repair
28942,functional
25367,functional
13984,non functional
68663,functional
27260,functional needs repair
18717,functional
69931,functional
55795,functional
51053,functional
26278,functional
41238,non functional
19465,functional
53941,functional needs repair
45321,functional
67320,functional
67224,non functional
14982,functional
6923,functional
8168,non functional
63680,non functional
37978,non functional
48449,functional
31536,functional
12923,functional
66927,non functional
37517,functional
16161,functional
17574,functional
27317,non functional
14828,functional
45132,non functional
51703,functional
12951,non functional
28778,non functional
56737,functional
18783,functional
24008,non functional
71037,functional
24349,non functional
73312,non functional
28447,functional
49886,functional
28285,functional
14489,functional
62637,functional
70507,non functional
21279,functional
31149,non functional
51749,functional
63815,non functional
37785,functional
36032,functional needs repair
53884,non functional
71057,non functional
72348,functional
48980,functional
24417,functional
32248,functional
53033,non functional
33948,functional
52556,non functional
39759,functional
2775,functional
41719,functional
66817,functional
52272,non functional
63648,functional
25352,functional
36781,functional
43190,non functional
4516,functional
40350,non functional
13212,non functional
52217,functional
54792,functional
11278,non functional
18159,non functional
20412,functional
339,functional
45484,functional
50521,functional
7882,functional
73813,non functional
13080,functional
33468,functional
42501,functional
38486,functional
36678,functional
23982,functional
51113,functional
50718,non functional
26588,functional
30387,functional
54593,non functional
40694,functional needs repair
70521,non functional
23709,functional
67519,functional
52454,non functional
49089,functional
69079,functional needs repair
52771,non functional
4328,functional
6907,functional
65991,functional
54402,non functional
58296,non functional
35473,non functional
73058,non functional
44013,non functional
40587,functional
62710,functional needs repair
31962,functional
72221,functional
885,functional
60944,functional needs repair
18048,non functional
63941,functional
66022,non functional
59364,functional
25588,non functional
38270,functional needs repair
37293,non functional
13303,non functional
16228,functional
11855,non functional
59043,functional needs repair
17364,non functional
39220,non functional
53514,functional
57300,non functional
71239,non functional
49760,functional
29880,non functional
1872,functional
35905,non functional
19200,functional
29974,non functional
54467,functional needs repair
72542,functional
44936,functional
66414,functional
24916,functional
43238,non functional
14002,functional
5554,functional
54507,functional needs repair
56358,non functional
47964,non functional
44650,functional
47910,non functional
7139,non functional
39888,functional needs repair
18994,functional
72614,functional
56321,functional needs repair
52385,functional
21182,functional needs repair
57572,functional
62139,functional
17811,functional
35737,functional needs repair
48377,functional
54671,functional needs repair
15975,non functional
37307,functional
16415,non functional
25766,non functional
22133,non functional
32751,non functional
1014,non functional
18349,functional
4028,non functional
65818,functional
31087,functional needs repair
31277,functional
3638,non functional
52806,functional needs repair
37969,non functional
42515,non functional
44304,functional
38040,functional
61267,functional
68774,non functional
71472,functional
44774,functional
38107,functional
40525,functional needs repair
8281,non functional
32160,non functional
33286,functional needs repair
7317,functional
40472,functional
7764,functional
36464,functional
22725,non functional
7731,functional
8344,functional
13171,functional
54960,non functional
16808,non functional
64296,non functional
16812,non functional
37933,functional
27224,non functional
9756,non functional
1324,functional
41054,functional
45279,functional
19724,functional
40575,functional needs repair
39469,functional
1927,non functional
38130,functional
51638,functional
40217,functional
11275,functional
32728,functional needs repair
15248,non functional
59263,functional
11238,functional
28319,functional
5435,functional
34107,non functional
62835,functional
55603,functional
35005,functional
37869,non functional
9156,functional needs repair
26928,functional
65810,functional
49511,functional
61588,functional
46638,functional
21532,functional
6043,functional
17384,non functional
3179,functional
18523,functional
39840,non functional
36144,functional
26640,functional
67929,non functional
22963,non functional
22511,functional
25997,non functional
26264,functional
30536,functional
52072,non functional
51512,functional
67424,functional
742,functional needs repair
10507,functional
65091,non functional
56734,functional
24025,non functional
3211,non functional
40032,functional
38803,non functional
69995,non functional
35526,functional
9717,functional
9385,functional
8185,functional
25620,functional
1025,functional
2420,functional needs repair
12251,non functional
59585,functional
64787,functional
52703,non functional
45836,functional
63424,non functional
43054,functional
46379,functional
70491,non functional
43097,functional
47743,functional
16630,non functional
67807,functional
4093,functional
22233,functional
68993,non functional
58142,functional
45097,functional
21517,functional
65979,functional
52948,functional
59202,functional
28470,functional
71013,functional needs repair
20916,functional
25380,non functional
11835,functional needs repair
7404,non functional
4385,functional
52377,non functional
38361,functional
17054,functional
38828,non functional
6221,non functional
7838,non functional
28061,non functional
20591,functional
29177,non functional
66995,non functional
25555,functional
14460,non functional
37690,non functional
38935,functional
49794,functional
28428,functional
30286,functional
26197,non functional
61737,functional
67470,functional
56863,non functional
59645,functional
48737,functional
69514,functional
38053,non functional
25248,functional needs repair
51457,functional
42579,functional
16387,functional
53880,functional
5876,functional
49805,functional
58302,non functional
28301,functional needs repair
53778,non functional
36140,functional
66152,non functional
15078,functional
763,non functional
37770,functional needs repair
62522,functional needs repair
43090,functional
57846,functional
16241,functional
1844,functional
15757,non functional
4496,non functional
31298,functional
22777,functional
55297,functional
39071,non functional
68981,functional
17217,non functional
52864,non functional
45255,functional
63566,functional
7379,functional
67111,non functional
36429,functional
38850,non functional
68100,functional
52471,functional
45251,non functional
43404,non functional
72514,functional
74084,functional
2024,non functional
64140,functional
38975,functional
54,non functional
54212,non functional
18600,functional needs repair
24929,functional
17626,functional
12417,non functional
57114,functional
62570,non functional
29249,functional needs repair
38534,non functional
52403,functional
74235,functional
1449,non functional
54760,functional
34544,functional
4667,non functional
56773,non functional
18972,functional
49537,non functional
40385,functional needs repair
54926,functional
60731,functional
9660,non functional
38244,functional
7800,non functional
24146,non functional
22781,functional
39594,functional needs repair
31795,non functional
64693,functional
1812,functional
56167,functional
29130,functional needs repair
36224,functional
41220,functional
51244,non functional
29644,functional
72446,functional
65739,functional
65356,functional
9255,functional
52373,non functional
21072,non functional
25538,non functional
60080,functional
20020,functional
55620,functional needs repair
63360,functional needs repair
5028,functional
19534,non functional
57097,functional
46400,functional
54340,functional
1169,non functional
51079,functional
42628,non functional
68315,non functional
57869,non functional
68620,functional
22642,non functional
26053,non functional
14202,functional
51514,non functional
72622,non functional
33289,functional
17200,non functional
67370,functional needs repair
57257,functional
31364,non functional
49999,functional needs repair
32372,functional
59692,functional
41194,functional
32614,non functional
16108,functional
64034,functional
18817,functional
52908,functional
22513,functional
63162,functional
17660,non functional
4070,functional
43774,functional
17782,functional
17675,functional needs repair
32731,non functional
12270,functional needs repair
73449,functional
31857,functional
12659,non functional
44596,functional
35012,functional
59546,functional
65158,non functional
7949,functional
7677,non functional
57904,functional
61818,functional
60336,non functional
13660,functional
14920,non functional
51937,functional needs repair
53039,functional
31768,functional
47025,functional
71082,functional
46101,functional
57485,functional
46051,functional
58987,functional
4996,functional needs repair
62053,non functional
35902,non functional
1176,functional
61250,functional
18602,non functional
72164,functional
68963,non functional
62447,functional needs repair
5940,functional
63109,functional
47959,functional
38501,functional needs repair
51820,functional
56751,non functional
11883,functional
65618,functional needs repair
32446,non functional
14991,functional needs repair
22769,functional
15623,non functional
12320,non functional
17594,functional
57052,non functional
54113,functional
43817,non functional
14252,non functional
52123,non functional
205,functional
47452,non functional
2904,functional
26437,functional
73194,functional
49515,non functional
42378,functional
51606,functional needs repair
25654,functional
66418,functional
28772,non functional
12264,functional
43958,functional
41552,non functional
47194,functional
16103,functional
45917,functional
3696,non functional
57025,functional
3966,non functional
73338,functional needs repair
27907,non functional
48707,non functional
56694,functional
67371,non functional
48285,functional
52710,functional
39983,non functional
13394,functional
15573,non functional
35033,functional
11820,non functional
8588,functional
18228,non functional
32097,functional needs repair
47740,functional
45013,functional
18640,non functional
57797,functional
2706,non functional
2481,non functional
74081,functional
9724,functional
36693,non functional
54330,non functional
54531,functional
46815,functional
41161,functional
25661,functional
66382,functional
24245,functional
44994,non functional
45320,non functional
36275,non functional
30312,functional
54996,non functional
70156,functional
6428,functional
23006,functional
47942,non functional
67226,functional needs repair
36418,non functional
49032,functional
7560,functional needs repair
69875,non functional
39221,functional
32581,functional
59253,functional
17424,non functional
24699,non functional
71471,non functional
41883,non functional
60486,non functional
48537,non functional
24976,functional
53786,functional
23975,non functional
36346,non functional
39256,non functional
44284,functional
54175,non functional
299,non functional
2554,functional
46980,non functional
62121,functional needs repair
31579,functional
12751,functional
43453,functional needs repair
48477,functional
62392,non functional
23547,functional
463,functional
27314,functional
56505,non functional
61189,functional
72600,functional
14527,functional
37333,functional
3912,non functional
39177,non functional
48458,functional
32221,functional
28622,functional
47057,non functional
31476,functional
34365,functional
54390,functional
52069,non functional
4500,non functional
67243,non functional
56297,functional
60815,functional
50412,functional
19518,functional
34247,non functional
7945,functional
65716,non functional
431,functional
21234,non functional
53217,functional
6298,functional
17819,functional
42063,non functional
33724,functional
19353,functional
49975,functional
50460,non functional
43129,functional
12305,non functional
4147,non functional
32020,functional
43925,functional
1755,functional
43441,functional
55291,non functional
15571,non functional
72401,functional
69458,functional
2239,non functional
41755,functional
70952,non functional
48293,functional
21262,functional
63330,functional
71146,non functional
18469,functional
25960,non functional
28734,functional
41344,functional needs repair
1675,non functional
23024,functional
43498,functional needs repair
37044,functional
50627,functional needs repair
44173,functional
38072,functional needs repair
8934,functional
21788,functional
22160,non functional
49001,non functional
1695,non functional
54427,non functional
2568,non functional
45790,functional needs repair
16225,functional
30274,functional
18325,functional
63383,non functional
54234,functional
38050,functional
29317,functional
64336,non functional
24550,functional
25867,non functional
71134,non functional
55698,functional
40040,functional
7894,non functional
3268,non functional
27716,functional
225,non functional
8570,functional
57083,functional
17790,non functional
37097,non functional
54651,functional
23288,non functional
32926,non functional
14485,non functional
62721,functional
39809,functional
6684,functional
65868,non functional
1071,non functional
29528,functional
42361,functional
27647,functional
71710,functional needs repair
60688,functional
26490,functional needs repair
47366,functional needs repair
54105,non functional
14824,non functional
32681,functional
48284,non functional
29565,non functional
4885,functional
73554,non functional
67459,functional
28243,non functional
44241,functional
42868,functional
59689,non functional
56838,functional
12966,functional
18361,functional
29193,non functional
9603,functional
51563,functional
42736,functional needs repair
31939,non functional
7679,functional
65082,non functional
57802,functional
52209,functional needs repair
62001,functional
15232,functional
5161,non functional
57751,non functional
70065,functional
41695,functional
30962,non functional
47071,functional
48547,functional
54223,functional
60838,functional
73086,non functional
72821,functional needs repair
7152,non functional
43265,non functional
68101,non functional
21691,functional
61543,non functional
15030,functional
15400,functional needs repair
62355,non functional
11251,non functional
24504,functional
32746,non functional
28501,functional
53059,non functional
57740,functional
68836,functional
65325,non functional
53957,functional
35626,functional
51906,functional
22492,non functional
69572,functional
30948,functional
17350,functional
69404,non functional
39362,non functional
63624,non functional
58606,non functional
23841,functional
60616,non functional
72069,functional
28992,functional
1585,non functional
26003,functional
13218,functional
6047,non functional
70924,functional
4137,functional
30103,functional
68289,functional
12552,functional
54771,non functional
5698,functional
67051,functional
25659,non functional
68816,functional
54868,functional
40773,functional
70586,functional
40718,functional
70182,non functional
67115,functional
34376,functional
43804,non functional
67017,functional
19128,functional
9095,non functional
7075,functional
39955,functional
15762,functional needs repair
26377,functional
60928,non functional
27918,functional needs repair
10043,non functional
14310,non functional
46616,functional
70398,functional
14162,functional
24380,non functional
24159,functional
39633,functional
71706,non functional
12810,functional
46659,functional
67885,non functional
15551,functional
73942,non functional
19057,functional
39454,functional
40768,functional
49224,non functional
65964,functional
61451,non functional
48133,functional
41114,non functional
64892,functional
59661,functional
5709,functional
63676,non functional
18844,non functional
28328,non functional
65889,functional
44124,functional
72204,functional
41399,non functional
29841,functional
22726,functional
34519,functional
73796,functional
9359,functional needs repair
38559,non functional
11999,non functional
58272,functional
71322,functional
26012,functional needs repair
56583,non functional
29774,non functional
74098,non functional
51871,functional
43001,functional
2126,functional
45032,functional
14008,functional
19255,functional
53816,functional
21537,functional
55832,functional needs repair
55172,functional
34219,functional
15128,functional
37010,non functional
39053,functional
37818,non functional
40642,non functional
10732,non functional
3068,functional
41541,functional
55402,functional
42500,functional
47934,non functional
44314,functional needs repair
37431,non functional
54129,functional
67620,non functional
39681,functional
66652,functional
63928,non functional
65712,functional
22706,non functional
10728,functional
25306,functional
6479,functional
49500,non functional
59583,functional
65223,functional
26589,functional
12267,functional
43665,non functional
47577,functional
6691,functional needs repair
19163,functional
2105,non functional
4079,non functional
48535,functional
5230,functional
56,functional needs repair
22433,functional
57647,non functional
1255,functional
27632,functional
17428,non functional
43325,non functional
3714,non functional
46517,functional
13137,functional
13102,functional
29876,functional
9936,functional needs repair
19147,functional needs repair
70548,non functional
31758,non functional
35776,functional needs repair
24885,functional
15209,functional
58390,functional
8033,functional
62199,non functional
5421,non functional
22524,non functional
7670,non functional
15376,non functional
34473,functional
72317,non functional
23042,functional
981,non functional
44231,functional
1765,non functional
20998,non functional
51712,functional
4074,non functional
44424,functional
68574,functional
72200,functional
61833,non functional
42837,functional
11805,functional
26429,non functional
1973,non functional
46661,non functional
16227,non functional
37947,functional
36869,functional
32136,functional needs repair
13636,functional
68641,functional
60646,non functional
51201,functional
70119,non functional
1720,functional needs repair
14059,functional
49554,functional
51725,non functional
46085,non functional
3276,functional
26847,non functional
32965,functional
68719,non functional
37913,non functional
72871,functional
20475,non functional
67919,functional
56466,functional
61420,non functional
40136,functional
74150,functional
20499,functional
3958,functional
51572,functional needs repair
61207,functional
63510,functional needs repair
13580,non functional
9799,functional
55886,functional
59549,functional
61199,functional
51626,functional
27436,non functional
53853,non functional
31086,functional
4462,non functional
37743,non functional
52165,functional
72960,non functional
72576,functional
72563,non functional
6967,non functional
33308,non functional
62143,functional
51207,non functional
44044,functional
3855,non functional
16251,functional
14372,functional
72103,functional
64139,non functional
56281,functional
69043,non functional
62167,functional
63607,non functional
47110,non functional
37569,functional
16900,functional
53613,functional
37811,functional
43088,non functional
71247,functional
72479,non functional
41236,non functional
24010,functional
65146,non functional
39028,functional
24711,functional
17496,non functional
12155,functional
59955,functional
42670,non functional
72085,non functional
65032,functional
8856,non functional
1357,non functional
21516,functional
24142,non functional
34445,non functional
65798,functional
6005,functional needs repair
1036,functional
6421,functional
15884,functional
51515,functional
558,functional
4078,functional
74029,functional needs repair
36822,functional
73047,non functional
24578,non functional
16111,non functional
28823,non functional
46570,functional
6119,functional
61127,non functional
54423,functional needs repair
51632,functional
51204,functional
5471,non functional
52133,non functional
70710,non functional
31011,non functional
38506,functional
41874,non functional
71764,non functional
31645,functional
423,non functional
13928,functional
59530,functional
36079,non functional
11702,functional
69607,functional
41560,functional
55085,functional
38711,non functional
19922,functional
36998,non functional
43084,non functional
49094,functional needs repair
37966,non functional
235,non functional
73017,functional
23802,non functional
23809,functional
41734,functional needs repair
6288,functional
19859,functional
54894,functional
51419,non functional
42240,functional
12250,non functional
58708,functional
8535,non functional
43382,non functional
50908,non functional
66207,functional
18125,functional
33045,functional
70392,non functional
55146,non functional
8665,functional
16102,non functional
59379,non functional
3781,functional
10617,non functional
44483,non functional
47462,non functional
56226,non functional
53290,functional
53550,functional
13439,non functional
64248,functional
38488,functional
69584,non functional
54785,non functional
19073,non functional
62575,non functional
34416,functional
63481,functional needs repair
56086,functional
24611,functional
67328,non functional
31540,functional
5602,functional
55352,non functional
31100,functional
20673,functional
54448,functional
55190,non functional
43225,non functional
35447,non functional
20270,functional
41387,non functional
52501,non functional
28020,non functional
70102,functional
11634,non functional
60059,non functional
63354,functional
5118,functional
44205,functional
24524,non functional
31831,non functional
45749,functional
37267,functional
24021,functional needs repair
24726,functional
35088,functional
43768,functional
24094,functional
14988,functional needs repair
9181,functional
52843,non functional
56181,non functional
50918,functional
59410,functional
29858,non functional
9852,non functional
25278,non functional
5140,non functional
26577,functional
58732,functional
10200,functional
6873,functional
25568,non functional
17434,non functional
30353,non functional
21313,functional needs repair
2115,functional
62558,functional
62489,functional
52701,non functional
57923,functional
23912,non functional
45509,functional
74216,functional
66531,non functional
7991,non functional
66109,functional
26027,functional
9657,non functional
56503,functional
66080,functional
55905,functional
16578,functional
42372,non functional
43724,functional
11100,non functional
28529,non functional
63961,non functional
17181,functional
49388,non functional
36837,functional
16224,functional
15222,non functional
24141,functional
47151,non functional
53712,non functional
56472,functional
25421,functional
11333,functional
65802,non functional
42239,non functional
6231,functional
57085,functional
65925,non functional
49220,functional
32835,non functional
32678,functional
21623,non functional
23134,functional
23945,functional
53424,non functional
38168,functional
34640,functional
40750,non functional
50473,functional
16497,functional needs repair
59054,non functional
15543,non functional
53005,functional
3674,functional
45652,non functional
53629,non functional
51726,functional
11910,non functional
39303,non functional
16936,non functional
68996,functional
32676,non functional
55134,non functional
25513,functional needs repair
32064,non functional
51540,functional
41535,functional
56172,functional
17862,functional
19729,functional
51491,functional
42353,functional
21550,non functional
16616,functional needs repair
57194,non functional
34753,non functional
24487,functional
40054,functional needs repair
46896,functional
59182,functional
72183,non functional
51914,functional needs repair
16934,functional
687,functional
16704,functional
42185,functional
7710,functional
56108,non functional
44250,functional
5866,functional
37844,non functional
24800,functional
29601,non functional
19006,functional
69581,non functional
61070,non functional
29821,functional
24435,functional
6821,functional
49670,functional
35021,functional
11585,non functional
46906,functional
68224,non functional
41394,functional
60730,functional
42716,non functional
7337,functional
25590,functional
22042,functional
37637,functional
25349,functional
62937,non functional
13691,functional
38381,functional
16611,functional
28361,non functional
33281,functional
24378,functional
36541,non functional
25133,functional needs repair
43853,functional
14216,functional
37703,functional
49444,functional
16176,functional
12046,functional
22891,non functional
3772,non functional
14322,non functional
13081,functional
65734,functional
41904,non functional
44765,non functional
45572,functional
66459,non functional
51552,functional
11635,functional
11019,functional needs repair
26174,non functional
42516,functional needs repair
56190,functional
4089,functional
57596,functional
7343,functional
41,functional
52212,functional
43101,functional
1445,non functional
11069,functional
71798,non functional
39185,functional
38245,non functional
7668,functional needs repair
40017,functional
34961,non functional
8424,functional
32452,non functional
6781,non functional
27687,non functional
34063,non functional
13643,functional
72819,functional
61090,functional
58877,functional
44695,functional
29554,non functional
13728,functional
6442,functional
51396,non functional
846,non functional
29421,functional
17400,functional
6914,non functional
17250,functional
16651,functional
12430,functional
2503,functional
41589,non functional
5796,functional
729,non functional
9649,functional
73002,non functional
66516,non functional
59993,functional
54652,functional
41432,non functional
19442,functional
7186,non functional
128,functional
47647,non functional
66062,functional
43981,non functional
11826,functional needs repair
48385,non functional
51393,non functional
21669,non functional
26162,functional
17835,functional
46594,functional
40884,non functional
58764,functional
57438,functional
58917,functional
18788,functional
15743,non functional
25458,non functional
65132,functional
19489,non functional
3311,functional
6863,non functional
72693,non functional
29653,functional
27309,non functional
34379,functional
7699,functional
30715,functional
13097,functional
2491,functional
74044,functional
58879,functional
47687,functional
69647,non functional
26065,functional
52242,functional
16215,functional
40072,non functional
1806,functional
47161,functional
18855,non functional
58974,functional
13240,non functional
42181,functional
36328,functional
29640,functional
16113,non functional
39999,functional
1327,functional
50596,functional
38353,functional
60733,non functional
215,non functional
62783,functional
39190,non functional
23162,functional needs repair
70875,functional
55862,functional
9046,functional
11991,non functional
49092,functional
4126,functional needs repair
21416,non functional
19177,functional
44489,non functional
58878,functional
16754,non functional
54295,non functional
66511,functional
29084,functional
67492,non functional
62477,functional
49506,non functional
12316,functional
67641,functional
6460,non functional
70850,functional needs repair
18805,functional
27134,functional needs repair
51197,non functional
20744,non functional
67314,functional
3254,functional
69266,non functional
71100,non functional
66726,functional
39149,functional
8553,functional needs repair
9221,non functional
45762,functional needs repair
57720,functional needs repair
6029,functional
48066,non functional
27776,functional
17060,non functional
4603,functional
41667,functional
34490,non functional
65947,functional
23470,functional
14983,functional
31757,non functional
24656,functional
53220,non functional
12158,functional
50896,non functional
51154,functional
16109,functional
54345,functional
40221,functional
12680,non functional
52743,functional
46074,functional
52292,functional
21900,functional
47038,non functional
58472,functional
40535,non functional
6703,functional
63031,functional
65527,functional
41900,functional
57529,non functional
69522,non functional
43758,functional
54581,functional
56277,functional
32455,functional
45131,non functional
3114,functional
7276,non functional
56674,functional
50870,functional
46662,functional
19056,non functional
10173,functional
41899,functional
10409,functional
42203,functional
48015,functional
55974,functional
40500,functional
56654,non functional
60,functional
56145,functional
57522,non functional
26611,functional
28891,functional
71,non functional
12105,functional needs repair
62958,functional
580,functional
19914,functional
42864,functional
59555,non functional
47594,non functional
6003,non functional
60353,functional
11793,functional
60116,non functional
28380,functional
71486,functional
56262,functional
4282,non functional
18676,functional
45617,functional
2433,non functional
53418,non functional
53975,non functional
9696,functional
19118,functional
71015,non functional
39138,non functional
22283,functional
34446,non functional
45679,functional
35817,functional
8538,functional
26565,functional
41267,non functional
13765,non functional
24014,functional
41258,functional
37903,functional
57076,non functional
31147,functional
44006,functional
9275,functional
25273,functional
71363,non functional
61530,functional
46103,functional
4853,functional
69873,functional
24905,functional
53455,non functional
44469,non functional
32410,functional
4990,non functional
12937,functional
61512,non functional
42943,functional
18941,non functional
62853,functional
60645,functional needs repair
31877,functional
33274,functional
41371,functional
40342,functional
23771,non functional
16627,functional
10620,non functional
22307,functional
17757,functional
25233,functional
2583,non functional
323,non functional
12960,non functional
51501,non functional
5296,functional
44769,functional
48605,non functional
41546,functional
34182,non functional
49197,functional
15198,functional
19804,non functional
4822,non functional
45243,non functional
48097,functional
7129,non functional
6283,functional needs repair
71965,functional
66378,non functional
26922,functional
7482,functional needs repair
39452,functional needs repair
68943,functional
68180,non functional
66276,functional
65283,non functional
31308,functional needs repair
40128,functional
16503,functional
69661,functional
29095,functional
17753,non functional
57420,non functional
16261,functional
70538,non functional
65194,non functional
72435,functional
64495,functional
35193,non functional
8057,functional
12322,functional
5898,functional
2331,functional
19767,functional
61632,functional
61671,functional
29779,non functional
13557,functional
63387,functional
46295,non functional
55986,functional
51814,functional
1292,non functional
31376,functional
9771,functional
42263,functional
49802,functional
62256,functional
62547,functional
25386,functional
9236,non functional
2517,functional needs repair
73656,non functional
45203,functional
51042,functional
9821,functional
4649,non functional
55272,functional needs repair
68928,functional
73636,non functional
12266,functional
7212,non functional
69294,functional
46995,non functional
25296,functional
54809,non functional
73101,non functional
37632,functional
27268,functional
54211,non functional
36984,functional needs repair
47587,non functional
2657,non functional
54490,functional
46226,non functional
3600,non functional
4181,non functional
31591,functional
61367,non functional
56698,functional needs repair
8332,non functional
50659,functional
62812,non functional
51380,non functional
17863,functional
20286,functional
53132,non functional
34464,non functional
46673,non functional
24438,functional
48094,non functional
16030,functional
17832,functional
67508,functional
46636,functional
74075,non functional
55094,non functional
49006,functional
37354,functional
60236,non functional
3209,non functional
39108,functional
36812,functional
6793,non functional
41476,functional
49518,functional
47567,functional
27346,functional
19392,functional
66025,non functional
57274,non functional
675,non functional
17412,functional
72449,non functional
29907,functional
11594,non functional
42246,functional
3085,functional
49023,non functional
67760,functional
40000,functional
16981,functional
54047,functional
14867,functional
15883,functional
29116,non functional
18071,functional
27276,functional
64562,non functional
70861,functional
55622,non functional
59165,functional needs repair
51132,non functional
35586,functional
27105,non functional
13187,functional
57886,functional
28213,non functional
18488,functional
1577,functional
28263,non functional
21067,functional
7356,functional
2226,functional
674,functional
72887,functional
59542,functional
44620,functional needs repair
16472,functional
13944,functional
38515,functional
59844,non functional
64020,functional
39515,functional
42195,functional needs repair
58130,non functional
16468,non functional
51238,non functional
41193,non functional
26011,functional
57418,non functional
35999,non functional
46525,functional
73917,functional
64358,functional
44010,non functional
70946,non functional
37279,functional
11316,functional needs repair
26948,non functional
67663,non functional
30646,functional
18800,functional
38880,functional
23018,non functional
69164,functional
65759,functional
10655,functional
63675,functional
43034,functional
8958,non functional
46358,non functional
55971,non functional
30136,non functional
66220,functional
17086,non functional
42202,functional
29397,functional
4983,non functional
72073,functional
45764,non functional
40130,functional
56451,functional
52098,functional
1744,functional
51837,functional
45582,non functional
49632,functional
52965,non functional
67208,functional
19909,non functional
12335,functional
13540,functional
71463,functional
21538,non functional
37758,non functional
50112,functional
38189,non functional
67316,non functional
30503,functional
8636,non functional
28174,functional
31820,functional needs repair
26838,functional
5002,functional
74116,functional
64649,functional
23396,functional
51619,functional needs repair
22762,functional
63131,non functional
26493,non functional
5467,non functional
32296,non functional
40669,functional
68334,functional
13678,non functional
43484,non functional
10354,functional
20539,functional
29240,functional
70329,functional
3162,functional
39231,functional
40754,functional
14133,non functional
69543,functional
6262,non functional
54445,non functional
35970,functional
43254,non functional
42277,non functional
11697,functional
71072,functional
35316,non functional
45891,functional needs repair
57687,non functional
34642,non functional
23216,non functional
62439,functional
68479,functional
30084,functional
49217,non functional
51423,non functional
25633,functional
26717,functional
12730,functional
55461,functional
31848,functional
28106,functional
42133,non functional
57241,functional
19306,non functional
62986,non functional
37116,non functional
63927,non functional
4086,non functional
32706,non functional
17011,functional needs repair
70668,functional
44969,non functional
27834,functional
5330,non functional
25274,functional
51925,functional
1536,functional
5119,non functional
58245,non functional
68137,functional
3975,functional
34227,non functional
8200,non functional
23820,functional
5628,functional
45927,functional
73608,functional
4134,functional
9928,non functional
16550,functional
11425,non functional
12803,functional needs repair
32969,functional needs repair
47444,non functional
19227,functional
14736,functional
265,non functional
29769,non functional
40245,non functional
58998,non functional
42363,functional
46025,functional
44123,functional
49971,non functional
45275,functional needs repair
52344,non functional
62146,functional
41847,functional
64183,functional
23233,functional
23129,functional
9190,non functional
10332,functional
65067,non functional
2175,functional
4913,functional
10693,functional
58310,functional
25447,non functional
12653,non functional
50970,functional
13825,non functional
45248,functional
3980,non functional
3131,functional
48020,non functional
1094,functional
52816,functional
65269,functional
72885,functional
33527,functional
26902,non functional
46680,functional
34894,functional
3557,functional
6866,non functional
36992,non functional
26918,functional
51910,non functional
69283,functional
10134,functional
23480,functional
869,functional needs repair
4547,non functional
7763,functional
36726,non functional
24075,functional
19641,functional
55483,non functional
21039,non functional
60347,non functional
60713,functional
27069,non functional
28515,non functional
54900,non functional
49598,functional
38594,functional needs repair
56408,non functional
32244,functional
36204,non functional
57349,functional
16791,functional
17273,functional
57287,non functional
9710,functional
5665,functional
44820,non functional
26590,functional
49036,non functional
140,functional
27241,functional
57710,non functional
52391,non functional
48897,functional
25821,functional
55573,functional
29669,functional
21024,functional
52262,functional
10471,non functional
64041,non functional
68196,non functional
72736,functional
71207,non functional
64513,functional
57958,functional
26599,functional
39432,non functional
18392,non functional
76,functional
50389,non functional
64077,functional
13349,functional
30629,functional
62999,functional
19910,functional
27257,non functional
29931,functional needs repair
46546,functional needs repair
32412,non functional
21231,functional
36095,functional needs repair
48753,non functional
73892,non functional
31450,functional
37145,non functional
53047,non functional
56556,functional
5111,functional needs repair
33622,functional
72963,non functional
47144,functional
14967,functional needs repair
15486,non functional
9522,functional needs repair
28271,non functional
30620,functional
11613,non functional
65827,functional
5538,functional
67274,functional
7979,functional
52036,functional
4521,functional needs repair
45962,functional
14987,functional
42950,functional
48387,functional needs repair
68675,functional needs repair
53181,non functional
42046,non functional
71816,functional
35175,non functional
49810,functional needs repair
31168,functional needs repair
4001,functional needs repair
61877,non functional
52803,functional
24577,non functional
8584,functional
19566,non functional
73739,non functional
5767,functional
44119,functional
20307,non functional
7502,functional
73686,functional
33188,non functional
16561,non functional
62686,functional needs repair
8316,functional
20901,functional
60266,non functional
2329,functional
64261,non functional
22175,functional
61668,functional
23611,non functional
16604,non functional
606,functional
33108,non functional
19230,non functional
15348,functional
43642,functional
45838,functional
33975,functional
43934,functional
24674,functional
73257,non functional
43504,non functional
42259,functional
2034,functional
58927,functional
19833,non functional
57462,functional needs repair
21515,functional
30996,non functional
27023,functional
9116,non functional
31161,non functional
18708,non functional
42677,non functional
14279,functional
67521,non functional
61879,functional
27363,non functional
68197,functional
56925,functional needs repair
37728,non functional
39818,non functional
44603,non functional
28493,functional
15415,functional
47557,functional needs repair
57043,functional
59359,non functional
41770,functional
50792,functional
36205,non functional
61421,functional needs repair
39990,non functional
64621,functional
68096,non functional
9452,functional
9828,functional
16729,functional
48292,non functional
53612,functional
43460,functional
53169,functional
14441,non functional
57283,functional
50423,functional
54248,non functional
67401,functional
14463,non functional
48808,functional needs repair
70787,functional
71953,non functional
62200,non functional
52185,non functional
57452,functional
68445,functional
6833,functional
717,non functional
41389,non functional
68350,functional
22416,functional
49847,non functional
42186,non functional
59818,non functional
24783,non functional
26050,functional
70840,functional
64243,functional
40986,functional
49914,functional
67097,functional
73262,functional
61915,functional
70628,functional needs repair
17585,functional
27855,non functional
48291,functional
49723,functional
12992,functional
50998,functional
70227,non functional
9019,non functional
37658,non functional
66122,functional
55999,non functional
52599,functional
70753,functional
60617,non functional
24127,functional
61339,functional
14978,non functional
69315,non functional
15740,functional
26998,functional
68729,functional
67053,functional
65187,functional
64617,functional
72474,functional
56632,functional
62497,non functional
42014,functional
70508,non functional
19432,functional
73256,functional
10104,non functional
71362,functional
46355,functional
2730,non functional
56534,functional
15849,functional
12052,functional
45475,non functional
64130,non functional
24764,functional
23935,non functional
24801,non functional
21913,functional needs repair
26961,functional
23419,functional
48602,functional
17693,functional
37066,functional
40075,functional
57952,non functional
62271,functional needs repair
16459,functional
2307,functional
64678,functional
1141,functional
60471,functional
23560,functional
13152,functional
4211,functional needs repair
69448,non functional
27066,functional
62218,non functional
6147,non functional
24006,functional
50907,non functional
54329,functional needs repair
10474,functional
9297,functional
64692,non functional
34614,functional
12908,non functional
58949,functional
25237,functional
20249,functional
25240,functional
49390,non functional
3093,non functional
48618,non functional
46091,non functional
47061,non functional
62675,non functional
6378,functional
65496,non functional
70357,functional
70418,functional
39725,functional
40445,functional
20158,non functional
35525,non functional
44560,functional
104,non functional
45990,functional
53566,non functional
12895,non functional
69488,non functional
35476,functional
14397,non functional
9353,non functional
71949,functional needs repair
36136,non functional
64551,functional
12486,functional
63708,functional
24042,functional
31042,functional
4232,functional
43081,functional
50078,functional
17497,functional
6823,functional
11116,non functional
34780,functional
39887,non functional
36242,functional needs repair
33241,functional
27951,non functional
32089,functional
66211,functional
58077,non functional
5764,non functional
43521,functional
37718,functional
23978,functional needs repair
42904,functional
71694,functional
58700,functional
39573,functional
12597,functional
25301,functional
21725,functional
71616,non functional
3465,non functional
35780,functional needs repair
44716,functional
5896,functional
68575,functional
6013,functional
45109,functional
18946,functional
30410,functional
16552,functional needs repair
67591,functional
57851,functional
9959,functional
16804,functional needs repair
55056,non functional
16707,functional
12522,non functional
37193,non functional
1891,non functional
7641,functional
25630,functional
37093,functional
58074,functional
56016,non functional
2322,functional
51371,non functional
47940,non functional
66158,non functional
7858,non functional
9702,functional
21056,functional
46403,functional
30588,non functional
18213,functional
33970,functional
48059,non functional
5693,functional
65369,non functional
48137,non functional
35514,functional
15786,functional
65858,functional
36118,non functional
70150,non functional
14354,non functional
37839,functional
59646,functional needs repair
30146,non functional
24505,functional
6782,functional needs repair
36581,functional
60096,functional
40602,functional needs repair
1368,non functional
43848,non functional
51216,functional needs repair
38450,non functional
39557,non functional
21683,functional
11945,non functional
28327,non functional
25791,functional
69132,functional
42120,non functional
67170,functional
9366,non functional
7271,functional
61394,non functional
7371,non functional
50251,functional
41217,functional needs repair
42340,functional
513,functional
40713,functional
3804,functional needs repair
46648,functional
15773,non functional
23025,functional
53847,functional
55926,functional
24320,functional
2352,functional
18827,functional
63266,non functional
49555,non functional
71409,functional
27667,functional
53216,functional
24542,non functional
36513,functional
58060,functional
22471,non functional
8063,functional
17141,functional
40538,functional
52505,functional
39806,functional needs repair
18136,non functional
67130,functional
28635,functional
44724,functional
24600,functional
66318,non functional
51443,functional
39652,functional
29280,functional
66549,functional
25128,non functional
74214,non functional
36175,non functional
62011,non functional
71452,non functional
26469,non functional
25276,functional
22925,functional
13970,non functional
48978,functional
36125,functional
21197,non functional
10056,non functional
43878,functional
1050,non functional
64381,functional
56175,non functional
42589,non functional
18434,functional
1590,functional
458,functional
61695,functional
59476,functional
65115,functional
40588,functional
43640,functional
11450,non functional
70534,non functional
16853,functional
50301,non functional
3659,non functional
32475,functional
26315,non functional
61635,functional
73997,functional
27323,non functional
47757,non functional
27054,functional
60627,non functional
38916,non functional
7196,functional
36264,functional
354,functional
58038,functional
59740,non functional
36316,non functional
48785,functional
35439,functional
65174,functional
26470,functional
4717,functional
60980,functional needs repair
2184,functional
47044,functional
67118,functional
51085,functional
63934,functional needs repair
14981,non functional
59190,functional
15231,non functional
2521,non functional
8174,functional needs repair
28103,non functional
12689,functional
30137,functional
21242,functional
16610,functional
23454,non functional
46757,non functional
53973,functional
30597,functional
34184,functional
2608,non functional
2129,functional
10809,functional needs repair
43759,non functional
63995,functional needs repair
18431,functional
3453,functional needs repair
20141,functional
56317,functional
39060,functional
16727,non functional
11008,functional
22952,non functional
70138,functional
35797,functional
46269,non functional
39672,functional needs repair
57307,functional needs repair
72099,non functional
1739,functional
66782,functional
7109,functional
22376,functional
40024,non functional
33193,functional
5897,functional
57689,non functional
1318,functional needs repair
48692,functional
38762,functional
58333,non functional
63801,non functional
50879,functional
23161,functional
15978,functional needs repair
7330,functional
57090,non functional
33256,functional
25097,functional needs repair
56560,functional needs repair
25667,non functional
61044,non functional
3185,functional
72858,non functional
55794,non functional
42044,non functional
57771,non functional
53031,non functional
61647,functional
40511,functional
2118,functional
61073,non functional
21693,functional
7437,functional
58619,non functional
3243,functional
52225,functional
31316,functional
72905,functional
69508,functional
49209,functional
25612,functional
31076,functional needs repair
53674,functional
39858,functional
1239,functional
24804,functional
10151,functional
35856,non functional
4058,non functional
71673,non functional
3472,functional
20461,non functional
63626,non functional
61849,functional
36417,functional
39165,functional
5400,non functional
22731,functional
4318,functional
3387,functional
14470,non functional
10178,functional
46483,functional
21534,non functional
42653,non functional
20315,functional
7634,functional
1487,functional
28959,non functional
74237,non functional
34807,non functional
61296,non functional
27119,non functional
18513,non functional
34933,functional
35631,non functional
20996,functional
18760,functional
42270,non functional
14924,non functional
3393,functional
37484,functional
55702,functional
54034,functional
43646,functional
67985,non functional
12465,non functional
39063,functional
14107,non functional
4565,functional
46196,non functional
61694,functional
67215,functional
60791,non functional
47124,functional
73293,functional
38590,functional
41511,non functional
26016,functional
5512,functional
16449,functional
35990,non functional
54858,functional
35036,functional
40203,non functional
47464,non functional
63191,functional needs repair
29793,functional
19414,functional
63834,functional
38532,functional
27801,functional
59098,non functional
20114,functional needs repair
13169,functional
54079,functional
34425,functional
71032,functional
34192,functional
68679,functional
57578,functional
70394,functional
64234,non functional
20902,functional
69451,non functional
46162,functional
70634,functional
41473,non functional
7272,functional needs repair
68745,non functional
15185,non functional
13052,non functional
32667,functional
40205,non functional
14169,functional
56471,functional
63926,non functional
48633,functional needs repair
23418,functional
64863,non functional
41291,non functional
21792,non functional
35202,functional
11207,non functional
56428,functional
35069,non functional
47666,functional
6835,functional
7877,functional
4723,non functional
56609,functional
19835,functional
28784,functional
30911,non functional
27551,non functional
70163,functional
13705,non functional
15343,non functional
31003,functional
21142,non functional
21205,functional needs repair
68331,functional
56343,functional
41464,non functional
70915,functional
41993,functional
61773,non functional
5967,functional
4780,functional
43141,functional
52515,non functional
5916,functional needs repair
50684,non functional
22817,functional
27509,functional
45756,non functional
26185,functional
68321,functional
34148,functional
12472,functional
28921,non functional
57404,non functional
9225,functional needs repair
39385,non functional
63258,functional
59973,non functional
6281,functional
52427,non functional
57718,non functional
71155,functional
44858,functional
62655,functional
58108,functional
56214,functional
15390,functional
23459,non functional
23124,functional
8372,functional needs repair
15699,non functional
13687,non functional
22378,functional
57040,functional
20979,functional
43703,non functional
59727,non functional
45627,non functional
16157,non functional
44642,functional needs repair
1559,functional
17550,functional
68,non functional
6801,functional
6553,functional
18873,functional
11890,non functional
55362,functional
29036,non functional
48804,non functional
21244,functional
56457,functional
66972,functional
4569,functional needs repair
37780,functional
2484,non functional
66654,non functional
27930,functional
20823,non functional
31705,functional
47459,functional
29976,functional
35406,functional needs repair
4550,functional
49726,functional
73278,functional
11950,functional
36448,functional
5116,non functional
24290,functional
61560,functional
844,functional
13544,non functional
45849,functional
57366,functional
53958,functional
3090,non functional
41538,non functional
40725,functional needs repair
67456,non functional
24570,functional
23199,non functional
32000,functional
8790,functional
64795,functional
9970,non functional
62654,non functional
37128,functional
5072,functional
6600,functional
3743,non functional
41869,non functional
37720,non functional
12226,functional
10298,functional
15386,functional
58922,functional
27840,functional
21196,non functional
28356,functional
347,functional
7579,non functional
15806,functional
35744,non functional
4076,functional needs repair
62474,non functional
37884,non functional
58688,non functional
62108,functional
58014,functional
2445,functional
61590,functional needs repair
39241,functional
5953,non functional
70276,functional
21769,non functional
56138,non functional
2297,functional
14841,non functional
25819,non functional
43428,non functional
887,functional needs repair
10785,functional needs repair
23606,non functional
53432,functional
47485,functional needs repair
52811,non functional
31413,non functional
19818,non functional
58076,functional needs repair
54698,functional
66618,non functional
40058,functional
54187,non functional
13761,non functional
39979,functional
50313,non functional
64655,functional
5950,functional
52791,non functional
39159,functional
67325,functional
26722,functional
50575,non functional
73277,functional needs repair
6470,non functional
31943,non functional
62883,functional
63550,non functional
43418,non functional
26294,functional
2764,non functional
21110,functional
62410,functional needs repair
23366,non functional
35965,functional
45145,functional
51,non functional
65717,non functional
58351,non functional
5687,functional
71372,functional
25180,functional
70704,non functional
43391,functional
27336,functional
22385,functional
36840,functional
49727,functional
12817,functional
8239,non functional
34920,functional
19538,non functional
18790,functional
7998,functional
50588,functional
47752,non functional
59003,non functional
52880,non functional
71672,non functional
30679,functional
41516,functional
4609,non functional
41304,non functional
7707,non functional
10263,non functional
18970,non functional
38823,non functional
60354,functional
71736,non functional
64663,functional
61217,functional
12781,functional
50580,functional
69412,non functional
71341,functional needs repair
32620,non functional
1845,functional
55031,functional needs repair
2542,functional needs repair
27133,non functional
69713,functional
3824,non functional
25784,functional
37498,functional
11862,functional
48591,functional
9047,functional
65036,functional
32427,functional
39144,functional needs repair
69827,non functional
46313,functional
31412,non functional
60104,functional
19828,functional
50835,functional
35070,non functional
8472,non functional
6891,functional needs repair
64405,functional
64012,non functional
11682,functional needs repair
18633,functional
15857,functional
57669,non functional
56177,functional
23205,non functional
24507,functional needs repair
65374,non functional
35054,non functional
31620,non functional
44681,functional
12620,functional
63603,functional
30472,non functional
74034,non functional
37158,functional
53888,functional
6374,functional
20781,functional
53916,non functional
51145,functional needs repair
30,functional
53836,functional
29518,non functional
50936,functional needs repair
41797,non functional
22166,functional needs repair
60647,non functional
48700,functional
15858,functional
23896,non functional
804,non functional
42431,functional
8451,non functional
33656,functional
10322,functional
59571,non functional
43395,functional
30108,functional
37679,functional
37648,functional
43385,functional
38215,non functional
36697,functional
29148,functional
16825,functional
58139,non functional
55453,functional
65612,non functional
44575,functional
46511,functional
7934,functional
44664,functional
73756,non functional
63576,functional
66665,non functional
60093,functional
17429,non functional
22459,functional
49716,functional
35560,functional needs repair
58901,non functional
69855,functional needs repair
4904,non functional
64356,functional
44744,non functional
70332,functional needs repair
39078,non functional
33034,functional
24160,functional
3993,functional
72692,functional
6423,non functional
52517,functional needs repair
56349,non functional
27118,functional
32254,non functional
12646,functional
51006,non functional
47226,non functional
40300,non functional
27078,functional
45961,non functional
48974,non functional
15561,functional
32618,functional
34774,functional
64240,functional
8133,non functional
1970,functional
27057,functional
43901,functional
56680,functional
29077,non functional
49970,functional
72823,functional
30596,non functional
69007,functional
8030,non functional
57292,functional
48872,functional
12893,functional
25471,functional
46436,functional
55106,non functional
13131,functional
34731,functional
21349,functional needs repair
22685,functional needs repair
12850,functional
42535,functional
19127,non functional
37105,functional needs repair
56798,non functional
6483,non functional
38651,non functional
35558,functional
16620,non functional
5263,non functional
8745,functional
63701,functional
8878,functional
40495,functional
1213,functional
56334,functional
55560,functional
72378,non functional
63523,non functional
28273,functional
14714,non functional
55711,functional
54995,functional
61198,functional
64813,functional
1824,functional needs repair
34160,functional needs repair
35358,non functional
30396,functional
28175,functional
73941,functional
21921,non functional
32957,non functional
16021,functional
29975,functional
39655,functional needs repair
61610,non functional
8883,functional needs repair
47312,non functional
68149,functional needs repair
11658,non functional
37090,non functional
68404,non functional
48676,non functional
23188,non functional
14862,functional
70078,functional
31632,functional
35146,non functional
30134,non functional
24365,non functional
50286,functional
64061,functional
69345,functional
10349,non functional
41413,non functional
71535,non functional
30102,functional
47697,non functional
18283,functional
22414,functional
42845,non functional
41909,functional
69745,functional
26532,non functional
59897,non functional
58945,functional
30049,functional
4966,functional
65116,non functional
17761,functional
32807,functional needs repair
27383,non functional
71184,non functional
20509,functional
62687,non functional
41624,functional
55788,non functional
6586,functional
11053,functional
30660,functional
32700,functional
17658,functional
67512,non functional
12315,non functional
32473,functional needs repair
61234,functional
62884,functional
64283,functional
11432,functional
53592,non functional
46788,non functional
12420,non functional
2283,non functional
54365,functional needs repair
36769,functional
58100,functional needs repair
35052,functional
9158,non functional
34932,functional needs repair
18253,non functional
5419,functional
51528,non functional
29607,non functional
41265,functional needs repair
68990,functional
32967,non functional
51790,functional
37096,functional
69730,non functional
44556,functional
43631,non functional
22114,non functional
20717,non functional
39308,functional
23805,functional
41452,non functional
58125,functional
60445,functional
69144,non functional
51123,functional
48659,functional
10855,non functional
52016,functional
11791,non functional
60177,functional
46165,functional
59046,non functional
72711,functional
46337,non functional
67507,functional
57593,functional
45029,functional
19671,non functional
46283,non functional
70930,functional
57417,functional
4568,functional
68747,functional
20308,functional
29953,functional
47353,non functional
19399,non functional
16564,non functional
14140,non functional
50380,functional
37131,functional
1641,functional
15624,functional
21473,functional
16448,functional needs repair
39518,functional
64101,functional needs repair
29003,functional
54545,functional
30096,functional
7312,functional
34263,functional
60582,functional
61405,functional
37995,functional
64715,functional
28337,non functional
41388,functional
52164,functional
13486,functional
70988,non functional
16142,functional
73536,non functional
21303,non functional
68849,functional
12130,functional
49679,non functional
24763,non functional
52896,non functional
26094,functional
33710,functional
31793,functional
17233,non functional
71429,functional
24395,non functional
12120,functional
55445,functional needs repair
21120,functional
27558,non functional
40970,non functional
15204,functional needs repair
22369,functional
49519,non functional
60198,non functional
63000,functional
28161,functional needs repair
28852,functional
61863,non functional
1135,functional needs repair
7553,non functional
57765,functional
33318,functional
57265,functional
55621,non functional
72999,functional
20323,non functional
16509,functional
69781,non functional
45180,functional
17881,functional
23468,non functional
56430,functional
36092,functional needs repair
3175,functional
65538,functional needs repair
30391,functional
16253,non functional
9926,functional
43050,functional
58555,functional
28087,non functional
73207,functional
27936,functional
53824,non functional
56566,non functional
8105,non functional
49824,functional
24687,functional
25223,functional
63697,functional
12483,non functional
45490,functional
17674,functional
190,functional
64219,non functional
40756,non functional
47856,functional needs repair
15237,non functional
62428,functional
5043,non functional
32425,non functional
59925,functional
39433,functional
7416,functional
28143,non functional
52045,functional
48979,functional
58356,functional
17603,functional
18613,non functional
67735,non functional
31797,functional
20837,non functional
73244,functional
53780,functional
71975,non functional
10500,non functional
58419,functional
12916,non functional
47197,functional
68725,functional
65308,non functional
11602,functional
56597,functional
5416,non functional
66102,functional
73832,functional
43002,functional
5168,functional
68172,functional
28278,functional
57636,functional
54484,functional
63543,functional
34189,functional
41288,functional
42497,non functional
67428,functional needs repair
75,non functional
10297,non functional
72751,functional
46527,non functional
64087,functional
37270,functional
49433,functional
73613,functional
59891,non functional
29989,functional
63136,functional
4813,functional
44344,non functional
51963,functional
61078,non functional
3408,functional
41975,functional
3147,functional
44156,non functional
43806,non functional
5180,non functional
10360,functional
38144,non functional
14271,functional
57650,non functional
35598,non functional
41602,non functional
45187,non functional
52894,non functional
41505,functional
53225,functional
17446,non functional
7090,functional
3184,non functional
59217,functional
62295,functional
15488,functional
32310,non functional
43429,functional
73252,non functional
39740,functional
12602,functional
30676,functional
65327,functional
28828,functional
65451,functional
30600,functional
61928,non functional
15892,non functional
12784,non functional
72741,non functional
12057,non functional
61299,non functional
46558,functional
8660,non functional
56102,functional needs repair
29657,functional needs repair
22063,non functional
28481,functional
37562,functional
71474,non functional
20312,functional
68924,functional
28808,non functional
7907,functional
64922,non functional
30746,functional
30730,functional
6747,non functional
42314,functional
23251,non functional
40751,functional
22037,functional
42066,non functional
18730,non functional
25413,functional
15154,non functional
3767,non functional
19901,functional
749,functional
33935,non functional
10914,functional
10666,non functional
71170,functional
764,functional
8527,functional
44932,functional
18034,functional
10642,functional
10479,functional
74006,functional
68477,functional
48577,functional
18894,non functional
63707,functional
17204,functional needs repair
50683,non functional
70,non functional
5410,non functional
61895,non functional
16455,functional
67614,functional
17750,non functional
30307,functional
3300,functional
39693,functional
35027,functional needs repair
64184,non functional
12381,non functional
44474,non functional
59051,functional
37713,functional
17091,non functional
17129,functional
59731,non functional
32539,functional
46671,non functional
28483,functional
67889,functional
32497,non functional
25396,functional
26390,functional
26383,functional
13465,functional
13658,functional
72806,functional
30570,non functional
13233,functional
73376,non functional
35161,non functional
40148,functional
26398,non functional
32997,functional
35101,functional
19160,functional
30095,non functional
21661,functional
49894,non functional
34567,functional
71961,non functional
73949,functional
19197,functional
59958,non functional
53194,functional
62569,non functional
19467,non functional
34186,functional
10268,functional needs repair
9101,functional
64564,functional
50029,functional
12252,non functional
19455,non functional
51558,non functional
7230,functional
2440,non functional
64669,non functional
68662,functional needs repair
58824,functional
18147,non functional
52770,non functional
12755,functional needs repair
30000,functional
4333,non functional
19673,functional
31173,non functional
26880,functional needs repair
64249,functional
66041,functional
25026,functional
23284,functional
43210,functional
34934,functional needs repair
17040,functional
16687,functional
28555,functional
14388,functional
73948,non functional
17431,functional
49260,functional
70024,functional
1118,functional
36677,non functional
30993,functional
41296,non functional
53315,non functional
11217,functional
28532,functional
19500,non functional
43620,functional
3901,non functional
50261,functional
15536,non functional
41877,functional
53823,functional needs repair
54500,functional
44324,non functional
74122,functional
44002,functional
8914,non functional
48312,functional
53551,functional
64108,functional
7335,functional
19451,non functional
51093,functional
57784,non functional
17885,functional
17252,non functional
55492,functional needs repair
50233,non functional
39645,non functional
52671,non functional
44358,non functional
2128,functional
60203,functional
38352,functional
40992,non functional
64098,non functional
8978,functional
37895,functional
52919,functional
8381,non functional
58444,non functional
53614,functional
20562,functional
16678,functional
44547,functional
48245,functional
31246,non functional
43114,non functional
48374,non functional
66268,non functional
27316,functional
1911,functional needs repair
26157,functional
1774,non functional
54629,non functional
32597,non functional
40073,functional
59620,functional
43695,non functional
36676,functional
24875,non functional
62187,functional
26695,functional
73870,functional
43576,functional
20866,functional
35727,functional
37399,functional
33490,functional
24512,non functional
19857,functional needs repair
7982,non functional
55234,functional
56743,non functional
57030,functional
68189,non functional
6219,non functional
3407,functional
50733,non functional
51373,non functional
41283,functional
70153,non functional
20490,functional
5626,functional
32172,functional
7675,functional
56247,non functional
48256,functional
35184,non functional
4726,functional
25841,non functional
55104,functional
30723,functional
66450,functional
34387,functional needs repair
71251,non functional
29327,functional
27824,functional
8251,functional
50757,functional
26346,functional
11767,functional
8781,functional
32081,non functional
17604,functional needs repair
57833,functional
29574,functional
48259,functional
67789,functional
44180,functional
21383,functional
21141,functional
55855,functional
27731,functional
37660,functional
37592,functional needs repair
40099,non functional
45704,functional
7930,non functional
45254,functional
5362,non functional
22897,non functional
12693,non functional
12709,non functional
25618,functional
69078,non functional
54160,functional
73826,functional needs repair
27161,non functional
69609,non functional
47482,functional
17325,functional needs repair
44225,functional
27965,functional
47443,non functional
64407,functional
10697,non functional
41632,functional
45269,non functional
69935,functional
70167,functional
47069,functional
70311,non functional
34128,functional
61050,functional
62479,functional needs repair
31103,non functional
33015,non functional
66708,functional
25236,functional needs repair
6849,functional
58093,functional
13247,functional
52498,functional
42480,functional needs repair
66076,non functional
806,functional
69887,functional
44463,functional
38090,functional
46476,functional
29663,non functional
31062,functional
19745,functional
61921,non functional
54320,functional
6139,non functional
57808,non functional
35136,functional
39873,functional
69301,non functional
22659,non functional
54444,functional
65393,functional
67140,non functional
39047,non functional
41078,functional
29356,non functional
73537,functional
28736,non functional
34216,functional
46510,non functional
3702,functional
5312,functional
36591,non functional
22602,non functional
39123,non functional
44931,functional
60516,non functional
47607,functional needs repair
70315,non functional
65665,non functional
16640,functional
20536,non functional
63318,functional
71002,functional
19433,functional
49082,functional
16278,non functional
25878,functional
10600,functional needs repair
43355,non functional
33383,non functional
28985,non functional
54298,non functional
64735,non functional
46336,non functional
57261,functional
27009,functional
8818,functional
58670,functional
43872,functional
35957,non functional
17666,functional
32294,non functional
47773,functional
69705,functional
64404,functional
66344,non functional
24398,non functional
71021,functional
30082,functional
51377,non functional
38263,non functional
40901,non functional
73858,functional
51637,functional
26858,non functional
11916,functional
204,functional
12333,functional needs repair
30632,functional
55319,functional
36081,functional needs repair
12927,functional
19976,functional
21808,functional needs repair
33123,functional
11298,functional
41985,functional needs repair
30452,functional
2794,non functional
71592,functional
3691,non functional
56948,non functional
7175,functional needs repair
73452,functional
8642,non functional
38452,non functional
22182,non functional
43765,non functional
52319,non functional
47063,functional
3122,non functional
31609,non functional
35784,functional
60424,functional
56427,functional
3076,functional
60367,non functional
30209,functional
1447,functional
42802,functional
23737,non functional
185,functional
2391,functional needs repair
10535,functional
21512,non functional
5165,non functional
42974,functional
34928,functional
41730,non functional
65859,non functional
67098,non functional
12928,functional
68250,non functional
32994,functional
50033,functional
57415,functional needs repair
32317,non functional
39692,functional
35757,functional
27643,functional
68080,functional
27534,functional
11489,functional
27725,functional
61982,functional
68893,functional
33576,non functional
16095,functional
38672,functional
57294,functional
50649,functional
51921,functional needs repair
52475,functional
18769,non functional
61873,functional
73279,non functional
12996,non functional
66886,functional
19603,functional
69540,non functional
10067,functional needs repair
72269,functional
33464,functional
15676,functional
13168,functional
57463,functional
49987,non functional
7756,functional
53858,non functional
16726,non functional
18536,functional
41129,functional needs repair
26604,functional needs repair
72838,non functional
57773,functional
19966,non functional
55548,functional
25776,non functional
6817,non functional
47106,non functional
24482,non functional
13444,functional
26530,functional needs repair
57084,functional
34565,non functional
11856,non functional
26126,non functional
34808,functional
3054,functional
67007,functional
40046,functional
30041,non functional
61744,non functional
25653,non functional
44212,functional
13009,functional
59353,functional
53180,functional
53632,functional
54997,functional
59809,non functional
29496,non functional
42299,non functional
20848,non functional
4695,functional
11554,functional
65109,functional
65014,functional
21065,functional
17672,functional
64749,non functional
27412,functional
73731,functional
32911,functional
56368,functional
41756,non functional
63161,functional
11194,functional
41239,functional
63589,functional
16149,non functional
41085,functional
49475,functional
73934,functional needs repair
68048,functional
46735,functional
56552,functional
38986,non functional
39305,non functional
36782,functional
38176,functional
15444,functional
4399,functional
8146,non functional
37371,functional
70822,non functional
62951,non functional
69654,non functional
30385,functional
66176,functional
59462,functional
29861,functional
21518,functional
17262,non functional
69888,functional
49527,non functional
63168,non functional
12283,functional
11472,non functional
41144,functional
42831,functional
65568,non functional
52300,functional
11506,functional
49998,functional
66161,functional
5999,functional
39984,functional
65433,non functional
59758,non functional
18537,functional
23110,functional
40436,non functional
51039,non functional
58799,functional
65580,functional
43316,functional
52955,non functional
36532,functional
71201,non functional
12240,functional
26771,non functional
66290,non functional
26888,functional
17093,functional needs repair
29731,functional
60765,functional
56462,functional
68364,functional
814,non functional
32867,non functional
4577,functional
14237,non functional
27637,functional
6686,non functional
60273,non functional
65481,functional
65098,non functional
26123,functional
11,non functional
41393,non functional
838,non functional
56981,functional
31373,non functional
44754,functional
63827,non functional
65409,functional
38044,functional
43799,functional
24592,functional
70144,functional
59606,non functional
60903,non functional
50862,non functional
20150,non functional
15882,non functional
53745,functional
52575,non functional
64254,non functional
56840,functional
19959,functional needs repair
8476,functional
50268,functional
55032,functional
45452,functional
54114,functional
27838,non functional
1976,non functional
62357,functional
64572,non functional
60078,functional
22372,functional
52371,functional
51064,non functional
59876,functional
47400,functional
22630,functional
54142,functional
20495,functional
42451,functional
16024,functional
72277,functional
68475,non functional
4187,non functional
36673,non functional
29106,non functional
20282,functional
5865,functional
72554,non functional
10420,non functional
55494,functional
48826,non functional
41915,functional needs repair
8391,non functional
66853,non functional
67717,non functional
18319,non functional
66988,functional needs repair
52058,non functional
36918,functional
74142,non functional
41914,non functional
38236,non functional
63910,non functional
12811,functional
56881,functional needs repair
69687,functional
16294,functional
64857,non functional
42020,non functional
30565,non functional
73096,non functional
39563,functional needs repair
19144,functional
66482,functional
11460,non functional
35806,non functional
50338,functional
26939,non functional
70472,non functional
14823,functional
36121,non functional
31566,functional needs repair
67437,functional
13309,functional
66526,functional
15886,functional
67704,functional
19796,functional
42330,functional needs repair
35423,functional
8989,functional
28149,functional
71116,non functional
44494,functional
24367,functional
26476,non functional
3260,functional
58562,functional
5946,non functional
6846,non functional
61064,non functional
68784,non functional
54605,functional
9765,functional
57403,non functional
43923,functional
61536,functional
54283,functional
52841,functional
64927,functional needs repair
26725,functional
32036,functional
11900,non functional
62234,functional needs repair
65463,non functional
8628,functional
41077,functional
15263,non functional
43536,functional
12540,functional
59746,non functional
63629,non functional
53460,functional
48837,non functional
26784,functional needs repair
37504,non functional
22164,functional needs repair
19720,functional
33941,functional
72686,non functional
62700,functional
62723,functional
24937,functional needs repair
48098,functional
72540,functional needs repair
35522,non functional
32256,functional
37787,non functional
33100,functional needs repair
6564,non functional
13613,non functional
24005,functional
54754,functional
44748,functional
71383,functional
32170,non functional
17441,functional
29720,functional
6611,non functional
9304,functional
11953,functional
10018,functional
47396,non functional
9491,functional
2654,functional
35577,non functional
40431,non functional
3062,functional needs repair
36728,functional
37939,functional
67191,functional
22056,non functional
12832,non functional
5695,functional
30610,non functional
32211,non functional
21842,functional
68644,functional
53538,functional
48727,non functional
412,non functional
28721,non functional
48716,functional
44689,functional
9805,non functional
29168,functional
58453,functional
33670,functional
17209,functional
65971,functional
72492,non functional
52612,non functional
8053,non functional
24212,non functional
18918,non functional
72795,non functional
1212,non functional
13801,functional
64529,functional needs repair
40714,non functional
26173,non functional
42688,functional
36741,functional needs repair
32742,non functional
26391,functional
50152,functional
10302,functional needs repair
9754,functional
21720,functional
63039,functional
65708,non functional
17501,functional
53517,non functional
18920,functional
44169,non functional
62081,non functional
30422,non functional
57848,functional needs repair
70639,functional
24116,non functional
67269,non functional
58633,functional
42690,functional
18723,non functional
1288,non functional
67770,non functional
27634,non functional
35269,non functional
18311,non functional
2707,non functional
63471,functional
524,functional needs repair
53682,non functional
16728,non functional
29539,non functional
19268,functional
59296,non functional
49654,functional
71188,non functional
15277,functional
65558,non functional
35836,functional
18973,functional
28094,functional
37967,non functional
27508,functional
50967,non functional
29824,non functional
37740,non functional
22066,functional needs repair
66587,functional
16625,non functional
67712,functional
45651,non functional
64699,non functional
21790,non functional
57577,functional
34274,non functional
27093,non functional
43475,non functional
24617,non functional
62304,functional
28239,functional
5573,functional needs repair
55729,functional needs repair
11536,non functional
68974,functional
23316,non functional
2429,functional
61839,non functional
61103,non functional
44298,functional
71891,functional
21908,functional
3754,functional
15632,non functional
53892,non functional
57882,functional
74109,functional needs repair
53599,non functional
12963,functional needs repair
64843,non functional
73732,non functional
72571,functional
28830,functional
58747,non functional
21535,non functional
19131,functional
73848,non functional
28687,functional
26388,functional
71720,functional
48945,functional
19758,functional
42563,non functional
69203,functional
1555,functional needs repair
33621,functional
56365,non functional
12847,functional
11361,non functional
28252,functional
32616,non functional
68992,non functional
45194,functional
72762,functional
69177,functional needs repair
10388,non functional
2251,functional
43077,functional
65559,non functional
73169,functional
39766,non functional
74159,functional
53100,functional
3391,functional
15019,non functional
3359,non functional
23325,non functional
49574,functional
7024,functional
30671,non functional
65288,functional
27926,functional
63041,functional
3140,functional
14670,functional
10822,functional
28952,functional
15565,non functional
10321,functional needs repair
62870,functional
40979,functional
25818,functional
55796,non functional
20620,functional needs repair
16959,functional needs repair
65755,functional
778,non functional
19773,functional
73109,functional
41298,functional
69651,functional
51353,functional
18880,non functional
37082,functional
48031,functional
68004,functional
59480,non functional
64144,functional
20303,non functional
7033,non functional
3008,functional
7908,functional
38872,non functional
54920,non functional
16686,functional
5209,functional
73091,non functional
19862,functional
33027,non functional
62543,functional
66825,functional
24862,functional
49182,functional needs repair
23618,functional
40394,functional
706,functional
24369,functional
60631,functional
26367,functional
22993,functional
18734,functional
46920,functional
72523,functional
22230,functional
59726,non functional
23698,functional
42601,functional
72754,functional
49493,functional needs repair
71680,functional
60852,functional
40493,non functional
5651,non functional
36326,functional
42110,functional
42164,non functional
2004,functional
13620,functional
15405,non functional
68455,functional needs repair
65277,functional
70732,functional needs repair
45314,functional
25359,non functional
20411,non functional
5433,functional
63079,non functional
72001,non functional
51403,non functional
51761,functional
24043,functional
32608,functional
32026,functional
71541,functional
58782,functional
18644,functional
65324,non functional
11385,functional
17756,non functional
38598,non functional
17657,non functional
10820,functional
64507,functional
3151,functional
23795,functional needs repair
67802,functional
45666,non functional
72876,functional
14413,non functional
20099,functional
19834,functional
4138,functional
23472,non functional
66702,functional
20408,functional
40456,non functional
55315,non functional
12796,functional
4127,non functional
35484,non functional
70064,functional
54744,functional
40386,non functional
41300,functional
17896,functional
21999,non functional
4212,non functional
48893,functional
15592,functional
23558,non functional
65479,functional
6424,functional
58851,functional
53065,non functional
22605,non functional
36965,functional
38806,functional needs repair
51147,functional needs repair
57154,non functional
47489,functional
25594,functional
23293,non functional
30190,non functional
1518,functional
18501,functional
58840,non functional
4443,functional
44901,functional
39143,functional
5949,non functional
6327,functional
107,functional
34453,functional
31636,functional
1532,non functional
53725,non functional
20477,functional
46488,functional
51293,functional
38792,functional
13109,functional
48427,functional needs repair
9350,functional
28426,non functional
14801,functional
54520,non functional
33683,functional
3623,non functional
8882,functional
38369,functional
33201,functional
29043,non functional
19552,functional
16617,functional
61323,non functional
10826,non functional
73126,functional
51812,non functional
53408,functional
56740,functional
33316,functional
39211,functional
63338,functional
17410,non functional
71343,non functional
601,non functional
3459,functional
42145,functional needs repair
21108,non functional
33689,functional
43184,functional
68399,non functional
55123,non functional
4275,functional
50814,functional
285,non functional
52407,non functional
10784,functional
44070,non functional
11708,non functional
60808,functional
13077,non functional
64134,functional needs repair
16132,non functional
72231,non functional
40902,functional
66952,non functional
6208,functional
21942,functional
441,non functional
34884,functional needs repair
50102,non functional
36804,functional
57442,non functional
69392,non functional
32377,non functional
26547,non functional
22962,functional
13882,non functional
20488,non functional
11473,functional
2595,functional
41069,functional
39224,non functional
33499,non functional
47906,functional
66713,functional
56973,functional needs repair
8581,functional
2575,non functional
50334,functional
14923,functional
26,functional
72297,functional
6739,functional
61443,functional
42327,non functional
19905,functional
18987,functional
70823,non functional
63335,non functional
32538,non functional
14156,functional
39733,functional
55948,functional
46201,functional
55976,non functional
19283,functional
51683,functional needs repair
64162,functional needs repair
52314,functional
59285,functional
58305,functional needs repair
38927,functional
30138,functional
49948,functional
25122,non functional
22878,functional
66872,non functional
53080,non functional
51791,functional
41799,functional needs repair
62916,functional
28351,functional needs repair
33809,functional
59937,functional
36054,functional
65643,functional
1734,non functional
6550,non functional
14215,functional needs repair
20622,functional needs repair
45386,non functional
12126,non functional
34726,functional
20957,functional
32120,functional
19143,functional
57929,functional
69484,functional
52937,functional
66256,functional
850,functional
63026,functional
62964,functional
29891,non functional
9822,functional
49900,non functional
64028,functional
46786,functional
55087,functional
73070,non functional
63291,functional
21428,non functional
3285,functional
58209,functional
4128,functional
53188,functional needs repair
24950,functional
66842,non functional
25140,non functional
66402,functional
9368,functional
38041,non functional
10204,non functional
27258,functional
15949,non functional
50284,functional needs repair
2669,non functional
30729,non functional
30790,non functional
49876,non functional
4016,functional
13588,functional
41515,non functional
59067,functional
53186,functional
12295,non functional
8645,functional
15880,functional
18390,functional
40380,functional
5188,non functional
35913,functional
69826,functional
43928,non functional
73849,non functional
23373,functional
12998,non functional
62427,functional
69506,non functional
51868,non functional
20413,non functional
65087,functional
5106,non functional
70945,functional
69118,functional
65251,non functional
52321,functional
28557,functional
59959,functional
549,non functional
70903,functional
36709,non functional
35793,non functional
10582,functional
31285,non functional
31361,functional
30218,non functional
8430,functional
12248,non functional
46158,non functional
53924,non functional
8208,functional
53058,functional
47093,functional needs repair
40812,non functional
6942,non functional
27011,non functional
38313,functional
62591,non functional
58829,functional
49578,non functional
72719,non functional
47339,functional
26625,functional
34355,non functional
4088,functional needs repair
6740,functional
69817,functional
17137,functional
53210,functional
71454,functional
44856,non functional
106,functional
27630,non functional
64080,non functional
40332,non functional
13635,non functional
69570,functional
10534,functional
26871,functional
67659,functional
8666,non functional
62470,functional
3678,non functional
60557,functional
73375,non functional
29873,functional
36286,functional needs repair
18355,functional
38482,functional
23416,functional
6358,non functional
8432,non functional
28909,functional
47712,functional
42257,functional
37454,functional
62042,functional
18084,functional
64259,functional
58300,non functional
55844,functional
3726,functional
23457,functional
65673,functional
41211,functional
33833,non functional
53989,functional
34112,non functional
19334,functional
6464,functional
12823,functional
22497,functional
69704,functional
26554,functional
73158,functional
53784,functional
48859,functional
55695,functional
73873,functional needs repair
62499,functional
31673,functional needs repair
30722,non functional
73844,non functional
58195,functional
30581,functional
37346,functional
39682,non functional
10393,functional
58593,functional
32654,functional
48150,functional
19285,non functional
55331,functional needs repair
10527,non functional
44687,functional
66673,functional
64738,non functional
70893,non functional
46149,non functional
68788,non functional
44688,functional
14912,functional
65359,functional
52401,functional
16407,non functional
60694,non functional
1358,functional
71112,functional
6652,functional
13384,functional
67994,functional needs repair
49439,functional
72529,non functional
20731,functional
55653,functional
161,functional
22115,non functional
2104,non functional
65492,non functional
42817,non functional
18914,functional
21377,non functional
12731,non functional
2833,functional
28934,functional
64788,functional
28886,functional
56178,functional
14553,non functional
24363,non functional
18996,non functional
35753,non functional
22189,non functional
57017,functional
32206,functional
5208,non functional
71240,functional
14064,functional
5703,functional needs repair
39104,non functional
34045,functional
1865,non functional
72522,non functional
22437,functional
2304,non functional
47492,functional
22052,functional
34964,non functional
74123,functional
17948,functional
68768,non functional
55416,functional
15168,functional
59982,functional
58812,functional
50184,functional
72040,functional
16081,functional
5369,non functional
2489,functional
11055,non functional
35944,functional
15951,non functional
21132,functional
39213,functional
46213,non functional
66835,non functional
62235,functional
20347,non functional
67943,functional
35319,non functional
36406,functional
54077,non functional
58389,non functional
72058,functional
20404,functional
35168,functional
51511,non functional
62149,functional
66024,functional needs repair
52850,functional
53559,non functional
46460,non functional
4846,functional
64722,non functional
21324,non functional
40880,non functional
70129,functional
40119,functional
65231,functional
52690,functional
63752,non functional
14095,functional
28463,functional
62180,non functional
54948,functional
38246,non functional
72727,functional needs repair
15793,functional
37366,non functional
18002,non functional
5226,functional
4790,non functional
65235,non functional
63106,functional
20106,functional
15597,non functional
69363,functional
72425,functional
49324,non functional
51807,non functional
24681,functional
40599,functional
7310,non functional
31387,non functional
57018,non functional
72517,non functional
9524,non functional
24673,non functional
5878,non functional
73644,non functional
14651,functional
30128,functional
64539,functional
38757,functional
44580,functional
6461,functional
43515,non functional
17225,functional
31568,functional needs repair
49180,non functional
13410,functional
28344,functional
43098,non functional
8561,non functional
60949,functional
62633,functional
32826,functional
20677,non functional
72416,functional needs repair
10622,functional
18102,functional
5733,non functional
16598,non functional
11813,non functional
8721,non functional
1531,non functional
60884,functional
29954,non functional
24586,non functional
45222,functional
57492,functional needs repair
59685,non functional
52793,functional
35076,functional needs repair
26938,non functional
50295,non functional
22320,non functional
64896,functional
20703,functional
288,non functional
68207,non functional
16394,functional
33597,non functional
73172,non functional
74203,functional
50940,non functional
53014,functional
13235,non functional
10870,non functional
62065,functional
25057,functional
16361,functional
41584,non functional
2231,functional
72009,non functional
55128,non functional
43143,functional
50618,non functional
58170,non functional
55724,functional needs repair
32820,non functional
71746,functional
44073,non functional
56033,functional
32813,non functional
50337,non functional
59483,non functional
37330,functional
59109,functional
69198,functional
13669,functional
6006,functional
41586,functional
57498,non functional
31102,functional
39953,non functional
2275,functional
24543,functional
44427,functional
67887,non functional
41857,functional
3595,functional
68610,functional
22276,non functional
58301,functional
68147,functional
35072,non functional
22964,non functional
1926,non functional
48645,non functional
57523,functional needs repair
62503,non functional
15335,functional
59331,functional
41808,functional
27959,non functional
33957,functional
68736,functional
36290,functional
39980,non functional
56554,functional
40569,functional
32116,non functional
46902,non functional
31573,non functional
20861,functional
12385,functional
12290,non functional
22881,non functional
10752,functional
13238,functional
41381,functional
71243,non functional
25339,functional needs repair
73398,non functional
27355,non functional
66141,functional
14594,non functional
26924,non functional
33141,functional
74205,functional
46715,non functional
9269,functional
66309,non functional
53046,non functional
13899,functional
55318,functional
68500,functional
26048,functional
49848,functional
55995,non functional
47274,functional
59636,functional
32053,non functional
41317,functional
11545,non functional
28091,non functional
64220,functional needs repair
59027,non functional
38131,non functional
43342,functional
22390,functional
33573,non functional
56653,non functional
16623,non functional
74233,functional needs repair
73227,functional
21447,non functional
44192,non functional
24886,non functional
57189,functional
69337,functional
60832,functional
72975,non functional
47367,non functional
48545,non functional
3037,functional
38753,functional
51239,non functional
43910,functional
49464,functional
2637,functional
25493,functional
68118,functional
18986,functional
3019,non functional
48642,non functional
715,non functional
12725,non functional
64200,functional
31140,functional
35980,functional
30123,non functional
65023,non functional
63710,functional
40702,functional
40334,functional
37554,functional
21287,non functional
67942,non functional
29658,functional
8966,non functional
61312,non functional
30824,functional
64887,non functional
6986,non functional
18597,functional
17343,functional
26981,functional
16833,functional
37168,non functional
35741,functional
39059,functional
8746,functional
73001,functional
39971,functional
72217,functional
46122,functional
58007,functional
48867,functional
46234,non functional
68088,non functional
22130,functional
25542,functional
31781,functional
31394,functional
37386,functional
53889,non functional
34008,functional needs repair
3426,non functional
11140,functional needs repair
3771,functional
31644,functional
32351,non functional
24858,non functional
10175,functional
3653,functional needs repair
37942,functional needs repair
13973,functional
36187,non functional
64770,functional
25947,functional
49750,functional
58655,functional
9598,functional
22431,non functional
50318,non functional
65400,functional
60999,functional
46303,functional
7038,functional
60869,functional
48443,functional
59030,non functional
39157,functional
17169,functional
61708,non functional
60991,non functional
34505,non functional
22100,functional
64981,functional
69657,non functional
58597,functional
2995,functional
35370,non functional
72399,non functional
51520,functional
48793,functional
196,non functional
53303,non functional
73186,functional
69549,non functional
32955,non functional
23160,non functional
40068,non functional
66262,functional
73794,functional
65608,non functional
12444,functional
2480,functional
16477,functional
66805,functional
70242,non functional
67310,non functional
56677,functional
41868,functional
26406,functional
48365,non functional
45522,functional
66580,functional
64658,non functional
52729,non functional
44217,functional
20434,non functional
48883,non functional
11654,non functional
9260,functional
62464,functional
2711,functional
41925,functional needs repair
21567,non functional
3661,non functional
43873,functional
59552,functional
4799,functional
63731,functional
58567,non functional
21117,functional
11230,functional
17019,non functional
53282,non functional
28929,functional
5429,non functional
43165,non functional
47633,non functional
33659,functional
54961,functional needs repair
37146,functional
32815,functional
9347,functional needs repair
47003,non functional
20853,functional
18682,functional needs repair
17810,non functional
41713,functional
55368,non functional
59188,non functional
50976,functional
35997,non functional
5309,functional
27566,non functional
9882,functional
12982,functional
24899,functional
37526,non functional
42883,functional
65652,non functional
21659,non functional
28733,non functional
30189,non functional
59219,non functional
29062,functional
36244,functional
34116,functional
48583,functional
56715,non functional
24144,non functional
17901,functional
7853,functional
8090,functional needs repair
35735,functional
61374,functional
64807,non functional
2032,functional
34204,functional
38024,functional
3587,non functional
69990,non functional
20154,functional
26032,functional
64861,functional
46034,functional
8399,functional
52422,functional
714,functional
66578,functional
38283,non functional
31108,functional
53163,functional
72917,non functional
67973,functional
16634,functional
2700,functional
66981,functional
8111,non functional
3117,non functional
31218,non functional
31357,functional
54358,functional
72047,functional
46453,functional
60139,functional
17421,functional
13791,functional
37378,functional
49935,functional
24788,functional
65005,non functional
29362,non functional
23683,functional
33487,non functional
65071,non functional
21115,non functional
202,functional
27969,non functional
45935,non functional
27972,functional
3361,functional
11987,functional
59316,non functional
62254,functional
67592,functional
32078,non functional
24073,functional
22573,functional
3987,non functional
14794,non functional
43304,functional
45637,non functional
22937,functional
59736,functional
47241,functional
45742,functional
36314,non functional
15421,functional
27721,functional
4063,non functional
14165,functional
45832,functional
58032,non functional
7426,non functional
9103,functional
52007,non functional
22519,non functional
10559,functional
27201,non functional
30684,non functional
53649,functional
44893,functional
33798,non functional
16389,non functional
25925,non functional
39579,non functional
72713,non functional
3751,non functional
43456,functional
33254,functional
18983,functional needs repair
6293,functional
67137,non functional
41179,functional
58317,functional
21107,non functional
34087,functional
24918,non functional
52099,functional
35028,functional needs repair
6053,functional
9187,functional
46712,non functional
69423,non functional
16657,functional
44206,functional
41696,functional
52406,functional
32985,non functional
66924,functional
539,functional
41970,functional
32634,non functional
30279,non functional
39937,functional
52235,functional
70146,non functional
70713,functional
61621,functional
39249,functional
27836,non functional
68126,functional
49161,functional
11824,functional
45577,non functional
44889,functional
3091,functional
67773,non functional
70104,non functional
70885,non functional
23479,non functional
49689,functional
3700,functional
16712,functional
25856,functional needs repair
11868,non functional
36485,non functional
74180,non functional
27659,functional
59741,functional
47308,functional needs repair
60781,functional
53082,functional
10813,functional
16353,functional
46157,functional
60531,functional
51967,non functional
27359,functional needs repair
1410,functional
34337,non functional
54649,non functional
18512,functional
33855,non functional
52910,functional
13719,non functional
61940,functional
31447,functional
19468,functional needs repair
19373,non functional
68910,non functional
64648,non functional
51970,functional
43844,non functional
67759,non functional
14028,functional
41416,functional
33173,functional
49265,non functional
8199,functional
57574,functional
62334,functional
11479,functional
25617,non functional
36075,functional
57237,non functional
47698,functional
52699,functional
21467,non functional
27428,non functional
17452,non functional
35704,functional needs repair
40390,functional
35864,functional
10694,non functional
44521,functional needs repair
24049,functional
27882,functional
7049,non functional
32480,functional
58776,functional
59095,non functional
35915,functional
45424,non functional
59946,non functional
14023,non functional
31910,functional
55918,non functional
43535,functional
5981,functional needs repair
66538,functional needs repair
64062,non functional
72004,functional
54017,functional
72854,functional
30313,functional
72630,functional
40253,functional
28779,functional needs repair
73770,functional
18141,functional
58396,non functional
43509,functional
44295,non functional
39804,functional
16645,functional
33450,non functional
69941,functional
5565,functional
19152,functional
25427,functional
39461,non functional
46866,functional
64141,functional
29429,functional
31077,functional
6486,functional
12364,non functional
36962,functional
15300,non functional
62773,functional
65300,functional
51603,non functional
47990,non functional
14261,non functional
62557,functional
33087,functional
41685,non functional
54051,non functional
14406,non functional
65355,functional
22218,non functional
35971,functional
44929,functional
7884,non functional
48336,non functional
17518,non functional
16842,non functional
18015,functional
60855,functional
47962,functional
63306,non functional
57196,functional
39923,functional
7265,functional
55238,non functional
73462,functional needs repair
5727,functional
55722,functional
35282,functional
3555,functional
33452,non functional
16573,non functional
61599,functional
37134,functional
48842,non functional
57723,non functional
64136,functional
27033,functional
71427,functional
73411,functional
5614,non functional
62052,functional
16246,functional
41170,non functional
27680,functional
44750,non functional
42031,functional
22671,non functional
926,non functional
17820,functional
66816,functional
47313,functional
7316,functional
45729,non functional
6933,functional
21753,non functional
43075,non functional
18341,non functional
5403,functional
61475,functional
51214,non functional
11363,functional
70322,functional
73025,functional
56315,functional
74134,functional
6417,functional needs repair
30655,functional
53206,functional
68183,non functional
67227,functional
45601,functional
60478,functional
36276,functional needs repair
13246,non functional
56855,non functional
43649,functional
9704,functional
32005,non functional
40289,non functional
9500,non functional
10126,non functional
15489,non functional
67637,non functional
59525,functional
782,non functional
43131,functional
2507,functional
63216,functional
27052,non functional
2713,functional
9791,functional
65378,non functional
14309,non functional
48468,non functional
34843,functional
54384,non functional
52623,functional
54719,functional needs repair
46541,functional
44647,non functional
25578,functional
46941,functional
53694,non functional
42158,functional
23157,functional
70457,functional
64920,functional
21522,functional
41731,functional
70343,functional
43085,functional
11428,functional
68464,non functional
17577,functional
2500,functional
58952,non functional
31931,non functional
14829,non functional
29153,functional needs repair
47741,non functional
70237,functional
10775,non functional
61188,functional
6036,non functional
73683,functional
68593,non functional
62324,non functional
42547,functional
50812,functional
36873,functional
28334,non functional
51634,functional needs repair
26726,functional
2823,functional
58609,functional
14540,functional
44136,non functional
48002,functional
35922,non functional
39170,functional
15610,functional
19689,functional
48426,non functional
13133,functional
29275,non functional
66110,non functional
23957,non functional
20754,functional
31271,non functional
33052,non functional
38689,functional needs repair
30157,non functional
53813,functional
5838,non functional
21316,non functional
1470,non functional
71437,functional
51366,functional
24454,functional
25724,non functional
6974,non functional
25270,functional
41164,non functional
66716,non functional
60090,non functional
55308,non functional
13051,non functional
67305,functional
38938,functional
56406,functional
2454,functional
67117,non functional
58954,non functional
39194,non functional
55359,functional
20085,non functional
71807,non functional
65096,non functional
25526,non functional
14501,functional
33223,non functional
48322,functional needs repair
46910,non functional
25215,non functional
25145,functional
65258,functional
6961,functional needs repair
4254,functional
63575,functional
863,functional
50732,functional
1537,non functional
54567,functional
18035,non functional
24440,functional
33618,non functional
66694,non functional
19320,functional
4541,functional
64003,functional
49178,functional
29464,functional
38592,non functional
8752,functional
4451,functional
39713,functional
29928,non functional
13551,non functional
47166,functional
16518,non functional
31386,functional
36838,non functional
18027,functional
70181,functional
49870,functional
46169,non functional
55872,non functional
15024,functional
21069,non functional
57044,non functional
35520,functional
29312,non functional
13038,non functional
8496,functional
23843,non functional
54991,non functional
49120,functional
51982,non functional
59280,functional
25370,non functional
26788,non functional
20240,non functional
21937,functional
64454,functional
21528,functional needs repair
30609,functional
38179,functional
61842,functional needs repair
62292,non functional
60271,functional
40204,non functional
54835,functional
31709,non functional
43600,functional
13878,functional
38898,functional
26272,functional
13586,functional
35918,non functional
44265,functional
3333,non functional
35489,non functional
7950,functional
58741,functional
73385,non functional
35111,functional
11119,functional
43250,functional needs repair
54979,functional
52615,functional
20808,functional
49375,functional
30750,functional
22982,non functional
16291,non functional
73939,functional
626,non functional
65391,functional
11198,non functional
29860,non functional
62732,functional
44187,non functional
50716,non functional
44034,functional
9892,non functional
34234,non functional
22241,functional
26129,functional needs repair
58636,functional
72150,functional
64490,non functional
7620,functional
43684,functional
16923,functional
50162,functional
24606,functional
31037,functional
74038,non functional
71779,functional
32290,non functional
1922,functional
29874,functional
29045,non functional
66684,functional
64019,functional
10922,non functional
40256,functional
43455,functional
62828,non functional
33734,functional needs repair
11319,non functional
63558,non functional
56445,functional
35244,non functional
43202,functional
60719,functional
61320,functional
20313,functional
38879,functional
25596,functional needs repair
6192,non functional
73800,non functional
49040,non functional
41048,functional
2401,functional
23496,functional
10977,functional
54279,functional
47905,non functional
30489,non functional
41049,functional
41603,functional
73595,functional
214,non functional
24074,non functional
29209,non functional
65883,functional
27077,non functional
53586,functional
35398,functional
61949,functional
46605,functional
39802,non functional
150,functional
70855,functional
28407,non functional
35432,non functional
29505,functional
61585,functional
68825,functional
56895,functional
45705,non functional
21306,non functional
64931,functional
72609,functional
37584,non functional
67152,functional
47132,functional
64315,functional
62902,functional
55982,functional
21827,functional
19047,functional
27753,functional
46895,functional
29257,functional
49531,functional
12209,non functional
34663,non functional
65421,functional
49964,non functional
31299,non functional
48636,non functional
31332,functional
46813,non functional
21371,functional
6176,functional
30756,functional
30187,non functional
5599,non functional
73384,non functional
61317,functional
31404,functional needs repair
36615,functional
65768,non functional
20614,functional
31312,functional
10684,non functional
46017,non functional
35093,non functional
52921,functional
40605,functional
68134,functional
51912,functional
38343,non functional
69710,functional needs repair
48886,functional
23355,functional
55792,functional
72966,functional
58284,functional needs repair
4948,non functional
36443,non functional
43040,functional
27640,non functional
10959,functional
17032,non functional
14187,functional
19654,functional needs repair
49893,non functional
68204,functional
53520,functional
9878,functional
27151,functional needs repair
26542,functional
39309,non functional
52934,non functional
72565,non functional
25866,functional
72130,functional needs repair
71879,non functional
25813,non functional
43072,non functional
26927,functional
15429,non functional
38257,non functional
59403,functional
68014,non functional
27550,non functional
56943,non functional
14863,functional
39859,functional needs repair
64628,functional
34945,non functional
27557,non functional
49982,functional
34743,non functional
61684,non functional
34500,non functional
25625,functional
47082,non functional
38274,functional
17059,functional
62098,functional
56922,functional
7642,functional
19090,functional
65013,non functional
41901,functional
6169,functional
31542,functional
2472,non functional
52992,functional
61815,non functional
21906,non functional
29266,non functional
67977,non functional
61778,functional
68684,non functional
27397,functional
71386,functional
55709,functional
7571,functional
7468,functional
17073,non functional
8794,functional
43403,functional
26161,non functional
41131,non functional
37742,functional
28265,functional
37608,functional
49376,functional
51055,functional
68944,non functional
39068,non functional
33125,non functional
11891,functional
60591,non functional
29118,functional
9001,non functional
51685,non functional
56015,non functional
5938,functional
47406,non functional
12019,non functional
53751,non functional
43246,non functional
62973,functional
43178,non functional
47196,functional
71525,functional
46657,non functional
39188,functional
51193,non functional
49947,non functional
58069,non functional
70902,functional
71182,functional
60785,functional
57978,non functional
37325,non functional
27646,functional
72347,non functional
21630,functional
28377,functional
42808,non functional
10201,non functional
1427,functional
49065,non functional
53595,functional
65843,functional
59311,functional
32857,functional
24261,non functional
6187,functional
4875,non functional
12050,non functional
34333,functional
73250,non functional
54499,functional
62651,non functional
29051,functional
33203,non functional
70526,functional
70921,functional
42278,functional
63022,functional
7345,functional
16007,functional
31098,non functional
72356,non functional
65598,non functional
43329,non functional
9924,functional needs repair
40580,non functional
70155,functional needs repair
39523,functional
3036,non functional
5621,non functional
19360,functional
56894,functional
17506,functional
11318,functional
66998,functional
7666,functional
13183,non functional
63298,non functional
25060,functional
65233,non functional
15123,non functional
71172,functional
25,non functional
39314,non functional
16386,non functional
58754,functional needs repair
10099,non functional
38498,functional
14026,functional
49011,non functional
24217,non functional
28199,functional
48723,non functional
26658,functional
43644,non functional
55867,functional
59343,functional
55000,functional needs repair
31187,functional
13434,functional needs repair
64659,non functional
50831,non functional
31153,functional
25392,functional
25533,functional
66740,functional
5769,functional
5649,non functional
12454,functional
8622,functional
1747,non functional
57627,functional needs repair
62873,functional
30242,functional
34658,non functional
51524,functional
53554,non functional
36049,functional
68468,functional
70225,functional needs repair
69717,non functional
19826,functional
22861,non functional
38143,non functional
24582,functional
9831,functional
56049,non functional
51583,functional
30370,functional
13788,functional
5091,functional
46994,non functional
65730,functional
50324,non functional
12128,non functional
25975,functional
1246,non functional
6226,non functional
20590,non functional
16105,non functional
67861,functional
37867,non functional
58274,functional
32191,non functional
73308,non functional
35325,functional
10611,functional
59761,functional
7420,non functional
10737,functional
41911,non functional
7750,non functional
8260,functional
23755,non functional
51005,non functional
68829,functional
27375,functional
63683,non functional
38920,functional
62047,non functional
46029,non functional
1119,non functional
31341,non functional
18726,functional
12899,functional
42022,non functional
464,non functional
10994,functional needs repair
73237,functional
25006,non functional
58959,functional
28325,functional
40365,functional
47091,functional
22914,functional
31614,functional
45030,functional needs repair
30268,non functional
61318,non functional
57629,functional
40808,non functional
46327,non functional
65162,non functional
64688,non functional
26451,non functional
53536,functional
7772,functional
51261,functional
14883,functional
6255,functional
32489,functional
18178,functional
61860,functional
63998,functional
55983,functional
67012,functional
39618,non functional
67558,functional needs repair
26652,functional
26443,functional
27298,functional
13344,functional
59210,functional
30492,non functional
73406,non functional
17469,functional
21173,functional
73519,functional
30673,functional
53806,functional
28200,functional
27523,functional
45730,functional
36879,functional
66093,functional
7050,non functional
26750,functional
22368,non functional
73578,non functional
20672,non functional
62437,non functional
28560,non functional
64133,functional
24356,functional
4839,functional
7980,functional needs repair
44352,functional
21387,functional
21419,non functional
4573,non functional
66386,non functional
35916,functional
11996,non functional
70969,non functional
54906,functional
11523,non functional
9437,non functional
18254,non functional
4397,functional
34944,non functional
57350,functional
34123,functional
69281,functional
73389,functional
27413,non functional
65026,functional
68651,functional
5320,functional
47448,non functional
6239,functional
14570,non functional
29634,non functional
20247,functional
24154,non functional
38082,functional
9513,functional
62866,functional
35497,non functional
41057,functional
29219,functional
47860,functional
4495,functional
54098,functional
61395,non functional
27779,functional
46438,functional
33246,non functional
21834,functional
29785,non functional
64790,non functional
23757,non functional
2332,functional
1510,functional
47098,functional
45140,functional
35865,non functional
57480,functional
55045,functional
14126,non functional
50932,non functional
33378,non functional
31015,non functional
71675,non functional
47852,functional
53463,functional needs repair
72194,functional
18577,functional
63053,functional needs repair
6453,non functional
37835,functional
44498,functional
41977,non functional
41231,non functional
62293,functional
66519,functional
6569,non functional
35966,functional
13567,functional
19008,functional
40908,non functional
41461,non functional
22082,functional needs repair
20105,functional
6361,non functional
59664,non functional
6243,non functional
493,functional
70325,functional
57385,functional
42887,functional
32049,non functional
28031,functional
42430,non functional
8066,non functional
59694,non functional
74222,non functional
3992,functional
57535,non functional
43037,functional
24250,functional
59026,functional
43497,non functional
14003,non functional
22582,functional
54986,non functional
18156,functional
64111,functional
23474,functional needs repair
40592,non functional
49466,functional
14768,non functional
33822,functional
23850,functional
11861,functional
38333,non functional
30702,functional
91,non functional
42693,functional
62757,functional
30409,non functional
7179,functional
31522,functional
21199,functional
34795,non functional
10884,non functional
11796,functional
50548,functional
30719,non functional
63300,non functional
29567,functional
33661,functional
8758,functional
58556,functional
30851,functional
31652,non functional
42373,functional
15467,functional
70825,functional
18547,functional
4032,functional
9655,functional
62920,functional
10251,non functional
49501,functional
46412,functional
67147,functional needs repair
28308,functional
27378,non functional
73367,functional
67534,functional needs repair
51486,non functional
57305,non functional
41386,functional needs repair
57363,functional
45564,functional
68269,non functional
29481,functional
1586,non functional
9357,non functional
36713,functional
34261,functional
25333,functional
38897,functional
58357,functional
36239,functional needs repair
31811,functional
67025,non functional
25216,non functional
24502,functional needs repair
71213,non functional
23848,functional
62980,functional
34171,functional
55678,functional
24867,functional
71787,functional
23079,functional
15403,non functional
31685,non functional
59329,functional
25664,functional
3884,functional
40129,functional
3911,functional
41514,functional
56878,non functional
32760,functional
13532,functional needs repair
50770,non functional
1278,functional
34158,functional
66368,functional needs repair
46846,non functional
45090,non functional
14704,non functional
66620,functional
5987,non functional
36234,functional
7450,non functional
39388,functional
28137,non functional
62220,functional
20231,functional
69148,functional needs repair
57794,functional
4916,functional
39762,functional
43138,functional
32695,functional
68488,functional
58668,functional
67706,functional
73271,functional
63606,non functional
30641,functional
53835,functional needs repair
43766,functional
8452,non functional
59908,non functional
36011,non functional
70026,non functional
38242,non functional
14873,non functional
58830,functional
40920,functional
52476,functional
61308,functional
6577,non functional
23981,functional
36102,functional
2242,functional
30341,functional
42089,functional
49782,non functional
38402,non functional
15666,functional needs repair
30473,functional
19265,non functional
11877,functional
63561,functional
4400,functional
28386,functional
33391,functional
60495,functional
43354,functional
19686,functional
60015,non functional
35397,non functional
56156,non functional
63245,non functional
3835,functional
82,non functional
18333,functional
49228,non functional
47578,non functional
32605,functional
68919,non functional
59158,non functional
57717,non functional
51668,non functional
71042,non functional
17294,functional
42644,functional
31338,functional
71304,non functional
11426,functional
63967,functional
20469,functional
29191,non functional
47623,functional
29892,non functional
12083,functional needs repair
51915,functional needs repair
7808,functional
56590,functional
58742,non functional
47953,functional
64058,functional
51621,functional
24616,non functional
6467,non functional
66112,non functional
19766,functional
4659,functional needs repair
5366,non functional
18761,functional
67237,functional
14800,non functional
2360,functional
2733,non functional
4992,non functional
36772,non functional
20192,functional
4914,non functional
53470,non functional
70286,non functional
20483,functional
35539,functional needs repair
53415,functional needs repair
14700,non functional
65456,functional
33368,non functional
72683,functional
58624,functional
47634,functional
15991,functional
23179,functional
25230,functional
8044,functional
54542,functional needs repair
26333,functional
15820,functional
35181,non functional
68602,functional needs repair
4435,functional
41068,functional
9495,functional
1349,functional
44232,functional
62192,non functional
7286,functional
9541,functional
66508,non functional
21245,functional
20267,non functional
44222,non functional
17148,functional
72233,functional
36038,non functional
56595,functional
57384,functional
53158,non functional
15656,functional
28160,functional
43613,non functional
3450,non functional
7255,functional
70772,functional needs repair
46573,functional
40270,non functional
48777,functional
39559,non functional
50671,functional
24739,functional
15178,functional
19428,functional
66700,functional
36223,functional
72195,functional
5359,functional
10811,functional
27457,non functional
48086,functional needs repair
20940,functional
33414,functional
53879,non functional
53696,functional
54258,non functional
51252,functional
68086,functional
36364,non functional
19687,functional needs repair
43132,non functional
13964,non functional
3491,non functional
59633,functional
39897,functional needs repair
28322,non functional
23362,functional
35778,non functional
52775,non functional
37255,non functional
33454,functional
36064,functional
50873,non functional
67156,non functional
44506,non functional
36113,functional
50026,functional
6150,functional
68764,functional
38039,functional
73915,non functional
1711,functional
61100,non functional
65940,non functional
46211,functional
1760,non functional
65797,functional
67550,functional
27537,functional
4950,non functional
46388,functional
63465,functional
28437,non functional
4072,functional
23246,functional needs repair
54302,functional needs repair
26504,functional
46019,functional
1451,non functional
26687,functional
45794,functional
41717,non functional
60487,non functional
18023,functional
27499,non functional
24119,non functional
10715,functional
58283,functional
11438,non functional
48417,non functional
331,functional
10371,functional
37921,functional
57985,non functional
28652,non functional
25065,non functional
57066,functional
15708,functional
15097,non functional
19321,functional
34680,functional needs repair
41926,functional
3153,functional
10556,functional
74002,non functional
5060,functional needs repair
43911,functional needs repair
8064,non functional
4199,functional
4642,non functional
11591,functional
50609,non functional
43805,non functional
28393,functional
2482,non functional
51307,functional
37172,functional needs repair
5913,non functional
50145,functional
41153,functional
13511,functional
15872,non functional
40818,functional
70096,functional
9992,functional
58691,functional
61600,non functional
15833,functional
49111,functional
60897,non functional
60149,functional
17649,functional
57815,functional
6964,functional
59644,non functional
28623,functional
58131,functional
26659,functional
9978,non functional
60919,functional
10530,non functional
34717,functional
11484,functional
28944,non functional
64763,non functional
59553,non functional
56828,functional
55395,functional
11474,non functional
14542,functional
7435,functional
41262,functional
62471,functional
33580,functional
21849,non functional
72536,functional needs repair
60387,non functional
31131,non functional
16283,non functional
67251,non functional
11467,non functional
828,non functional
5609,functional
70843,functional
73863,functional
9069,functional
23591,non functional
54317,non functional
910,functional
30678,functional needs repair
39326,non functional
66483,functional
40997,functional
54291,functional
31670,functional
5731,non functional
21364,functional
16540,functional
16731,functional
44438,non functional
69497,non functional
29911,non functional
44802,non functional
72320,functional
50581,non functional
69487,non functional
10233,non functional
39546,non functional
38547,non functional
39875,non functional
29835,non functional
44731,non functional
25184,non functional
17056,non functional
15013,non functional
29063,non functional
44256,functional
41830,non functional
52232,non functional
14305,functional
34562,functional
44563,non functional
71420,non functional
65406,functional
34431,functional
31458,functional
36586,functional
58483,functional
31547,non functional
53036,non functional
23300,functional
33419,non functional
28274,functional
4648,functional
47186,functional
41268,non functional
36618,functional
64531,functional
70792,non functional
9224,functional needs repair
72593,functional needs repair
55135,non functional
20254,non functional
61809,functional
14789,non functional
35652,functional
24678,non functional
46706,functional
69016,functional
54439,non functional
43076,functional
43340,functional
716,functional
313,functional needs repair
33554,functional
21230,non functional
28569,functional
5775,functional
20568,functional
69868,non functional
69313,functional
44529,non functional
42659,non functional
62741,non functional
50607,functional
37204,functional
17919,non functional
71557,non functional
738,functional
40993,functional needs repair
69962,non functional
4492,functional
10198,non functional
12300,non functional
33728,functional
40866,functional
48910,non functional
42744,functional
34001,non functional
16413,functional
48548,non functional
42083,non functional
18679,non functional
46858,functional
40211,functional
54946,functional
51452,non functional
29915,non functional
43637,functional
17806,non functional
11849,functional
6889,functional
71157,functional
49661,functional
18673,functional
47554,functional
10880,functional
43255,functional
11696,non functional
4218,non functional
825,functional
13721,functional
25023,non functional
12809,non functional
62492,non functional
72185,functional
13941,non functional
41323,functional
65178,functional
2319,non functional
28659,functional
35229,functional
35908,non functional
23767,non functional
62613,functional
63504,non functional
10604,non functional
18457,functional
66101,functional
1171,functional
38695,functional
63757,non functional
49194,functional
14375,functional needs repair
21012,non functional
69282,functional
28644,functional
32797,functional
20229,functional
50111,non functional
56852,functional
48126,functional
64797,functional
5829,non functional
73195,functional
48603,functional
34146,functional
48107,functional
25939,non functional
43534,non functional
70804,non functional
4154,non functional
40230,functional
70448,non functional
49538,functional
71162,functional
37306,functional
56263,functional
11424,functional needs repair
16063,functional
10779,functional needs repair
19997,non functional
23900,functional
52274,non functional
27210,functional
2487,functional
42810,non functional
6240,non functional
767,functional
32869,functional
58626,functional
42824,functional
2564,functional
70636,functional
61795,functional
21286,functional
70375,non functional
42552,non functional
27851,non functional
69852,functional
73087,functional
28384,functional
38261,non functional
38137,functional
41705,non functional
73074,functional
50993,functional
26286,functional
7585,functional
68357,non functional
14677,functional
20082,non functional
23907,non functional
30165,non functional
26629,functional
16859,non functional
65870,non functional
6538,non functional
67549,non functional
55643,non functional
68478,functional
31184,functional
65585,functional
2765,non functional
31434,functional
55151,functional
7419,functional
52998,non functional
68987,non functional
8661,non functional
17503,functional
29570,functional
57036,functional needs repair
25937,functional
10921,non functional
16026,non functional
37533,functional
4941,functional
63991,functional
48311,functional
20071,functional
37681,non functional
18439,functional
30466,functional needs repair
31859,functional needs repair
8692,functional
28085,non functional
6118,functional
46001,non functional
47191,functional
11595,non functional
15445,functional
3881,non functional
12422,non functional
65981,non functional
824,functional
4027,non functional
46876,functional
43752,non functional
63617,functional
55167,functional
70358,functional needs repair
10353,non functional
19335,functional
23007,non functional
28966,non functional
55164,functional
67372,functional
54270,functional
2457,non functional
18745,non functional
43669,non functional
62060,non functional
63490,functional
33322,functional
3287,non functional
10278,functional
33032,functional
8802,functional
64346,functional
31119,functional
69212,non functional
70137,non functional
26115,functional
69289,non functional
65486,functional
40613,non functional
34956,non functional
52874,functional
53933,non functional
40517,non functional
23436,functional
6165,non functional
61170,non functional
69832,functional
28193,functional
50874,non functional
46062,non functional
28409,functional
45023,functional
13315,non functional
39472,functional
50675,functional
69396,functional
20587,non functional
22405,functional
46264,functional
13757,non functional
16486,non functional
63963,functional
13454,functional
25190,functional
22792,functional
21176,non functional
42252,functional
35554,non functional
537,functional
7936,functional needs repair
20988,non functional
5630,non functional
38456,functional
61912,functional
15377,functional
50153,non functional
31111,non functional
7359,functional
71448,non functional
43773,functional
28731,non functional
54732,functional
55791,functional
37115,non functional
16849,functional
28610,functional
18951,functional
64487,non functional
6602,non functional
55655,functional
37087,functional
4859,non functional
57974,functional
41750,non functional
23651,functional
47430,functional
73679,functional
32321,functional
44984,non functional
49448,functional
70870,functional
12233,non functional
47449,non functional
25150,non functional
24850,non functional
47877,functional
52786,non functional
37792,non functional
105,functional
8357,functional
11084,non functional
19501,non functional
17031,non functional
44549,non functional
8659,non functional
53414,non functional
67616,non functional
5445,non functional
2692,non functional
27203,non functional
20370,non functional
68235,functional
73246,non functional
11037,functional
6257,non functional
9720,functional
56716,functional
35654,functional
24604,non functional
45511,functional
19359,non functional
45402,functional
4243,functional
39905,functional
41943,functional
40111,functional
60397,functional needs repair
28600,non functional
56623,non functional
10700,non functional
17080,functional
26975,non functional
4045,non functional
57421,non functional
37833,functional
9253,non functional
73424,functional
7051,non functional
63129,functional
7939,functional
19060,functional
36053,functional
71431,functional needs repair
17541,functional needs repair
43140,non functional
21409,functional
56991,non functional
67626,functional
62847,non functional
18649,functional
72383,functional needs repair
17731,non functional
3317,non functional
61751,functional
26142,non functional
23263,functional
69725,non functional
58542,functional
69936,functional
46942,functional
49334,non functional
57885,functional
22843,functional
69561,functional
38891,functional
64824,non functional
2438,non functional
9413,functional
2511,functional
37343,functional
50166,non functional
33596,functional
21869,functional
62258,functional
17234,non functional
24135,functional
16716,functional
8805,functional
4766,non functional
18476,functional
46660,functional
29205,functional needs repair
49199,functional
73015,non functional
35231,functional
16741,non functional
7308,functional
23386,functional
53537,functional
25864,functional
10246,functional
47004,functional
32266,non functional
69295,functional needs repair
9940,non functional
17242,functional
62109,functional
58270,non functional
13059,functional
29676,functional needs repair
61194,non functional
60668,functional
37302,functional
27225,non functional
38264,functional
35095,functional
68432,functional
19806,functional
66854,non functional
43834,non functional
41181,functional
69003,functional
28120,functional
3439,functional
47293,functional
33180,non functional
45340,non functional
48007,non functional
27541,non functional
64510,non functional
35022,non functional
25063,functional
17396,non functional
36174,non functional
37426,non functional
64511,functional
48851,non functional
33841,functional
39087,functional
51479,non functional
67272,functional
4362,functional
7309,functional needs repair
40175,functional
13417,non functional
62394,non functional
72448,functional needs repair
20881,functional
27286,functional
7844,functional
45759,functional
36287,functional
52219,functional
47149,non functional
56588,functional needs repair
64291,functional needs repair
27279,non functional
56903,functional
40201,functional
73495,non functional
66733,functional
10801,non functional
25371,non functional
1525,non functional
10209,functional
16721,non functional
60425,non functional
60608,functional
4439,functional needs repair
72785,non functional
30114,functional
47958,non functional
58043,functional
13123,functional
34421,functional
60829,functional
67980,non functional
20750,functional
47046,non functional
42643,non functional
28525,non functional
23694,functional
34525,functional
70707,non functional
66330,functional
28168,functional
57979,functional
66133,non functional
21430,non functional
63792,functional
9494,non functional
73185,non functional
35842,functional
31528,non functional
34314,functional
7637,non functional
9241,functional
17580,functional
51321,functional
16428,functional
62219,functional
46121,functional needs repair
38718,non functional
3762,functional
19612,non functional
35421,functional
12329,functional
28938,functional needs repair
62376,non functional
49422,functional
49932,functional needs repair
60102,non functional
56648,functional
73171,functional
53359,non functional
54036,functional
55546,functional
71631,functional
62322,non functional
55003,functional
54587,functional
34021,functional
47815,functional needs repair
11655,functional
13852,functional
6641,functional
38855,non functional
12506,non functional
23357,functional
697,functional
71641,functional needs repair
41010,functional
12281,functional
6682,functional
27660,functional
26279,functional
40864,non functional
66259,non functional
938,non functional
15368,non functional
69133,functional
37776,functional
51819,non functional
26613,functional needs repair
12400,functional
48009,functional
34980,non functional
50574,functional
62336,functional needs repair
60290,functional
41271,functional
46374,functional
54271,functional
70485,functional
61447,non functional
40303,functional
10162,functional
19885,non functional
20757,functional
37039,non functional
29736,functional
47797,non functional
28696,non functional
21379,functional
10761,non functional
19899,functional
14258,functional
30986,functional
40244,functional needs repair
57262,non functional
44366,functional
44841,non functional
54118,functional
17437,functional
33144,non functional
13346,non functional
19195,non functional
48579,functional
338,non functional
22556,functional
46720,non functional
39918,non functional
30933,functional
55853,functional
57738,functional needs repair
74039,non functional
67597,functional
9898,non functional
9509,non functional
5088,functional
35706,functional
55471,non functional
5404,non functional
59344,functional
71757,functional
13587,functional
56980,non functional
15910,non functional
43994,functional needs repair
27237,non functional
25226,functional
13203,functional
10594,functional
12056,functional
69368,functional needs repair
26745,functional
57877,functional needs repair
26907,non functional
61880,functional
30850,non functional
24403,non functional
11001,functional
64205,functional
32129,functional needs repair
52557,non functional
55333,functional
43663,functional needs repair
36559,functional
33714,functional
65342,functional
36543,functional
20121,functional
64326,functional
6401,functional
27800,non functional
20084,non functional
56515,functional
56411,non functional
68534,functional
38609,functional
47639,non functional
52547,non functional
18089,functional
59477,functional needs repair
72701,non functional
19217,non functional
51935,functional
71713,functional
8060,functional
6726,functional
54632,functional
60304,functional
15339,non functional
14332,non functional
27940,non functional
28709,functional
41246,functional
16408,non functional
19993,functional
21312,non functional
16912,functional
12196,functional
72340,functional needs repair
1186,functional
11343,non functional
55342,functional
35385,functional
1938,functional
53405,functional
26370,functional
14471,non functional
58044,functional
21776,functional needs repair
32028,functional
590,non functional
53617,functional
60577,functional
47979,functional
66074,non functional
65291,functional
35178,non functional
54737,functional
27141,functional
48062,functional
12492,functional
49115,functional
22886,functional
8513,non functional
8676,functional
13683,functional
37186,functional
73494,functional
26663,non functional
7524,functional
62600,non functional
46859,non functional
4325,functional
50664,functional needs repair
63992,functional
3033,non functional
40497,functional
38260,functional
254,functional
36183,functional
62413,non functional
628,functional
63853,non functional
7020,functional
51178,functional
52585,non functional
7011,non functional
5131,non functional
34399,non functional
13121,functional
55189,non functional
43343,functional
46893,non functional
67601,non functional
70941,non functional
32701,functional
34113,non functional
18481,functional
65453,functional
66086,functional
6995,non functional
11088,functional
60909,non functional
17659,non functional
59271,non functional
26702,functional
42606,non functional
51142,non functional
69940,non functional
33124,functional
46557,non functional
54759,functional
33023,non functional
20746,non functional
14234,functional
20786,non functional
23864,non functional
10907,non functional
24708,functional
61177,non functional
43552,functional
17360,non functional
47062,functional needs repair
54369,functional
46619,functional
32465,non functional
24283,functional
35540,functional
19513,non functional
53709,functional
46332,functional needs repair
26239,functional needs repair
26689,non functional
61521,functional
42751,functional needs repair
38887,functional
24128,non functional
30561,functional
64413,functional
37209,non functional
6549,functional
22748,non functional
741,non functional
27358,functional
7526,non functional
42073,functional
440,functional
24499,functional
71707,functional
46791,non functional
8413,functional
57414,non functional
29082,functional
45826,functional
44080,non functional
1535,non functional
32169,functional
44692,non functional
4116,functional
38862,functional needs repair
33806,functional needs repair
41501,non functional
6565,non functional
52408,functional needs repair
45288,functional
39883,functional
5970,functional needs repair
63309,functional
19064,functional
18167,non functional
62462,non functional
52592,functional
14456,non functional
718,functional
21642,non functional
12640,non functional
31677,functional
21216,non functional
36317,non functional
33837,functional needs repair
26678,functional
71055,non functional
66626,non functional
12675,non functional
58790,functional
38630,functional
67309,functional
69492,functional
50833,functional
55833,functional
33418,non functional
20051,non functional
71478,non functional
31924,functional needs repair
52361,functional
42412,functional
3324,functional
72030,non functional
41569,non functional
73258,functional
54638,functional
5763,functional
31499,non functional
58767,non functional
55614,functional
24825,functional
42075,functional
20009,functional
72647,functional
59598,non functional
16547,non functional
2682,functional needs repair
23096,functional
27921,non functional
22980,functional
31770,functional needs repair
18846,functional
29971,non functional
50820,functional
67123,functional
21351,non functional
65045,functional
30462,non functional
54285,functional
30885,functional needs repair
64476,functional
42418,functional
13538,functional
33625,functional
34592,non functional
22015,functional
52178,non functional
36153,non functional
44391,non functional
65595,functional
35804,functional needs repair
51365,functional
45760,non functional
4251,non functional
9884,functional
551,functional needs repair
21651,functional needs repair
42619,non functional
65059,functional
37534,functional
36188,functional
25440,non functional
62073,non functional
54479,functional
50396,non functional
73068,non functional
736,non functional
13093,non functional
46771,functional
36904,non functional
8960,functional
10654,functional
53860,non functional
59376,non functional
41162,non functional
55880,functional
43086,functional
71196,functional
72464,functional
13749,functional
65702,functional
26608,functional
64820,functional
4896,functional needs repair
58405,non functional
31160,non functional
61478,functional needs repair
22666,non functional
49204,functional
6384,functional
48274,functional
16681,non functional
42838,non functional
52904,functional
15098,non functional
15759,functional
73463,functional
34328,functional
31260,non functional
72852,functional
13492,non functional
53496,functional
71255,functional
2022,non functional
61583,functional
10743,functional
7413,non functional
22998,non functional
21585,non functional
18226,non functional
36527,non functional
67791,non functional
45467,functional
12525,non functional
60046,functional
23033,functional
1225,non functional
49831,functional
2607,functional needs repair
10805,functional
65076,functional
1231,non functional
32486,functional
14770,functional
12090,functional
4383,functional
66463,non functional
16267,functional needs repair
50888,non functional
22888,functional
45294,functional
72570,functional
641,non functional
43461,functional
61667,non functional
19662,functional
1411,functional
7029,functional
21116,functional
58975,functional needs repair
40459,non functional
2667,functional
29007,non functional
29795,functional
42321,functional
18766,functional
70496,non functional
33819,non functional
24059,non functional
23219,functional
16555,functional
10404,functional
66132,functional needs repair
22243,functional
17998,non functional
59207,functional
49613,functional
18580,functional
47280,non functional
11189,functional
52519,non functional
21272,functional
27837,functional
38950,functional
3578,non functional
18950,non functional
46709,non functional
63571,functional
2688,functional
46166,non functional
40353,non functional
18807,non functional
59920,functional
63732,functional
17215,functional
17057,non functional
60447,functional
43767,functional
10875,functional
54128,functional needs repair
24789,functional
34725,functional needs repair
31048,functional
3249,functional
22324,non functional
65785,functional
62826,functional
10630,functional
12152,non functional
45332,non functional
6280,functional
11803,non functional
23666,non functional
42769,functional
46808,functional
65988,functional
58439,non functional
10112,non functional
5639,functional needs repair
65428,functional
57012,non functional
24895,functional
23156,non functional
47181,non functional
63972,functional
57288,non functional
59578,functional
44813,non functional
65317,non functional
73444,non functional
14657,functional
30761,non functional
2189,functional
17491,functional
27804,functional
18514,functional
66470,non functional
25402,non functional
11774,functional
37529,functional
25772,functional
29583,functional
58150,non functional
72532,non functional
31479,functional
8461,functional
10153,non functional
47278,functional
42282,functional
12938,functional
24188,functional
27862,non functional
22423,functional
46357,non functional
50231,non functional
73487,non functional
69386,functional
8533,non functional
11126,non functional
50727,non functional
8046,functional
4769,functional
9761,non functional
52784,functional
55539,functional
44004,functional needs repair
23732,functional
28371,functional needs repair
3516,functional needs repair
60562,functional
8724,functional needs repair
56667,non functional
46217,functional
31422,functional needs repair
33660,functional needs repair
28951,functional
18115,functional
43784,functional
57549,functional
49778,functional
63073,functional
8220,functional
51180,non functional
10890,functional
38499,functional
3383,functional
49392,non functional
56399,functional
10101,functional
8633,functional needs repair
50239,functional
49742,functional
17461,functional
9165,functional
51325,non functional
33915,non functional
16964,non functional
9685,functional
13033,non functional
36597,non functional
19674,functional
5893,non functional
27132,functional
21598,non functional
68470,non functional
43909,functional needs repair
65532,functional
44272,non functional
63043,functional
18107,functional
34396,functional
49156,functional
53465,non functional
22199,functional
14592,non functional
53187,non functional
26793,functional
35230,non functional
3883,functional needs repair
42613,functional
14378,functional
33094,non functional
57942,functional
44138,non functional
5994,non functional
60243,functional
27671,non functional
39250,functional
28753,non functional
8156,non functional
21002,functional needs repair
61283,functional
9371,non functional
62061,non functional
52828,functional
57314,functional
12318,non functional
41848,non functional
16474,non functional
21681,functional
35457,functional needs repair
17309,functional
38977,non functional
49957,functional
20511,non functional
54630,functional
38483,functional
25182,functional
45310,non functional
50528,functional
6915,functional
44708,non functional
39722,functional
2631,functional needs repair
17092,functional
6985,non functional
15799,functional needs repair
615,functional
6129,non functional
34635,functional
27919,functional needs repair
22853,functional
4117,non functional
51471,functional
10281,non functional
3305,functional needs repair
9943,non functional
41458,non functional
22528,non functional
43228,non functional
56543,functional
35066,non functional
54323,functional
24866,functional
68121,functional
5052,functional
58316,non functional
15086,non functional
39086,non functional
14037,non functional
10504,non functional
58111,functional
22796,functional
20162,functional
30711,functional
60520,non functional
71214,functional
69062,non functional
24902,functional
12356,functional
49303,non functional
70045,functional
5881,non functional
31259,non functional
67094,functional
29681,non functional
34060,non functional
71850,functional
8397,non functional
74136,functional
14631,non functional
25976,non functional
35224,non functional
8304,functional
44074,functional
70321,non functional
23960,functional
35914,functional
13280,functional
41123,functional
68036,functional
17988,non functional
57565,non functional
54324,functional
59090,functional
1022,non functional
37993,functional
72218,non functional
13969,functional
23784,non functional
461,non functional
26045,functional
30979,functional needs repair
53334,non functional
11022,non functional
64949,non functional
58013,non functional
10849,functional
69420,functional
45819,non functional
38031,functional needs repair
21964,functional
32332,functional
36455,non functional
25868,non functional
25809,functional needs repair
18509,functional
57774,functional needs repair
30417,functional
69952,functional
70229,functional
35789,non functional
51917,non functional
33151,non functional
39510,non functional
12060,functional
73730,non functional
51046,functional
3654,functional
58269,functional
50311,functional
7396,functional
42035,functional needs repair
23884,functional
53475,non functional
25544,non functional
67487,non functional
68960,functional
29450,non functional
42171,functional
54594,non functional
29235,functional
46240,functional
22202,non functional
30656,functional
67139,non functional
34028,functional
11079,non functional
3524,functional
50691,functional needs repair
69521,non functional
17358,non functional
51070,functional
60588,non functional
69435,non functional
17620,functional
63244,functional
69594,functional
71141,functional
60254,functional
59413,functional
44226,non functional
5858,non functional
9699,functional
11521,non functional
32690,functional
49322,functional
61594,non functional
3791,non functional
32268,non functional
32059,functional
21059,functional
64751,non functional
36305,functional
6081,functional
70662,non functional
72575,functional
22488,functional
43031,non functional
52215,non functional
61642,functional
56574,non functional
67250,non functional
54739,functional
63466,functional
45101,functional
18883,functional
22,functional
3320,functional
73821,non functional
13632,non functional
34176,non functional
38279,functional
57829,non functional
63028,functional
44752,non functional
63970,functional
25031,functional
67217,functional
35603,non functional
12519,non functional
59326,functional
60180,functional
8662,non functional
49836,non functional
22280,non functional
44355,functional
52622,functional
11166,non functional
42682,non functional
23214,functional
57209,non functional
72825,functional
14138,functional needs repair
36512,functional
8330,functional
73744,functional
58937,functional
47099,functional
58621,non functional
667,functional
11382,functional
48038,non functional
14872,functional
25446,functional
48355,non functional
66116,functional needs repair
29825,functional
40132,functional
28298,functional
28312,functional needs repair
52687,functional needs repair
60427,functional
31625,functional
70778,functional
51040,non functional
55552,functional
6518,functional
9788,non functional
18259,functional
19952,non functional
19593,functional
38113,non functional
16502,non functional
43866,functional
13808,functional
46963,functional
58392,functional
58541,non functional
33666,functional
35932,non functional
18065,non functional
63262,functional needs repair
20642,functional
65191,functional
14933,functional
11964,non functional
65009,non functional
436,functional needs repair
61043,functional
46626,non functional
37715,functional
56942,non functional
29012,functional
909,functional
15372,functional needs repair
68037,functional
58966,non functional
11617,non functional
51014,non functional
7184,non functional
44838,non functional
12560,functional
53660,functional
10781,functional
23235,non functional
6426,functional
73748,functional
4,non functional
6,non functional
47350,functional
46070,functional
46204,functional
36890,functional
73239,non functional
61510,non functional
69300,non functional
55703,non functional
36829,functional
12763,functional
23430,non functional
58342,functional
71821,functional
8308,functional needs repair
18273,non functional
25504,non functional
37041,functional
7920,functional
26114,functional
62125,functional needs repair
51158,non functional
41113,functional
57244,functional
46207,non functional
20060,functional
64230,functional
14027,functional
10375,functional
27567,functional
72624,functional
44705,functional
24007,functional
33436,functional
51190,functional
70782,functional
70703,non functional
52028,non functional
60155,functional
17614,non functional
66411,non functional
56043,non functional
44110,non functional
3247,non functional
33755,functional
73881,functional
64371,functional
19104,functional
53275,non functional
58115,non functional
29085,non functional
50421,functional
6931,non functional
52938,functional
12710,functional
58368,non functional
47641,non functional
58442,non functional
7279,functional
4517,functional
68011,functional
44107,functional
36470,functional
18473,non functional
48221,functional
3738,non functional
31944,non functional
5533,functional
46183,non functional
25036,functional
31163,functional
49884,non functional
9766,functional needs repair
33910,non functional
55450,functional
26206,non functional
